0	512	1
0	0	33
0	171	1
0	72	4
0	668	1
0	9	6
0	724	1
0	237	1
0	182	1
0	236	8
0	265	3
0	57	1
0	450	1
0	1487	1
0	927	1
0	833	1
0	328	1
0	213	1
0	340	3
0	252	1
0	253	1
0	681	1
0	150	1
0	1058	2
0	1220	2
0	1141	2
0	151	7
0	570	1
0	554	1
0	652	1
0	923	1
0	559	1
0	44	3
0	412	1
0	399	1
0	631	1
0	244	4
0	690	2
1000	341	5
1000	244	3
1000	274	4
1000	1558	1
1000	366	1
1000	125	1
1000	260	1
1000	234	1
1000	555	1
1000	179	1
1000	261	1
1000	410	2
1000	263	1
1000	867	1
1000	302	1
1000	223	3
1000	650	1
1000	403	1
1000	1329	1
1001	340	6
1001	490	1
1001	223	4
1001	21	1
1001	44	1
1001	117	1
1001	529	1
1001	257	1
1001	438	1
1001	45	1
1002	1496	1
1002	1302	1
1002	395	1
1002	1209	1
1002	311	1
1002	1499	1
1002	757	1
1002	341	3
1002	259	4
1002	1121	2
1002	447	1
1002	829	1
1002	1198	1
1002	769	1
1003	802	1
1003	405	1
1003	1425	2
1003	1127	1
1003	796	1
1003	1331	2
1003	146	1
1003	800	12
1003	1607	1
1003	1470	1
1003	11	1
1003	428	1
1004	886	1
1004	1299	1
1004	901	1
1004	554	1
1004	1308	1
1004	90	1
1004	1017	2
1004	633	1
1004	1496	1
1004	1121	1
1004	769	1
1004	307	1
1004	523	1
1004	241	1
1004	399	1
1004	479	1
1004	1473	1
1004	653	1
1004	972	1
1004	244	1
1004	1178	1
1004	275	1
1004	40	2
1004	682	1
1005	533	1
1005	99	1
1005	223	1
1005	44	1
1005	591	1
1005	399	1
1005	699	1
1005	432	1
1005	1354	1
1005	1237	1
1005	632	1
1005	491	1
1005	578	1
1005	618	2
1005	52	1
1005	71	1
1005	146	1
1005	65	2
1005	1274	1
1005	250	1
1005	90	1
1005	684	1
1005	1241	1
1005	419	1
1006	137	1
1006	727	1
1006	545	1
1006	45	2
1006	241	1
1006	32	2
1006	227	2
1006	1240	1
1006	1481	1
1006	249	1
1006	1066	1
1006	1539	1
1006	1001	1
1006	112	2
1006	53	1
1006	718	1
1006	235	4
1006	1107	2
1006	923	1
1006	997	4
1006	417	3
1006	312	3
1006	111	2
1006	196	3
1006	635	2
1006	547	1
1006	573	1
1006	208	1
1006	886	1
1006	458	1
1006	453	1
1006	1075	1
1006	9	2
1007	1230	1
1007	166	1
1007	828	1
1007	408	1
1007	688	1
1007	46	1
1007	1365	1
1007	1027	1
1007	470	1
1007	236	1
1007	75	1
1007	430	1
1007	134	1
1007	1034	1
1007	671	1
1007	44	3
1008	871	1
1008	343	1
1008	169	1
1008	3	4
1008	128	1
1008	420	1
1008	227	5
1008	551	1
1008	245	1
1008	235	1
1008	146	1
1008	44	2
1009	609	2
1009	148	1
1009	125	1
1009	460	1
1009	391	1
1009	223	1
1009	552	2
1009	703	1
1009	1551	1
1009	871	8
100	531	2
100	125	13
100	1254	1
100	362	1
100	77	6
100	1281	4
100	32	1
100	1276	1
100	545	1
100	45	7
100	85	1
1010	837	1
1010	64	1
1010	374	1
1010	1098	1
1010	160	1
1010	226	2
1010	35	2
1010	477	2
1010	403	1
1010	733	1
1010	62	1
1010	187	1
1010	341	1
1011	42	1
1011	437	1
1011	663	1
1011	234	1
1011	77	1
1011	1209	1
1011	1152	1
1011	1000	12
1011	1287	16
1011	1015	2
1011	646	7
1011	330	6
1012	335	1
1012	3	4
1012	1063	1
1012	62	11
1012	1389	1
1012	507	1
1012	840	1
1012	316	1
1012	1175	1
1012	112	1
1012	1213	1
1012	322	1
1012	728	2
1012	738	1
1012	145	1
1012	44	2
1013	390	1
1013	35	1
1013	1306	1
1013	1197	1
1013	223	2
1013	505	1
1013	260	2
1013	341	1
1013	470	1
1013	1182	1
1013	988	1
1013	191	1
1013	881	1
1013	1312	1
1014	736	1
1014	779	2
1014	403	4
1014	45	32
1014	83	8
1014	847	1
1014	1413	3
1014	1509	1
1014	1555	2
1014	613	1
1014	442	1
1014	98	2
1014	399	5
1014	645	2
1014	1281	1
1014	664	2
1014	986	1
1014	1600	1
1014	587	2
1014	662	3
1014	1536	1
1014	1417	1
1014	32	1
1014	33	1
1014	1550	1
1014	234	1
1014	108	1
1014	972	1
1014	534	2
1014	87	1
1014	268	3
1014	99	3
1014	1145	2
1014	439	11
1014	626	1
1014	479	1
1014	1258	1
1014	223	1
1014	11	1
1014	1160	1
1014	271	1
1014	1027	1
1014	494	1
1014	838	4
1014	195	1
1014	1395	1
1014	216	1
1014	14	5
1014	205	1
1014	248	2
1014	250	5
1014	412	1
1014	372	2
1014	244	2
1014	58	1
1015	538	2
1015	1546	1
1015	184	2
1015	212	1
1015	582	1
1015	485	5
1015	68	1
1015	98	1
1015	22	1
1015	1191	1
1015	1534	1
1015	137	1
1015	27	1
1016	993	1
1016	1253	2
1016	673	1
1016	171	2
1016	1034	2
1016	655	1
1016	760	2
1016	124	1
1016	684	1
1016	399	1
1016	146	1
1016	761	2
1016	732	1
1016	578	1
1017	722	1
1017	223	2
1017	1540	1
1017	712	1
1017	375	1
1017	36	1
1017	333	1
1017	444	1
1017	481	1
1017	16	1
1017	334	1
1017	1055	1
1017	21	21
1018	1538	1
1018	1099	1
1018	491	2
1018	4	1
1018	1088	1
1018	44	1
1018	370	1
1018	672	1
1018	1377	2
1019	1143	5
1019	1323	1
1019	380	1
1019	254	2
1019	1564	1
1019	1247	2
101	128	3
101	60	4
101	22	2
101	277	1
101	1179	1
101	1196	2
101	1604	1
101	937	1
101	1300	4
101	836	1
1020	1328	1
1020	227	1
1020	112	1
1020	129	3
1020	522	1
1020	3	1
1020	279	1
1020	99	1
1020	45	6
1020	174	5
1020	133	4
1020	305	1
1021	224	1
1021	268	1
1021	1437	1
1021	417	1
1021	196	1
1021	204	3
1021	305	1
1021	205	1
1021	1373	1
1021	1351	1
1021	210	9
1021	150	4
1021	45	9
1021	279	1
1021	227	2
1021	129	1
1021	1409	1
1021	1297	1
1021	958	4
1021	308	2
1021	979	4
1021	698	1
1022	1153	1
1022	1216	1
1022	535	1
1022	739	1
1022	1430	1
1022	399	1
1022	1398	1
1022	1209	1
1022	1438	1
1022	1445	1
1022	1257	1
1022	98	1
1022	574	1
1023	6	1
1023	113	1
1023	1545	3
1023	587	1
1023	293	2
1023	87	1
1023	341	1
1023	593	1
1023	169	3
1023	236	3
1023	380	1
1023	291	1
1023	227	1
1023	902	6
1023	45	2
1023	249	3
1023	1070	2
1024	587	1
1024	1011	1
1024	612	1
1024	1369	1
1024	1556	1
1024	223	1
1024	1599	1
1024	578	1
1024	1202	1
1024	136	1
1024	606	1
1025	432	1
1025	1557	1
1025	251	1
1025	247	5
1025	567	2
1025	1493	2
1025	552	3
1025	527	1
1025	431	2
1025	769	2
1026	1350	3
1026	241	1
1026	393	1
1026	355	1
1026	133	1
1026	115	1
1026	925	1
1026	515	1
1027	491	1
1027	410	1
1027	282	1
1027	30	1
1027	672	1
1027	1067	1
1027	1016	1
1027	1547	1
1027	753	1
1027	164	2
1027	223	1
1027	341	1
1027	549	1
1027	608	1
1027	550	1
1027	249	1
1027	1056	4
1027	754	2
1027	168	5
1027	901	1
1027	667	1
1027	264	1
1027	165	1
1027	181	1
1027	1432	1
1027	147	6
1027	146	1
1027	1290	1
1028	208	1
1028	115	3
1028	813	1
1028	621	1
1028	678	1
1028	672	1
1028	155	1
1028	49	1
1028	45	1
1028	401	2
1028	412	1
1028	399	1
1029	913	12
1029	962	2
1029	1217	1
1029	860	1
1029	92	3
1029	1226	1
1029	949	2
1029	732	1
1029	514	2
1029	1063	1
1029	686	1
1029	934	1
1029	685	1
1029	566	2
1029	1126	1
1029	708	1
102	421	2
102	131	1
102	1081	1
102	263	1
102	243	1
102	344	1
102	713	1
102	743	1
102	900	1
102	991	1
102	41	1
102	1575	1
102	45	1
102	414	1
102	36	1
102	1442	1
1030	399	8
1030	1146	1
1030	692	2
1030	0	4
1030	3	1
1030	696	1
1030	160	11
1030	364	1
1030	396	1
1030	1448	1
1030	686	1
1030	1213	1
1030	470	1
1030	169	1
1030	289	1
1030	653	1
1030	705	19
1030	17	1
1030	384	3
1030	633	1
1030	417	4
1031	115	1
1031	392	1
1031	760	2
1031	282	1
1031	1158	2
1031	320	1
1031	724	1
1031	931	1
1031	199	1
1031	1211	1
1031	577	6
1031	682	1
1031	658	2
1032	1406	1
1032	99	2
1032	1266	1
1032	1270	1
1032	1257	1
1032	112	1
1032	895	1
1032	698	1
1032	45	1
1033	763	1
1033	223	1
1033	85	1
1033	1320	1
1033	1043	2
1033	126	1
1033	200	2
1033	1273	23
1033	1076	1
1033	1088	1
1033	11	1
1033	1236	1
1033	1344	1
1033	259	1
1034	264	1
1034	1163	1
1034	1122	1
1034	18	2
1034	1204	1
1034	177	1
1034	684	2
1035	22	1
1035	1126	1
1035	468	1
1035	1349	1
1035	167	4
1035	629	2
1035	1026	4
1036	520	1
1036	1044	1
1036	224	1
1036	1013	5
1036	1070	2
1036	1154	1
1037	118	1
1037	131	1
1037	1033	3
1037	1573	1
1037	1369	1
1037	1565	3
1037	370	4
1037	184	3
1037	101	2
1037	1571	1
1037	1301	1
1037	720	1
1037	330	1
1037	589	1
1037	531	1
1038	760	1
1038	277	3
1038	360	1
1038	724	5
1038	703	1
1038	782	2
1038	643	2
1038	460	1
1038	377	1
1038	410	1
1038	547	1
1038	1127	2
1039	998	1
1039	399	1
1039	412	1
1039	338	1
1039	31	1
1039	234	1
1039	694	1
1039	1196	1
1039	207	1
1039	736	1
1039	320	1
1039	1012	1
1039	531	1
1039	491	1
1039	891	1
1039	1300	1
1039	1378	1
1039	610	1
1039	87	1
1039	161	1
1039	1173	1
1039	1002	1
1039	1379	1
1039	583	1
1039	1238	1
1039	329	1
103	651	1
103	590	1
103	200	1
103	35	1
103	63	3
103	1243	1
103	130	1
103	223	1
103	736	1
103	1223	1
103	362	3
1040	73	3
1040	156	2
1040	871	9
1040	1521	1
1040	482	1
1040	676	2
1040	563	2
1041	226	13
1041	442	1
1041	981	1
1041	44	2
1041	75	1
1041	1237	1
1041	427	1
1041	223	1
1041	885	5
1042	87	1
1042	1245	3
1042	1016	9
1042	33	1
1042	340	1
1042	1441	1
1042	518	2
1043	625	1
1043	1366	1
1043	491	1
1043	957	1
1043	1056	1
1043	732	1
1043	1490	1
1044	1483	2
1044	115	4
1044	999	1
1044	1069	2
1044	1321	1
1044	777	1
1044	1101	1
1044	217	1
1044	257	1
1045	1119	1
1045	334	2
1045	1043	1
1045	797	1
1045	1500	1
1045	865	2
1045	223	6
1045	1199	1
1045	410	1
1045	1419	1
1045	31	1
1045	36	2
1045	63	1
1046	25	1
1046	8	1
1046	274	1
1046	611	1
1046	1353	1
1046	1067	1
1046	841	2
1046	829	1
1046	1336	1
1046	269	1
1047	1074	1
1047	491	5
1047	72	1
1047	1170	1
1047	647	1
1047	516	1
1047	1429	1
1047	953	1
1047	566	4
1047	193	1
1047	578	10
1047	771	1
1047	1255	2
1047	512	4
1047	44	3
1047	438	1
1047	1069	1
1047	9	3
1047	685	1
1047	1366	3
1047	77	1
1047	570	1
1047	74	3
1047	509	2
1048	220	1
1048	438	3
1048	341	1
1048	1170	1
1048	340	2
1048	328	1
1048	45	2
1048	860	1
1048	35	1
1048	1156	1
1048	737	1
1048	1036	1
1048	1378	1
1048	414	1
1048	223	1
1048	143	10
1048	451	1
1048	738	1
1048	412	1
1048	647	3
1048	512	1
1048	1020	1
1048	600	1
1048	566	1
1048	36	2
1048	19	2
1049	44	3
1049	600	1
1049	715	1
1049	1445	2
1049	358	3
1049	1498	1
1049	1303	1
1049	330	1
1049	1287	1
1049	1531	1
1049	1408	1
1049	663	2
1049	533	1
1049	514	1
1049	32	1
1049	179	1
1049	410	4
1049	1029	1
1049	585	3
1049	1523	1
1049	4	1
1049	694	1
104	134	4
104	1219	1
104	1475	1
104	137	2
104	1191	1
104	727	1
104	1029	1
104	519	2
104	743	1
1050	412	1
1050	645	1
1050	697	1
1050	250	11
1050	434	2
1050	655	1
1050	503	6
1050	1272	1
1050	399	2
1050	167	1
1050	184	13
1050	212	3
1050	439	1
1051	260	1
1051	673	1
1051	368	1
1051	126	1
1051	838	1
1051	479	1
1051	491	1
1051	693	1
1051	682	1
1051	201	1
1051	1290	1
1051	226	1
1051	253	1
1051	1265	1
1051	75	10
1051	45	4
1051	1542	3
1051	593	2
1051	295	1
1051	712	1
1051	1199	1
1051	522	1
1052	712	1
1052	862	1
1052	329	1
1052	522	2
1052	45	7
1052	500	1
1052	365	1
1052	115	2
1052	101	1
1052	630	1
1052	848	1
1052	1450	1
1052	250	1
1052	570	1
1052	129	1
1052	472	2
1052	181	1
1052	133	1
1052	961	1
1052	150	3
1052	146	1
1052	340	1
1052	761	2
1053	50	1
1053	897	1
1053	108	16
1053	236	1
1053	1152	1
1053	1461	1
1053	164	1
1053	472	1
1053	615	1
1053	45	5
1053	112	5
1053	150	4
1054	655	1
1054	114	1
1054	337	1
1054	1114	1
1054	966	1
1054	587	1
1054	219	2
1054	135	1
1055	1543	2
1055	491	1
1055	65	1
1055	157	2
1055	99	1
1055	305	1
1055	396	2
1055	450	1
1055	45	1
1055	227	1
1055	673	1
1055	417	1
1055	196	1
1055	168	1
1055	413	1
1055	147	1
1056	982	1
1056	44	2
1056	750	1
1056	343	1
1056	266	1
1056	628	1
1056	1049	2
1056	1572	1
1056	197	1
1056	45	2
1056	1358	1
1056	681	1
1056	208	1
1056	1441	1
1056	190	2
1056	1394	1
1056	711	1
1056	1540	1
1057	764	1
1057	542	1
1057	45	4
1057	137	1
1057	995	1
1057	150	1
1057	1260	1
1057	1445	1
1057	252	1
1057	828	1
1057	1569	1
1057	620	1
1057	472	1
1057	112	2
1057	760	2
1057	1602	1
1057	44	1
1057	593	1
1057	106	1
1058	830	1
1058	132	1
1058	1336	1
1058	894	1
1058	995	1
1058	1455	1
1058	440	1
1058	261	1
1058	330	1
1058	1408	1
1058	676	1
1058	1443	1
1058	1578	1
1058	249	1
1058	223	1
1058	491	1
1059	894	1
1059	662	1
1059	1084	2
1059	1163	1
1059	174	1
1059	147	1
1059	239	1
1059	683	1
1059	419	1
1059	527	1
1059	1158	2
1059	437	1
105	135	2
105	183	1
105	220	23
105	1012	1
105	79	1
105	1276	1
105	702	1
105	946	1
105	18	1
105	1561	1
105	346	1
105	99	2
105	1544	1
105	44	1
105	611	1
1060	1273	1
1060	223	1
1060	85	1
1060	410	1
1060	245	1
1060	491	1
1060	1384	1
1060	1012	1
1060	747	1
1060	378	1
1060	246	1
1060	1208	2
1061	1138	1
1061	1369	1
1061	399	2
1061	163	1
1061	1233	1
1061	1508	1
1061	387	1
1061	800	1
1061	1060	1
1061	24	1
1061	266	1
1061	628	1
1061	229	2
1061	253	1
1061	36	1
1062	159	1
1062	88	2
1062	197	1
1062	850	1
1062	1403	1
1062	1181	1
1062	328	2
1062	305	1
1062	940	1
1063	114	1
1063	455	1
1063	5	1
1063	617	1
1063	146	1
1063	85	1
1063	112	1
1063	4	2
1063	578	3
1063	90	1
1063	253	1
1064	898	1
1064	1119	1
1064	149	1
1064	742	1
1064	1141	1
1064	992	1
1064	1309	1
1064	1085	1
1064	1525	1
1064	658	1
1064	206	1
1064	213	1
1065	1530	1
1065	223	1
1065	878	1
1065	1279	1
1065	370	1
1065	205	1
1065	1004	2
1065	156	1
1065	27	1
1066	645	1
1066	1209	1
1066	922	1
1066	45	7
1066	365	1
1066	545	1
1066	1553	1
1066	1189	1
1066	67	4
1066	491	1
1066	1315	3
1067	625	2
1067	769	6
1067	811	2
1067	1458	1
1067	456	1
1067	414	2
1067	1021	1
1068	1560	1
1068	311	1
1068	1476	1
1068	1349	1
1068	1435	1
1068	1521	1
1068	947	1
1069	1421	3
1069	282	1
1069	21	1
1069	1194	3
1069	407	1
1069	1150	1
1069	938	1
1069	334	1
1069	244	4
106	136	1
106	176	1
106	206	7
106	197	1
106	30	1
106	317	1
106	856	9
106	397	18
106	213	2
106	1561	1
106	249	1
106	889	2
106	1601	3
106	244	1
106	974	3
106	1325	1
106	1190	3
106	172	1
106	1115	1
106	776	1
106	1220	3
106	0	3
106	516	5
106	647	5
1070	1074	1
1070	447	1
1070	920	1
1070	1084	3
1070	625	1
1070	236	1
1070	451	1
1070	234	1
1070	14	1
1070	44	1
1070	1133	1
1070	1180	1
1070	1558	1
1070	987	1
1070	244	2
1070	403	1
1071	1461	1
1071	45	1
1071	427	4
1071	754	1
1071	711	1
1071	1211	1
1072	166	1
1072	244	1
1072	13	1
1072	1310	1
1072	227	1
1072	1306	1
1072	1118	1
1072	1422	1
1072	44	1
1072	1559	1
1072	28	2
1072	1293	1
1072	1284	1
1072	1153	2
1072	982	2
1072	875	1
1073	431	1
1073	1007	1
1073	1101	1
1073	253	1
1073	734	1
1073	88	3
1073	305	1
1073	903	2
1073	487	1
1074	831	1
1074	1532	1
1074	717	1
1074	98	1
1074	411	1
1074	412	1
1074	399	1
1074	780	1
1074	1331	1
1074	482	1
1074	223	1
1074	713	1
1074	1442	1
1074	491	1
1075	827	1
1075	126	1
1075	334	1
1075	627	1
1075	73	1
1075	473	1
1075	695	1
1075	1106	1
1075	421	1
1076	1294	3
1076	1234	1
1076	247	1
1076	1226	1
1076	493	2
1076	599	2
1076	1083	1
1076	1467	1
1076	6	1
1076	746	1
1076	690	1
1076	547	1
1076	35	1
1077	389	3
1077	362	1
1077	323	1
1077	1252	3
1077	302	4
1077	1165	1
1077	341	3
1077	1024	1
1078	1128	1
1078	1127	1
1078	1183	1
1078	363	4
1078	1287	2
1078	1408	1
1078	1000	1
1078	980	1
1078	675	1
1078	1337	1
1078	234	1
1079	1175	3
1079	727	1
1079	192	3
1079	1069	1
1079	685	1
1079	491	3
1079	730	1
1079	340	1
1079	223	1
1079	1523	1
1079	200	2
1079	410	1
1079	114	1
1079	217	1
1079	675	1
1079	630	1
1079	35	1
1079	1435	1
1079	481	1
107	137	1
107	45	2
107	151	1
107	277	1
107	340	1
107	87	1
107	259	1
107	837	1
107	829	1
107	173	1
107	483	1
1080	1450	1
1080	779	1
1080	697	1
1080	1423	1
1080	104	1
1080	657	1
1080	1448	1
1080	45	1
1081	703	1
1081	1031	2
1081	389	1
1081	1215	1
1081	1080	2
1081	363	4
1081	200	3
1081	15	2
1081	788	1
1081	302	2
1082	306	1
1082	185	1
1082	1076	2
1082	1552	3
1082	167	1
1082	33	1
1082	223	1
1082	1339	1
1082	1554	1
1082	480	1
1082	1165	1
1082	1393	1
1082	905	2
1082	182	2
1082	205	2
1082	646	3
1082	972	1
1083	1023	1
1083	684	1
1083	48	1
1083	1474	33
1083	913	1
1083	949	1
1083	578	1
1083	491	1
1083	732	1
1083	953	1
1083	910	1
1083	67	1
1083	637	1
1083	115	1
1083	500	1
1083	63	1
1083	536	1
1083	981	1
1083	837	2
1083	118	3
1083	636	1
1083	939	2
1083	146	1
1083	147	2
1083	233	1
1083	1028	1
1083	45	1
1083	378	1
1083	819	1
1083	49	5
1083	182	2
1083	413	2
1083	1387	1
1083	1163	1
1084	1194	3
1084	1241	1
1084	640	1
1084	1111	1
1084	159	1
1084	260	1
1084	682	1
1084	660	1
1084	223	1
1084	769	1
1084	4	1
1084	1521	1
1084	1433	1
1084	363	1
1085	498	1
1085	76	2
1085	902	2
1085	1122	1
1085	874	1
1085	1153	3
1085	1502	1
1085	252	1
1085	1132	2
1085	1600	1
1085	422	2
1085	213	1
1085	1107	1
1086	789	1
1086	472	2
1086	790	1
1086	1225	1
1086	543	1
1086	593	1
1086	343	4
1087	1286	2
1087	35	1
1087	410	2
1087	223	1
1087	174	1
1087	210	1
1088	1511	1
1088	89	1
1088	45	2
1088	1482	1
1088	101	1
1088	125	1
1088	1234	1
1088	1	1
1088	743	1
1088	1170	1
1089	940	1
1089	33	1
1089	662	1
1089	1334	1
1089	16	1
1089	206	1
1089	395	1
1089	36	2
1089	1226	2
108	724	1
108	717	3
108	402	1
108	138	3
108	143	2
108	74	2
108	102	3
108	1227	1
108	231	1
108	93	2
108	589	2
108	342	1
108	1255	6
1090	1081	1
1090	1216	1
1090	223	7
1090	1083	1
1090	611	4
1090	995	1
1090	421	2
1090	36	2
1090	1191	1
1090	1489	1
1091	468	1
1091	637	1
1091	44	1
1091	616	1
1091	213	1
1091	561	1
1091	749	1
1092	1189	1
1092	529	1
1092	187	1
1092	444	3
1092	1517	1
1092	1296	1
1092	948	1
1092	544	1
1092	1556	1
1092	358	1
1092	700	1
1093	382	1
1093	938	1
1093	117	2
1093	280	1
1093	1605	1
1093	1580	1
1093	1360	2
1093	724	1
1093	1371	1
1093	19	1
1093	834	1
1093	1533	1
1093	462	1
1093	223	1
1093	594	1
1093	1201	1
1094	862	1
1094	223	1
1094	610	2
1094	259	1
1094	460	1
1094	220	1
1094	584	1
1094	1481	1
1095	706	1
1095	150	1
1095	1552	1
1095	157	1
1095	945	1
1095	760	1
1095	1371	1
1095	558	1
1095	44	1
1095	1263	1
1095	45	2
1096	1273	1
1096	758	1
1096	584	1
1096	494	1
1096	484	1
1096	970	1
1096	948	1
1096	249	1
1096	536	1
1096	32	1
1096	220	1
1096	1024	1
1096	63	1
1096	590	1
1096	403	1
1097	1064	1
1097	85	1
1097	412	1
1097	566	1
1097	1512	2
1097	7	1
1097	742	1
1097	587	1
1097	1513	2
1097	118	1
1097	22	1
1097	428	1
1097	410	2
1097	1039	1
1097	125	3
1097	1567	1
1097	454	1
1097	611	1
1098	1035	1
1098	797	1
1098	1215	1
1098	302	1
1098	1223	2
1098	1024	1
1098	1445	1
1098	341	2
1098	1371	1
1098	938	5
1098	719	1
1098	747	1
1098	811	1
1099	447	1
1099	714	1
1099	566	1
1099	197	3
1099	1245	3
1099	327	1
1099	318	2
1099	410	2
1099	940	2
1099	645	1
1099	643	2
109	45	3
109	795	1
109	457	1
109	33	1
109	1293	1
109	779	1
109	58	1
109	600	1
10	11	1
10	278	2
10	653	1
10	260	2
10	1052	2
10	75	1
10	343	2
10	19	1
10	679	1
10	410	1
10	1241	1
10	903	1
10	236	1
10	682	1
10	1473	1
10	457	1
10	782	1
10	1488	1
10	769	1
10	1089	1
1100	763	1
1100	1175	1
1100	995	1
1100	144	1
1100	389	2
1100	1559	1
1100	578	1
1100	491	1
1100	732	1
1100	1535	1
1100	720	1
1100	223	1
1100	1024	1
1100	321	1
1100	85	1
1100	862	4
1100	266	1
1100	658	1
1100	1044	4
1101	258	5
1101	340	1
1101	850	1
1101	738	1
1101	907	1
1101	216	1
1101	885	1
1101	682	2
1101	1085	1
1102	1364	4
1102	1070	1
1102	335	1
1102	31	2
1102	1175	1
1102	45	1
1102	1234	1
1102	35	1
1102	1429	4
1102	685	1
1102	324	2
1102	447	1
1102	1420	1
1102	491	2
1103	1015	1
1103	323	2
1103	903	1
1103	778	1
1103	530	1
1103	90	2
1103	429	2
1103	76	2
1103	42	1
1104	1228	1
1104	184	1
1104	551	7
1104	1280	1
1104	304	2
1104	650	1
1104	1037	5
1104	242	1
1104	538	1
1104	984	1
1104	1599	1
1104	1098	1
1104	250	3
1104	1397	1
1105	301	2
1105	312	1
1105	545	1
1105	164	1
1105	127	1
1105	1388	1
1105	112	1
1105	268	1
1105	929	1
1105	650	1
1105	1034	1
1105	45	2
1105	1173	1
1106	453	1
1106	40	1
1106	901	1
1106	558	1
1106	735	1
1106	1234	1
1106	575	1
1106	1173	1
1106	566	2
1106	44	1
1106	173	5
1106	944	1
1106	1299	2
1106	91	3
1106	1279	1
1106	1285	1
1106	351	1
1106	469	1
1107	76	1
1107	1152	1
1107	370	1
1107	454	1
1107	764	1
1107	655	1
1107	1331	1
1107	730	1
1107	84	2
1107	1323	1
1107	1078	1
1107	326	1
1107	91	1
1108	389	5
1108	1209	1
1108	1459	1
1108	421	1
1108	944	1
1108	763	2
1108	419	1
1108	546	1
1108	1369	1
1109	708	1
1109	840	1
1109	732	1
1109	90	1
1109	585	2
1109	770	1
1109	113	1
1109	115	1
1109	1563	1
1109	787	1
1109	1128	1
1109	230	1
1109	1031	1
1109	134	1
110	695	1
110	141	1
110	239	1
110	1533	1
110	85	3
110	410	2
110	230	1
110	399	1
110	411	1
110	412	1
110	423	1
1110	76	1
1110	578	1
1110	491	1
1110	1254	1
1110	412	1
1110	90	1
1110	1127	1
1110	1586	2
1110	1340	1
1111	435	1
1111	389	1
1111	484	1
1111	455	7
1111	1226	1
1111	45	1
1111	44	2
1111	1605	1
1111	1060	1
1111	1383	2
1111	769	1
1111	412	1
1111	32	3
1111	427	2
1111	99	1
1111	286	1
1112	223	1
1112	187	1
1112	108	1
1112	1604	1
1112	1072	1
1112	906	1
1112	966	1
1112	457	2
1112	410	2
1112	445	1
1112	1154	1
1113	410	4
1113	141	1
1113	1247	1
1113	125	1
1113	829	1
1113	340	4
1113	1564	1
1113	1279	1
1113	47	1
1113	682	1
1113	90	1
1113	257	1
1113	927	1
1114	880	1
1114	1240	1
1114	223	1
1114	660	2
1114	847	1
1114	341	1
1114	817	1
1114	69	1
1114	403	2
1114	440	1
1114	683	1
1114	1587	1
1114	244	1
1114	1133	1
1114	1583	1
1114	1460	1
1115	1552	1
1115	428	1
1115	51	1
1115	223	1
1115	588	1
1115	1143	4
1115	1440	1
1115	389	1
1115	490	1
1115	345	1
1115	776	1
1115	403	1
1115	341	1
1115	639	2
1115	184	1
1115	1207	1
1116	1094	3
1116	235	3
1116	1305	1
1116	919	2
1116	1149	2
1116	23	3
1116	705	4
1116	1205	1
1116	664	3
1116	742	1
1116	340	2
1116	880	1
1116	53	2
1116	1575	1
1116	227	1
1116	479	1
1116	933	1
1117	814	1
1117	1224	1
1117	1	2
1117	695	1
1117	173	1
1117	423	1
1117	688	1
1117	589	1
1117	44	2
1117	1191	1
1117	207	1
1118	390	1
1118	1107	1
1118	1211	1
1118	619	1
1118	1605	1
1118	882	1
1118	603	1
1118	1594	1
1118	643	5
1118	313	1
1118	249	1
1119	638	1
1119	647	1
1119	1025	1
1119	516	1
1119	260	1
1119	151	3
1119	93	1
1119	1220	5
1119	111	1
1119	1108	1
1119	227	1
1119	1479	1
1119	823	1
1119	1397	2
111	470	1
111	99	3
111	146	36
111	210	1
111	45	3
111	1414	1
111	450	1
111	1293	2
111	1326	1
111	1564	1
111	642	3
111	1327	1
111	483	1
111	203	1
111	1034	1
111	188	1
111	249	1
111	206	1
111	197	1
111	1170	1
111	919	1
1120	427	2
1120	418	2
1120	1495	1
1120	1127	2
1120	494	1
1120	186	1
1120	1225	1
1120	1033	1
1120	414	1
1120	1399	1
1120	457	1
1120	922	1
1120	1412	1
1120	485	1
1121	1156	5
1121	1367	1
1121	108	1
1121	1441	1
1121	87	1
1121	787	1
1121	1067	1
1121	117	1
1121	572	1
1121	447	2
1121	36	1
1121	498	2
1121	1131	1
1121	35	1
1121	414	1
1121	578	1
1121	1202	1
1121	491	1
1122	1306	1
1122	681	1
1122	642	2
1122	1421	1
1122	28	1
1122	33	1
1122	333	1
1122	1541	2
1122	1385	1
1122	146	1
1122	804	1
1122	46	1
1122	1227	2
1122	44	3
1122	682	1
1122	925	1
1122	205	12
1122	646	13
1122	1363	1
1122	570	2
1122	383	3
1122	1268	1
1122	1516	1
1122	216	2
1122	321	1
1122	223	1
1122	494	1
1122	522	1
1122	641	2
1123	599	11
1123	1197	1
1123	264	1
1123	150	1
1123	681	1
1123	18	1
1123	45	1
1123	1155	1
1123	195	1
1123	1258	1
1123	399	1
1123	75	1
1123	716	1
1123	682	1
1123	925	1
1123	206	1
1123	1072	1
1123	631	2
1124	183	1
1124	1325	1
1124	171	1
1124	1260	1
1124	298	1
1124	1217	1
1125	578	1
1125	491	1
1125	723	1
1125	1141	2
1125	702	7
1125	1119	2
1125	862	1
1125	410	1
1125	1293	1
1125	549	1
1126	641	2
1126	680	1
1126	805	1
1126	1350	1
1126	638	1
1126	739	1
1126	1170	2
1126	1572	1
1126	471	2
1126	116	1
1126	1162	1
1126	539	1
1126	81	1
1126	1227	1
1126	1007	1
1126	988	2
1127	270	1
1127	223	1
1127	995	1
1127	36	2
1127	1008	1
1127	1131	1
1127	837	1
1127	280	2
1127	428	1
1127	846	2
1127	1119	1
1127	780	1
1127	1303	1
1127	430	1
1128	100	3
1128	32	1
1128	370	2
1128	1441	2
1128	326	1
1128	925	1
1129	164	1
1129	150	1
1129	171	2
1129	439	1
1129	895	1
1129	343	1
1129	1293	1
1129	44	1
1129	119	1
1129	174	1
1129	133	3
1129	184	8
1129	244	3
1129	245	1
1129	1037	10
1129	1448	3
112	353	1
112	102	1
112	74	1
112	1108	1
112	647	1
112	559	1
112	682	1
112	154	1
112	512	1
112	45	1
112	257	1
1130	685	1
1130	511	2
1130	45	2
1130	6	1
1130	840	5
1130	137	1
1130	1066	1
1130	1224	1
1130	786	1
1131	774	2
1131	45	3
1131	1173	11
1131	364	2
1131	621	1
1131	630	1
1131	376	1
1132	1565	1
1132	535	1
1132	724	9
1132	833	1
1132	1331	1
1132	489	2
1132	89	1
1132	250	1
1132	651	1
1132	247	1
1132	407	1
1132	1554	1
1132	259	1
1132	393	1
1132	451	1
1132	187	1
1132	45	5
1132	32	1
1133	1204	1
1133	807	1
1133	1472	1
1133	553	2
1133	18	1
1133	44	3
1133	1375	1
1133	145	3
1133	169	8
1133	323	2
1133	1434	1
1133	378	1
1134	1400	1
1134	137	1
1134	482	1
1134	676	1
1134	223	1
1134	1011	5
1134	611	1
1134	45	1
1134	1069	1
1134	1233	1
1135	558	3
1135	1264	5
1135	371	1
1135	99	4
1135	699	2
1135	1362	1
1135	450	1
1135	388	1
1135	1206	3
1135	1002	1
1135	112	1
1135	75	2
1135	181	9
1135	165	8
1135	139	1
1135	89	1
1135	903	1
1135	472	1
1135	129	7
1135	146	3
1135	522	1
1136	504	1
1136	4	2
1136	115	1
1136	481	1
1136	948	1
1136	1514	1
1136	45	3
1137	215	2
1137	26	4
1137	857	1
1137	340	2
1137	244	1
1137	1594	1
1137	403	2
1137	1174	1
1138	306	1
1138	701	2
1138	986	1
1138	58	1
1138	115	1
1138	1573	2
1138	900	1
1138	785	2
1138	248	2
1138	125	1
1138	99	2
1138	912	14
1138	441	1
1139	992	1
1139	282	3
1139	1141	1
1139	330	1
1139	1413	1
1139	903	1
1139	220	1
1139	1561	1
1139	1414	1
1139	450	1
1139	1501	1
1139	536	1
1139	876	4
1139	682	1
113	74	1
113	231	1
113	402	2
113	57	2
113	342	2
113	717	2
113	151	1
113	773	1
113	559	11
113	1601	1
113	854	2
113	72	1
113	512	1
113	0	1
113	516	2
113	647	3
1140	11	1
1140	972	1
1140	520	1
1140	866	1
1140	480	2
1140	1553	3
1140	1014	1
1140	421	1
1141	223	3
1141	500	1
1141	1371	1
1141	23	1
1141	417	1
1141	479	1
1141	701	1
1141	300	1
1141	75	2
1142	1064	1
1142	1445	1
1142	85	1
1142	489	1
1142	574	3
1142	200	1
1142	403	1
1142	244	1
1143	259	7
1143	451	1
1143	389	1
1143	505	2
1143	410	1
1143	888	1
1143	83	1
1143	1371	1
1143	1170	1
1143	1477	1
1143	837	1
1143	1210	1
1143	391	3
1143	44	1
1144	1550	1
1144	439	8
1144	534	1
1144	250	5
1144	653	1
1144	304	1
1144	45	1
1144	818	1
1145	11	1
1145	1314	16
1145	611	1
1145	244	4
1145	197	2
1145	1234	1
1145	682	1
1146	1536	1
1146	341	1
1146	115	1
1146	371	2
1146	1340	2
1146	1511	5
1146	44	1
1146	567	3
1146	432	1
1146	521	1
1146	429	1
1147	87	1
1147	1430	1
1147	399	1
1147	307	2
1147	722	1
1147	75	1
1147	1098	1
1147	417	1
1147	23	21
1147	479	17
1147	982	1
1147	1075	1
1147	474	1
1147	292	9
1147	45	4
1147	593	1
1148	431	1
1148	299	1
1148	367	1
1148	690	1
1148	408	1
1148	808	3
1148	708	1
1148	1604	1
1148	99	1
1148	166	1
1148	30	1
1148	1599	1
1148	1589	1
1149	1321	1
1149	150	1
1149	1160	1
1149	1115	5
1149	476	3
1149	1240	1
1149	838	1
1149	542	1
1149	264	1
1149	32	1
1149	114	1
1149	399	1
1149	1167	1
1149	562	5
1149	1007	1
114	99	39
114	332	45
114	488	5
114	804	2
114	851	1
114	570	1
114	1347	1
114	383	1
114	64	2
1150	1303	1
1150	1292	1
1150	525	4
1150	947	1
1150	50	1
1150	81	1
1150	1431	1
1151	708	8
1151	114	1
1151	247	1
1151	577	1
1151	399	1
1151	407	1
1151	266	1
1151	410	1
1151	115	1
1151	331	1
1151	665	1
1152	85	1
1152	391	1
1152	403	7
1152	442	1
1152	499	1
1152	1383	1
1152	114	3
1152	605	1
1152	514	24
1152	82	4
1152	862	1
1152	685	1
1152	840	1
1152	883	1
1152	44	1
1153	1302	4
1153	410	1
1153	439	1
1153	546	1
1153	870	4
1153	45	5
1153	295	1
1153	122	2
1153	205	1
1153	22	1
1153	399	2
1153	411	1
1153	446	1
1153	412	2
1153	645	1
1153	589	1
1153	36	2
1153	1081	1
1153	1365	1
1153	444	1
1153	906	1
1153	445	3
1153	435	1
1154	676	1
1154	1402	1
1154	1024	1
1154	44	1
1154	26	1
1154	408	1
1154	266	1
1154	25	1
1154	1172	2
1154	682	1
1154	137	1
1154	755	1
1155	776	1
1155	114	2
1155	428	1
1155	862	1
1155	432	1
1155	588	1
1155	188	1
1155	51	7
1155	223	13
1155	619	3
1155	1189	3
1155	201	1
1155	672	1
1155	187	1
1156	37	1
1156	268	1
1156	203	1
1156	599	2
1156	645	1
1156	412	1
1156	306	1
1156	399	3
1156	738	1
1156	263	2
1156	730	1
1156	585	1
1156	663	1
1156	1376	1
1156	1200	1
1156	859	1
1156	223	1
1156	871	1
1156	1405	1
1156	1217	1
1156	593	1
1156	959	1
1156	631	1
1156	435	1
1156	333	2
1156	300	1
1156	454	1
1156	154	1
1156	457	1
1157	247	1
1157	833	1
1157	797	1
1157	612	1
1157	1533	1
1157	724	1
1158	131	13
1158	311	1
1158	310	1
1158	760	1
1158	41	1
1158	118	1
1158	1099	1
1158	4	1
1158	1513	1
1158	410	2
1158	117	1
1158	45	1
1159	1302	1
1159	377	1
1159	960	1
1159	657	4
1159	184	6
1159	445	2
1159	421	1
1159	585	1
1159	578	1
1159	68	1
1159	546	1
1159	676	1
1159	948	2
1159	186	1
1159	609	1
1159	539	1
1159	708	1
1159	35	1
1159	485	1
1159	192	1
115	390	1
115	371	1
115	45	5
115	115	1
115	146	2
115	331	1
115	1138	1
115	140	11
115	761	1
115	1329	2
115	1605	1
115	1200	1
115	1371	1
115	265	1
115	1524	1
115	260	1
115	1243	1
1160	510	1
1160	45	11
1160	863	2
1160	1371	1
1160	1004	1
1160	564	1
1160	874	1
1161	223	1
1161	249	2
1161	63	60
1161	244	1
1161	190	2
1161	491	1
1162	223	2
1162	95	2
1162	449	1
1162	826	1
1162	476	1
1162	1185	1
1162	253	1
1162	494	2
1162	114	1
1162	903	3
1162	550	1
1162	829	1
1162	252	1
1162	340	1
1162	247	1
1163	428	5
1163	1374	2
1163	1014	1
1163	330	1
1163	375	2
1163	82	1
1163	223	2
1163	1003	1
1163	1209	1
1163	722	1
1164	45	2
1164	517	2
1164	884	1
1164	641	2
1164	375	1
1164	223	4
1164	903	1
1164	1173	1
1164	1418	1
1164	451	1
1164	266	2
1164	107	1
1165	124	1
1165	7	1
1165	1459	1
1165	45	2
1165	1170	1
1165	1344	1
1166	965	1
1166	828	2
1166	471	1
1166	739	1
1166	53	1
1166	227	1
1166	45	1
1166	169	1
1166	620	1
1166	698	1
1166	116	1
1166	860	1
1166	638	1
1166	197	1
1166	1604	1
1167	994	1
1167	109	1
1167	340	1
1167	517	6
1167	4	1
1167	1181	1
1167	1246	1
1167	1175	2
1167	224	9
1167	54	26
1167	236	18
1167	45	10
1167	1318	1
1168	244	1
1168	200	1
1168	1188	2
1168	64	1
1168	1466	1
1168	405	2
1168	159	1
1168	716	1
1168	11	1
1168	1173	1
1168	97	1
1168	234	1
1168	141	1
1168	1502	1
1168	427	1
1168	45	2
1168	195	1
1168	150	4
1168	227	1
1168	1373	2
1168	308	1
1168	390	1
1168	30	1
1169	187	2
1169	1191	2
1169	1453	1
1169	1548	1
1169	1492	1
1169	909	1
1169	99	3
1169	1567	1
1169	584	3
1169	1605	5
1169	1586	1
1169	172	1
1169	1476	1
1169	954	1
1169	451	2
1169	610	1
1169	980	1
1169	802	1
1169	323	3
1169	223	3
1169	871	3
116	1259	1
116	605	1
116	44	2
116	148	1
116	219	6
116	263	2
116	370	3
116	504	3
116	1395	1
116	1306	1
116	769	1
116	1118	2
116	1537	2
116	1034	2
116	186	1
116	113	1
116	99	1
1170	6	1
1170	492	3
1170	66	2
1170	936	1
1170	190	1
1170	205	1
1170	364	3
1170	265	1
1170	1528	1
1170	45	2
1170	1385	1
1170	226	1
1170	592	1
1170	1298	1
1170	939	2
1170	1472	1
1170	411	1
1170	679	1
1170	1265	1
1170	208	1
1170	389	1
1170	1335	1
1170	18	2
1170	1001	1
1170	488	1
1170	1064	1
1170	420	1
1170	182	1
1170	36	1
1171	4	1
1171	578	1
1171	1077	1
1171	218	1
1171	1299	1
1171	420	1
1171	45	2
1172	202	1
1172	1051	1
1172	108	2
1172	45	3
1172	1315	1
1172	418	1
1173	581	1
1173	1085	1
1173	623	1
1173	141	2
1173	451	1
1173	1177	2
1173	395	1
1173	805	1
1173	1146	1
1173	439	1
1173	705	1
1173	751	1
1173	250	1
1173	197	1
1173	66	1
1173	698	1
1174	715	1
1174	669	1
1174	81	1
1174	770	1
1174	1000	1
1174	821	1
1175	1445	1
1175	50	1
1175	370	1
1175	437	1
1175	32	2
1175	45	6
1175	544	3
1175	782	1
1175	153	1
1176	99	1
1176	378	2
1176	130	1
1176	561	1
1176	85	1
1176	1069	1
1176	374	1
1176	544	1
1176	747	1
1176	357	1
1176	895	8
1176	1206	1
1176	1154	1
1176	44	1
1176	254	1
1176	340	1
1176	766	1
1176	782	1
1176	1492	1
1176	45	1
1176	1098	1
1176	384	1
1176	112	1
1176	219	1
1176	1118	1
1177	584	1
1177	1143	1
1177	1189	1
1177	35	1
1177	915	1
1177	1060	1
1177	1182	1
1177	344	1
1177	1100	1
1177	1154	2
1177	1500	1
1177	380	1
1177	1031	1
1177	1243	1
1178	270	1
1178	200	1
1178	1598	2
1178	1501	1
1178	1150	1
1178	837	1
1178	867	1
1178	1210	2
1178	1564	1
1178	246	1
1178	85	1
1179	420	1
1179	79	1
1179	658	1
1179	1154	1
1179	36	1
1179	1031	1
1179	6	1
1179	1088	1
1179	4	1
1179	870	1
1179	76	1
117	149	1
117	151	13
117	851	1
117	169	4
117	343	5
117	98	2
117	1186	1
117	240	3
117	45	1
117	426	1
117	636	1
117	754	1
117	1005	1
117	1392	1
117	1163	1
117	919	1
117	1148	1
117	1122	1
117	923	1
117	1386	1
117	49	2
117	236	1
117	1141	1
117	320	1
117	1255	1
1180	1474	1
1180	1111	1
1180	30	1
1180	452	6
1180	536	5
1180	220	3
1180	1561	1
1180	1054	1
1180	1447	1
1180	182	1
1180	388	2
1181	658	2
1181	46	1
1181	1035	1
1181	575	1
1181	1060	1
1181	634	4
1181	1191	1
1182	809	1
1182	387	1
1182	1313	2
1182	1597	1
1182	630	1
1182	1230	1
1182	399	2
1182	1589	1
1182	1254	11
1182	862	1
1182	253	1
1182	1413	1
1182	45	1
1182	1350	1
1182	1087	1
1183	229	1
1183	904	1
1183	1591	1
1183	145	1
1183	22	1
1183	1128	2
1183	200	1
1183	1065	1
1183	1303	1
1183	15	1
1183	677	1
1183	7	1
1183	41	1
1183	1196	2
1184	299	1
1184	708	1
1184	247	2
1184	460	1
1184	85	1
1184	437	1
1184	118	1
1184	244	5
1184	355	1
1184	1069	1
1184	1346	1
1184	677	9
1184	872	1
1184	184	1
1184	253	1
1184	1407	1
1185	1191	1
1185	1014	1
1185	69	2
1185	1578	1
1185	965	1
1185	1253	2
1185	1043	1
1185	1019	2
1185	758	1
1185	1585	1
1185	73	1
1185	1374	2
1185	520	1
1185	341	1
1185	115	1
1185	625	1
1185	412	1
1185	77	2
1185	645	1
1185	126	1
1186	469	11
1186	3	1
1186	1280	1
1186	453	14
1186	1007	3
1186	1152	1
1186	1361	3
1186	173	5
1186	635	2
1186	886	5
1186	540	2
1186	692	1
1186	633	1
1186	778	2
1186	530	2
1186	1358	1
1186	1326	1
1186	1043	1
1186	1370	1
1186	1548	1
1186	458	3
1186	1221	1
1187	1434	1
1187	1268	1
1187	196	3
1187	44	1
1187	134	1
1187	115	1
1187	823	1
1187	1291	1
1187	1216	2
1187	252	1
1187	268	3
1188	370	1
1188	267	1
1188	590	1
1188	454	2
1188	703	1
1188	445	1
1188	662	1
1188	780	1
1188	653	2
1188	1565	2
1188	455	1
1188	724	1
1188	762	1
1188	1201	1
1189	1502	1
1189	432	1
1189	888	1
1189	220	1
1189	708	1
1189	1289	1
1189	366	2
1189	389	1
1189	6	2
1189	356	1
1189	698	5
1189	45	1
1189	871	3
118	1460	1
118	297	1
118	336	1
118	760	1
118	153	1
118	694	1
118	36	1
118	1456	1
118	19	2
118	33	1
118	965	1
118	1285	1
118	617	1
118	1033	1
118	125	1
118	44	2
118	764	1
118	864	2
118	115	1
118	1056	1
1190	240	2
1190	459	1
1190	777	2
1190	105	1
1190	158	2
1190	1119	5
1190	1173	2
1191	225	1
1191	1471	1
1191	663	1
1191	330	1
1191	1408	1
1191	1531	1
1191	1355	1
1191	399	1
1191	446	1
1191	938	2
1191	1244	3
1191	409	2
1191	229	1
1191	480	1
1191	200	1
1191	627	1
1191	375	1
1191	428	3
1191	1076	1
1191	11	1
1191	1223	6
1191	732	1
1191	709	1
1191	722	2
1192	892	1
1192	30	1
1192	1258	1
1192	431	1
1192	42	1
1192	247	1
1192	1101	1
1192	1428	2
1192	540	1
1192	890	1
1193	283	4
1193	335	23
1193	1100	1
1193	220	1
1193	724	1
1193	954	1
1193	535	2
1194	37	18
1194	36	1
1194	1553	1
1194	859	4
1194	771	2
1194	1179	9
1195	1491	1
1195	250	1
1195	1423	1
1195	556	1
1195	960	1
1195	1033	9
1195	290	1
1195	1303	1
1195	1320	1
1196	318	1
1196	1574	1
1196	1431	1
1196	1201	1
1196	1266	1
1196	137	1
1196	1069	3
1196	6	1
1197	646	1
1197	370	2
1197	32	2
1197	45	1
1197	1066	1
1197	1359	1
1197	190	4
1197	427	2
1197	1170	3
1197	76	1
1198	187	1
1198	340	1
1198	829	1
1198	820	1
1198	223	2
1198	1541	1
1199	944	1
1199	610	5
1199	167	1
1199	1422	1
1199	259	1
1199	1291	1
1199	326	1
1199	1116	1
119	21	1
119	154	1
119	1113	1
119	587	11
119	584	4
119	1142	1
119	362	2
119	22	1
119	1131	2
119	1010	9
119	144	1
119	525	1
119	1603	1
11	12	1
11	166	1
11	890	1
11	167	1
11	533	1
11	1039	1
11	1258	2
1200	45	2
1200	510	1
1200	1298	1
1200	377	1
1200	1296	1
1200	1340	2
1200	872	1
1200	597	1
1200	671	1
1200	96	1
1200	882	6
1200	1201	3
1200	1231	1
1200	434	1
1201	346	2
1201	183	2
1201	266	1
1201	1046	1
1201	144	1
1201	311	1
1201	504	1
1201	624	1
1201	1556	1
1202	1369	1
1202	113	12
1202	257	1
1202	1196	1
1202	1063	2
1202	1175	1
1202	685	2
1202	1366	5
1202	1278	1
1202	224	1
1202	578	3
1202	1161	1
1202	491	2
1202	1281	1
1203	205	1
1203	253	1
1203	247	1
1203	1383	1
1203	387	1
1203	1597	1
1203	85	1
1203	197	1
1203	1359	1
1203	1350	1
1203	244	1
1203	578	3
1203	403	6
1204	472	6
1204	584	1
1204	587	1
1204	1293	1
1204	157	4
1204	823	2
1204	1341	1
1204	842	1
1204	1099	1
1204	1574	1
1204	164	15
1204	347	1
1205	815	1
1205	1192	1
1205	42	1
1205	274	1
1205	304	1
1205	175	1
1205	87	1
1205	633	1
1205	1067	1
1205	457	1
1205	1117	1
1205	244	1
1205	173	2
1205	913	1
1205	958	1
1205	1261	1
1205	279	1
1205	174	1
1205	281	1
1205	969	1
1205	307	1
1205	905	1
1205	763	2
1205	123	2
1205	1461	1
1205	340	1
1205	1136	1
1205	126	1
1205	1439	1
1205	682	2
1206	779	1
1206	491	1
1206	587	1
1206	489	1
1206	802	1
1206	1107	1
1206	144	1
1206	419	1
1206	253	1
1206	431	1
1206	892	1
1206	1248	1
1206	499	1
1206	44	1
1206	1027	1
1206	1570	2
1206	432	1
1206	855	2
1206	800	1
1206	613	1
1207	45	1
1207	133	1
1207	1240	1
1207	208	2
1207	851	1
1207	631	1
1208	702	1
1208	953	1
1208	480	1
1208	484	1
1208	644	3
1208	892	3
1208	341	1
1209	1484	1
1209	770	1
1209	18	1
1209	743	1
1209	391	1
1209	407	1
1209	205	1
1209	115	2
1209	546	1
1209	445	1
1209	1475	1
1209	909	1
1209	456	1
120	808	2
120	156	3
120	889	3
120	1257	3
120	502	1
120	746	2
120	442	1
1210	206	1
1210	1545	1
1210	1089	1
1210	1185	1
1210	1462	1
1210	995	1
1210	1191	1
1210	85	1
1210	777	1
1210	770	1
1210	663	1
1210	670	1
1210	837	1
1211	308	1
1211	1334	1
1211	903	1
1211	967	1
1211	416	2
1211	146	2
1211	3	1
1211	1549	1
1211	551	1
1212	190	1
1212	45	1
1212	113	2
1212	1062	1
1212	840	2
1212	1429	1
1212	1187	1
1212	44	1
1212	1251	1
1212	1202	1
1212	676	1
1213	375	1
1213	502	1
1213	778	1
1213	698	1
1213	807	1
1213	480	1
1213	555	1
1213	223	1
1213	1176	1
1214	1403	1
1214	763	1
1214	893	4
1214	715	10
1214	223	2
1214	665	1
1214	144	1
1214	200	1
1214	702	3
1214	573	1
1215	140	1
1215	1568	1
1215	1321	1
1215	206	1
1215	1226	1
1215	1201	1
1215	371	2
1215	91	1
1215	527	5
1215	253	4
1215	90	2
1215	672	2
1215	213	2
1215	950	1
1216	763	1
1216	403	1
1216	428	1
1216	167	1
1216	1319	1
1216	1210	1
1216	1104	1
1216	889	1
1217	829	3
1217	241	1
1217	1062	1
1217	491	1
1217	769	1
1217	222	1
1217	278	1
1217	426	1
1217	334	1
1217	423	1
1217	249	2
1217	719	2
1217	473	1
1217	216	1
1217	63	1
1217	722	1
1217	340	1
1217	646	1
1218	789	1
1218	282	1
1218	931	2
1218	828	2
1218	44	2
1218	260	1
1218	87	2
1218	276	5
1218	1259	1
1218	738	1
1218	769	2
1218	584	1
1218	1176	1
1218	223	1
1218	460	1
1219	6	1
1219	1229	1
1219	727	1
1219	450	1
1219	578	3
1219	4	1
1219	253	2
1219	44	1
1219	146	1
1219	150	1
1219	169	1
121	627	1
121	158	1
121	972	1
121	428	1
121	1273	1
121	993	1
121	35	1
121	351	1
121	763	1
1220	90	1
1220	421	1
1220	410	1
1220	45	1
1220	177	1
1220	851	1
1220	805	1
1221	926	1
1221	177	5
1221	1551	3
1221	127	1
1221	552	6
1221	32	14
1221	179	19
1222	680	3
1222	893	1
1222	28	1
1222	1316	1
1222	146	1
1222	265	1
1222	662	1
1222	1494	1
1222	399	1
1222	437	1
1222	476	6
1222	603	1
1222	739	2
1222	310	1
1222	991	1
1222	1575	1
1222	112	1
1222	1285	14
1222	1061	2
1222	125	1
1222	185	1
1222	1513	2
1222	558	1
1222	169	2
1222	543	1
1222	1549	1
1222	424	1
1222	585	1
1222	1269	1
1222	760	1
1222	687	1
1222	1384	1
1222	106	1
1223	630	1
1223	44	2
1223	1181	1
1223	236	1
1223	1547	1
1223	330	1
1223	241	1
1224	1311	1
1224	169	13
1224	174	1
1224	45	2
1224	826	1
1224	440	1
1224	133	3
1225	467	1
1225	1301	3
1225	340	1
1225	211	2
1225	378	1
1225	45	7
1225	1519	1
1225	597	1
1225	1177	2
1225	1493	2
1225	12	1
1225	427	1
1226	1370	1
1226	469	1
1226	1063	1
1226	686	1
1226	249	1
1226	343	1
1226	227	1
1226	655	1
1226	635	1
1226	37	1
1226	819	1
1226	99	2
1226	312	4
1226	114	1
1226	806	2
1226	1002	1
1226	206	3
1227	1559	1
1227	691	3
1227	114	1
1227	172	1
1227	457	4
1227	186	1
1228	223	2
1228	389	1
1228	1410	1
1228	419	1
1228	1269	2
1228	1151	1
1228	220	2
1228	536	1
1229	1063	1
1229	491	1
1229	707	1
1229	370	1
1229	590	3
1229	1273	1
1229	223	2
1229	1536	1
1229	587	1
122	159	19
122	809	1
122	145	1
122	1413	2
122	32	1
122	699	2
122	558	1
122	323	2
1230	247	1
1230	253	1
1230	371	2
1230	91	1
1230	179	1
1230	1462	1
1230	699	1
1230	637	1
1230	414	1
1230	1475	1
1230	640	2
1231	1014	1
1231	572	1
1231	769	1
1231	608	1
1231	1067	1
1231	997	1
1231	898	1
1232	657	2
1232	463	1
1232	86	1
1232	467	1
1232	525	1
1232	315	1
1232	1067	1
1232	1117	1
1232	187	1
1232	1303	3
1232	655	1
1232	1513	1
1232	141	1
1232	237	1
1232	44	1
1232	1199	1
1232	395	1
1232	538	1
1232	125	1
1232	904	1
1233	132	1
1233	1043	1
1233	366	1
1233	1279	1
1233	1143	1
1233	1207	1
1233	144	1
1233	223	1
1233	1119	2
1234	202	1
1234	1128	1
1234	1285	1
1234	450	1
1234	1327	1
1234	4	1
1234	465	1
1234	1238	1
1234	155	1
1234	1311	1
1234	364	1
1234	427	1
1234	226	9
1234	99	1
1235	184	1
1235	1405	1
1235	485	1
1235	1065	5
1235	248	1
1235	45	2
1235	197	2
1235	1459	1
1235	334	1
1235	341	2
1235	862	1
1235	1436	1
1235	212	1
1236	97	1
1236	79	1
1236	422	2
1236	413	1
1236	630	1
1236	1315	1
1236	388	1
1236	698	1
1236	1013	1
1236	1312	1
1236	287	1
1236	450	1
1236	683	1
1236	685	1
1237	174	1
1237	523	1
1237	310	1
1237	417	1
1237	507	1
1237	766	1
1237	1286	1
1237	688	1
1237	169	3
1237	1267	1
1237	921	1
1237	587	1
1237	1536	1
1237	1469	1
1237	235	2
1237	944	1
1237	573	1
1237	99	4
1238	320	20
1238	49	1
1238	684	1
1238	823	1
1238	753	1
1238	1163	1
1238	278	1
1238	1305	1
1238	413	1
1238	1505	1
1238	249	1
1239	105	1
1239	263	1
1239	238	1
1239	31	1
1239	1126	1
1239	1553	1
123	1344	1
123	657	2
123	439	1
123	232	1
123	160	6
123	384	5
123	250	6
123	463	1
123	503	1
123	999	1
123	751	1
123	0	1
123	512	1
123	184	1
1240	716	1
1240	447	1
1240	791	1
1240	1140	3
1240	346	1
1240	1018	1
1240	1353	1
1241	285	2
1241	1062	2
1241	89	1
1241	595	1
1241	79	1
1241	1090	1
1241	1438	1
1241	491	1
1241	760	1
1241	391	1
1241	1371	2
1241	437	1
1241	578	1
1241	389	1
1242	390	1
1242	432	1
1242	776	1
1242	1575	1
1242	1275	1
1242	380	1
1242	399	1
1242	26	1
1242	1430	1
1242	597	1
1242	1154	3
1242	639	1
1242	1259	1
1242	1180	1
1243	116	1
1243	467	2
1243	830	1
1243	1594	1
1243	210	2
1243	1425	1
1243	14	5
1243	1007	1
1244	223	1
1244	375	1
1244	334	1
1244	1024	1
1244	583	1
1244	1182	1
1244	760	1
1245	1325	1
1245	1252	1
1245	1289	1
1245	698	1
1245	44	3
1245	473	1
1245	480	1
1245	87	1
1245	1193	1
1246	507	3
1246	988	6
1246	173	12
1246	557	1
1246	589	1
1246	398	2
1246	234	1
1247	303	2
1247	1465	1
1247	1279	1
1247	35	1
1247	1564	1
1247	250	2
1247	212	1
1247	904	1
1247	1602	1
1248	223	1
1248	813	1
1248	1104	1
1248	466	1
1248	399	1
1248	904	1
1248	145	1
1248	84	1
1248	1065	3
1248	15	1
1249	99	1
1249	1360	1
1249	587	1
1249	1531	1
1249	1287	1
1249	1443	1
1249	810	1
1249	833	1
1249	1464	1
1249	223	1
1249	1333	1
1249	1336	1
1249	429	1
1249	1465	3
124	85	1
124	137	1
124	161	4
124	103	3
124	114	1
124	87	1
124	169	2
124	244	2
124	64	1
124	1262	1
124	864	1
124	476	2
124	1258	2
124	83	1
124	385	1
124	1024	1
1250	1229	1
1250	767	1
1250	106	1
1250	676	1
1250	525	1
1250	223	1
1250	536	1
1250	666	2
1250	1320	1
1250	137	1
1250	282	2
1250	1561	1
1251	221	1
1251	1065	1
1251	1505	1
1251	1163	1
1251	1297	1
1251	1602	1
1251	305	1
1251	882	2
1251	95	1
1252	1565	1
1252	457	2
1252	1571	1
1252	1420	1
1252	454	2
1252	724	12
1252	908	1
1252	960	1
1252	186	2
1252	1155	2
1252	1048	4
1253	960	1
1253	779	1
1253	134	1
1253	410	1
1253	708	1
1253	525	1
1253	1291	1
1253	232	1
1253	1556	1
1253	276	1
1253	1517	1
1254	232	1
1254	1455	1
1254	993	4
1254	485	3
1254	908	9
1254	154	16
1254	1405	1
1254	300	1
1254	1139	1
1255	246	2
1255	660	1
1255	370	1
1255	988	1
1255	1321	1
1255	1084	1
1255	32	1
1256	439	1
1256	813	4
1256	248	2
1256	191	1
1256	1098	5
1256	960	2
1256	657	1
1256	184	5
1257	6	1
1257	828	1
1257	235	1
1257	11	3
1257	44	3
1257	1586	1
1257	1316	1
1257	370	3
1257	1391	1
1258	223	2
1258	375	1
1258	1024	3
1258	11	3
1258	1295	4
1258	389	2
1258	1165	5
1258	1536	1
1259	595	1
1259	1319	1
1259	771	1
1259	399	1
1259	277	1
1259	523	1
1259	243	1
1259	200	1
1259	253	1
1259	661	1
1259	1214	1
1259	340	1
1259	1578	1
125	162	1
125	1463	1
125	244	3
125	575	1
125	455	2
125	1088	1
125	243	2
125	1017	1
125	1515	1
125	1583	3
125	1162	1
125	45	2
125	14	2
125	920	1
125	210	2
125	236	2
125	296	1
125	403	3
125	11	1
125	1224	1
125	633	1
125	87	1
125	172	1
125	316	1
125	253	1
125	661	1
125	1518	1
125	90	1
125	44	2
125	593	1
125	1112	1
1260	62	1
1260	328	1
1260	1075	2
1260	578	1
1260	1088	1
1260	1547	1
1260	78	1
1260	654	1
1260	14	1
1260	738	2
1260	44	3
1260	622	2
1260	3	3
1261	1063	1
1261	1013	1
1261	578	2
1261	1161	1
1261	680	1
1261	156	1
1261	1168	1
1261	99	1
1262	180	1
1262	607	1
1262	967	1
1262	491	1
1262	22	1
1262	708	1
1262	599	3
1262	489	1
1262	1083	1
1262	68	1
1262	558	2
1262	431	1
1262	444	1
1262	1292	2
1262	335	1
1262	1154	1
1262	280	1
1262	381	1
1262	39	1
1263	1129	1
1263	718	1
1263	300	1
1263	43	1
1263	128	1
1263	587	1
1263	1079	1
1263	1481	1
1263	521	1
1263	1461	1
1263	157	1
1264	171	2
1264	582	1
1264	223	1
1264	887	1
1264	410	1
1264	45	1
1264	1426	1
1264	157	12
1264	54	15
1264	1410	2
1265	220	1
1265	985	2
1265	20	1
1265	1027	1
1265	252	1
1265	1214	1
1265	661	1
1266	590	1
1266	192	1
1266	536	1
1266	389	1
1266	366	1
1266	1596	1
1266	1169	4
1266	282	5
1266	611	2
1266	1336	1
1266	724	1
1266	742	1
1266	793	1
1266	651	2
1266	1598	1
1267	375	2
1267	862	2
1267	449	1
1267	853	1
1267	1463	4
1267	389	1
1267	490	1
1267	399	1
1267	645	1
1267	987	1
1267	334	1
1267	687	8
1267	930	2
1267	1348	1
1267	187	1
1267	259	1
1267	1135	4
1267	1088	1
1267	229	1
1267	244	2
1267	669	1
1267	1061	1
1267	1125	1
1267	403	1
1267	303	1
1267	225	1
1267	340	1
1267	11	1
1267	223	3
1268	6	1
1268	333	1
1268	44	1
1268	124	1
1268	958	1
1268	32	1
1268	1023	1
1268	205	2
1268	109	1
1268	49	3
1268	1305	1
1268	388	1
1268	1008	1
1268	192	1
1268	1127	3
1268	146	2
1268	347	1
1268	1297	1
1268	250	1
1268	623	1
1268	670	1
1268	566	2
1268	491	1
1268	1088	1
1268	1486	3
1268	174	3
1268	701	1
1268	45	11
1269	1076	1
1269	126	1
1269	432	1
1269	768	1
1269	68	1
1269	351	1
1269	1114	1
1269	404	1
1269	806	1
126	587	2
126	163	1
126	1234	1
126	399	1
126	6	1
126	1420	1
126	586	1
126	273	1
126	643	1
126	1395	1
126	1472	1
126	223	1
126	813	1
1270	371	1
1270	3	1
1270	465	1
1270	312	1
1270	417	1
1270	150	1
1271	517	2
1271	612	1
1271	600	1
1271	58	1
1271	526	1
1271	630	1
1271	515	1
1272	1024	1
1272	1326	1
1272	45	1
1272	442	1
1272	328	1
1272	85	6
1272	410	1
1272	1573	2
1272	1565	2
1272	630	1
1272	114	1
1272	226	1
1273	1416	1
1273	1099	1
1273	1574	1
1273	1242	1
1273	724	1
1273	45	19
1273	1256	1
1273	343	1
1273	488	1
1273	181	5
1273	67	2
1274	87	1
1274	249	1
1274	1431	1
1274	44	4
1274	905	1
1274	796	1
1274	688	1
1274	219	1
1274	953	1
1274	115	1
1274	1442	1
1275	175	1
1275	1065	1
1275	1565	7
1275	985	1
1275	1303	35
1275	1092	1
1275	250	3
1275	439	5
1275	1098	6
1276	739	3
1276	1098	1
1276	669	1
1276	1049	1
1276	121	1
1276	123	1
1276	1384	1
1276	622	1
1276	184	1
1276	306	1
1276	297	1
1276	1130	1
1277	1016	2
1277	1336	1
1277	1547	1
1277	944	1
1277	260	2
1277	1011	2
1277	454	1
1277	814	1
1277	128	1
1277	1239	1
1277	698	1
1278	263	1
1278	238	1
1278	944	1
1278	972	1
1278	952	1
1278	266	3
1278	1207	4
1278	419	1
1278	389	1
1278	1336	1
1278	672	1
1278	644	1
1278	1067	1
1278	187	1
1279	1210	1
1279	573	2
1279	18	1
1279	1476	2
1279	169	2
1279	1329	2
1279	654	4
1279	115	1
1279	630	1
1279	210	6
1279	1035	1
1279	1378	1
1279	174	2
1279	35	2
127	36	7
127	37	7
127	230	6
127	1419	1
127	612	1
127	1598	1
127	667	1
127	878	1
127	760	1
127	410	1
127	1575	1
127	1289	1
127	338	1
127	892	1
127	1143	2
127	380	1
127	1438	1
127	1174	5
127	1277	1
127	1276	1
1280	1532	2
1280	45	2
1280	441	1
1280	1399	1
1280	444	1
1280	1556	1
1280	859	1
1280	154	1
1280	336	1
1280	58	1
1280	223	1
1280	1325	1
1280	1210	1
1280	19	1
1280	340	2
1280	360	1
1280	149	1
1280	822	1
1281	723	1
1281	702	1
1281	1332	3
1281	114	1
1281	126	2
1281	531	1
1281	1119	3
1282	611	3
1282	334	1
1282	223	2
1282	610	2
1282	944	1
1282	829	7
1282	672	2
1282	206	1
1282	249	2
1282	1016	1
1282	1336	1
1282	184	1
1282	212	1
1282	1451	1
1282	194	1
1282	99	1
1282	1140	2
1282	985	8
1282	157	3
1282	30	2
1282	419	1
1283	144	2
1283	1100	1
1283	1510	1
1283	560	1
1283	260	1
1283	925	1
1283	1500	1
1284	1422	1
1284	610	3
1284	244	2
1284	491	1
1284	263	2
1284	968	1
1284	816	2
1284	1115	1
1284	389	2
1284	1554	1
1284	1169	1
1284	334	1
1284	35	1
1284	560	1
1284	905	2
1284	616	1
1285	1119	1
1285	494	1
1285	223	2
1285	658	1
1285	724	1
1285	1269	1
1285	1455	1
1285	269	1
1285	829	1
1286	1599	1
1286	399	1
1286	794	1
1286	219	1
1286	288	1
1286	578	1
1287	688	1
1287	974	2
1287	638	1
1287	151	3
1287	223	2
1287	466	1
1287	27	1
1287	1141	1
1287	1170	1
1287	334	1
1287	1224	1
1288	588	1
1288	1576	4
1288	1150	1
1288	1182	1
1288	491	1
1288	1535	1
1288	1157	1
1289	1324	1
1289	247	1
1289	211	3
1289	22	1
1289	926	1
1289	1465	1
1289	81	1
1289	352	2
1289	112	1
1289	677	1
1289	1086	2
128	3	3
128	1596	1
128	614	2
128	1239	1
128	698	1
128	45	5
128	337	4
128	173	2
128	633	1
128	67	1
128	1315	1
128	205	1
128	453	1
1290	1010	1
1290	650	1
1290	1602	1
1290	1211	2
1290	708	4
1290	1126	1
1290	209	1
1290	457	1
1290	525	1
1290	1011	2
1290	114	2
1290	223	1
1290	763	1
1290	887	1
1291	992	2
1291	1153	1
1291	64	4
1291	1129	1
1291	214	1
1291	397	1
1291	670	1
1291	399	1
1291	645	1
1291	289	1
1291	974	1
1291	398	2
1291	638	1
1291	710	1
1292	1274	1
1292	1465	1
1292	1595	1
1292	658	1
1292	157	2
1292	895	3
1292	45	2
1292	643	4
1292	220	1
1292	587	1
1292	1605	1
1292	1224	1
1292	317	1
1293	210	2
1293	1477	1
1293	1083	1
1293	87	1
1293	341	2
1293	1445	2
1293	555	2
1293	1102	1
1293	760	1
1293	1319	1
1293	1041	1
1293	1248	2
1293	830	1
1293	1310	1
1293	862	2
1293	1223	1
1293	969	2
1293	27	1
1293	769	1
1294	58	1
1294	308	1
1294	1079	1
1294	760	3
1294	1532	1
1294	329	2
1294	1182	1
1294	427	1
1294	481	1
1295	370	1
1295	749	1
1295	220	2
1295	790	1
1295	1541	1
1295	1474	1
1296	833	1
1296	1259	1
1296	708	1
1296	253	1
1296	371	1
1296	4	1
1296	5	1
1296	872	1
1296	442	4
1296	243	1
1296	114	1
1296	1014	1
1296	223	1
1297	341	4
1297	369	1
1297	197	1
1297	672	1
1297	340	3
1297	761	1
1298	417	1
1298	529	1
1298	98	1
1298	1196	2
1298	223	1
1298	1316	1
1298	307	1
1298	173	2
1298	40	1
1299	736	5
1299	655	1
1299	478	1
1299	587	2
1299	44	2
1299	1251	1
1299	1061	1
129	166	1
129	232	80
129	263	18
129	370	1
129	454	1
129	590	3
129	162	1
129	249	1
129	523	1
129	763	12
129	118	2
129	131	1
129	7	2
129	76	1
129	1380	1
129	105	8
129	439	1
129	759	1
129	915	1
129	651	1
129	1536	1
129	611	1
129	850	5
129	1410	4
129	944	1
129	556	1
129	779	1
129	1454	1
129	702	1
129	657	1
129	710	1
129	594	2
129	934	1
129	1369	1
129	156	1
129	1604	2
129	1322	2
129	646	1
129	122	1
129	190	1
12	0	19
12	17	8
12	231	4
12	509	4
12	57	1
12	976	2
12	102	10
12	353	5
12	850	1
12	138	4
12	516	1
12	143	1
12	1255	2
12	193	4
12	74	5
12	992	1
12	72	17
12	775	5
12	151	1
1300	206	1
1300	1445	1
1300	587	1
1300	410	3
1300	153	1
1300	1218	2
1300	890	1
1300	140	1
1300	1069	2
1300	1557	1
1300	540	1
1301	312	4
1301	1052	1
1301	109	1
1301	53	4
1301	426	1
1301	50	1
1301	445	1
1301	44	2
1301	204	6
1301	1197	1
1301	1368	1
1302	783	4
1302	244	1
1302	370	1
1302	744	1
1302	1566	1
1302	677	1
1303	45	2
1303	182	1
1303	866	1
1303	1593	1
1303	340	3
1303	514	1
1303	1065	1
1303	263	1
1303	919	1
1304	1123	1
1304	76	1
1304	1264	1
1304	223	1
1304	32	2
1304	70	1
1304	27	1
1304	1404	1
1304	621	1
1304	734	1
1305	913	1
1305	1502	1
1305	1438	1
1305	613	1
1305	92	2
1305	1124	2
1305	962	1
1305	491	1
1305	741	2
1305	1100	1
1305	934	2
1305	594	1
1305	38	1
1305	305	1
1305	675	3
1305	1442	1
1305	499	1
1306	869	1
1306	987	1
1306	535	1
1306	411	1
1306	221	2
1306	2	1
1306	385	1
1306	259	1
1306	260	2
1307	118	1
1307	187	1
1307	1178	1
1307	1158	1
1307	1592	1
1307	495	1
1307	527	3
1307	1586	2
1307	1539	1
1307	1347	1
1307	45	2
1307	682	2
1308	1246	1
1308	842	1
1308	483	1
1308	1483	1
1308	1444	1
1308	297	3
1308	371	1
1308	91	2
1308	1241	2
1308	1001	1
1308	45	2
1308	918	1
1308	291	1
1308	961	1
1309	179	1
1309	479	1
1309	122	1
1309	1259	1
1309	22	2
1309	1398	1
1309	412	1
1309	137	1
130	167	1
130	569	1
130	205	6
130	525	2
130	1163	2
130	753	1
130	99	2
130	45	2
130	150	1
130	144	1
130	1358	2
130	533	7
130	22	1
130	147	1
130	146	3
130	297	2
1310	171	2
1310	800	1
1310	44	3
1310	598	1
1310	1282	1
1310	411	1
1310	1445	1
1310	1605	1
1310	862	1
1310	838	1
1310	75	1
1310	521	1
1310	713	1
1310	1069	1
1310	1202	1
1310	1371	2
1310	670	1
1310	217	1
1310	563	1
1310	1142	5
1310	478	2
1310	146	1
1310	753	1
1310	206	1
1310	1112	1
1310	798	1
1310	537	1
1310	682	1
1310	134	1
1310	621	1
1310	53	1
1310	227	1
1310	1503	1
1310	45	1
1310	1521	1
1310	578	3
1310	1259	1
1310	1397	1
1310	1288	1
1310	14	1
1311	1148	1
1311	1351	1
1311	48	1
1311	171	3
1311	157	1
1311	542	3
1311	1016	2
1311	628	1
1311	549	1
1311	206	2
1311	640	1
1311	903	1
1311	174	2
1311	1241	1
1312	413	3
1312	1305	2
1312	1316	1
1312	489	1
1312	761	1
1312	146	2
1312	45	1
1312	1347	1
1312	66	2
1312	1505	1
1312	1148	1
1312	919	3
1312	388	1
1312	281	1
1312	1023	1
1312	263	1
1312	125	2
1312	595	2
1312	962	1
1312	566	2
1312	431	1
1312	247	1
1312	1388	2
1312	592	1
1312	99	1
1312	396	1
1312	1363	1
1312	1069	1
1312	491	1
1312	1297	2
1312	437	3
1312	32	1
1312	259	1
1312	187	1
1312	672	1
1312	174	2
1312	312	1
1313	1151	1
1313	1079	1
1313	693	1
1313	1208	1
1313	950	1
1313	752	1
1313	760	1
1313	1371	1
1313	81	1
1313	1184	1
1313	830	1
1314	125	5
1314	217	1
1314	442	1
1314	200	3
1314	482	1
1314	115	1
1314	44	2
1315	946	1
1315	566	1
1315	841	3
1315	215	1
1315	389	1
1315	1353	1
1315	1086	1
1315	1208	1
1315	638	1
1315	274	2
1315	327	1
1315	943	1
1315	536	1
1315	340	1
1315	1124	1
1315	220	7
1316	846	1
1316	821	3
1316	1502	1
1316	1201	1
1316	741	2
1316	499	1
1316	31	1
1316	86	1
1316	1065	1
1316	192	1
1316	399	1
1316	322	1
1316	511	1
1316	244	1
1317	814	1
1317	578	1
1317	399	1
1317	422	1
1317	805	1
1317	1379	4
1317	192	2
1318	1378	1
1318	1118	1
1318	115	6
1318	966	1
1318	1406	1
1318	410	1
1319	32	1
1319	1203	1
1319	1420	1
1319	58	1
1319	44	1
1319	1251	1
1319	1192	1
1319	45	1
131	951	1
131	168	1
131	171	2
131	489	1
131	266	1
131	374	1
131	71	2
131	418	1
131	64	73
131	749	1
131	529	1
131	30	1
131	621	1
131	79	1
131	1197	1
131	522	1
131	403	1
131	1289	1
131	6	1
131	589	1
131	399	1
131	44	3
131	437	1
131	237	1
131	1012	1
131	29	1
131	905	1
131	488	1
131	195	1
131	1074	1
131	1526	2
131	513	4
131	7	1
131	1447	1
131	1189	1
131	405	3
131	419	1
131	319	1
131	771	1
131	578	1
131	1090	1
131	479	1
131	226	1
131	439	1
1320	1321	1
1320	146	1
1320	687	1
1320	578	1
1320	491	1
1320	1535	1
1320	1239	1
1320	529	1
1320	397	1
1320	891	1
1320	85	1
1320	44	2
1321	18	1
1321	263	1
1321	395	1
1321	687	2
1321	549	1
1321	1254	1
1321	1036	2
1321	312	1
1321	971	4
1321	293	1
1321	45	2
1321	161	2
1321	169	1
1321	997	5
1322	826	1
1322	479	1
1322	305	1
1322	488	1
1322	18	1
1322	208	2
1322	1385	1
1322	1110	1
1322	545	1
1322	39	1
1322	1403	1
1322	205	3
1322	646	1
1322	1572	1
1323	277	1
1323	273	1
1323	392	6
1323	249	1
1323	1011	1
1323	244	1
1323	315	1
1324	1464	1
1324	536	1
1324	282	2
1324	1054	1
1324	410	1
1324	544	1
1324	445	1
1324	578	1
1324	144	1
1325	410	4
1325	1281	1
1325	98	1
1325	446	1
1325	301	1
1325	676	2
1325	822	1
1325	1	1
1325	36	1
1325	649	1
1325	35	1
1325	1166	1
1325	187	1
1325	399	2
1326	1083	1
1326	306	2
1326	133	1
1326	174	1
1326	654	1
1326	1316	1
1326	129	1
1326	45	2
1327	610	1
1327	232	9
1327	1067	1
1327	682	1
1327	883	1
1327	935	1
1327	695	1
1327	1150	1
1327	531	1
1327	170	1
1327	1573	3
1327	1581	1
1327	713	1
1327	184	1
1328	698	1
1328	1467	1
1328	6	1
1328	686	1
1328	318	1
1328	1069	1
1328	1400	1
1328	395	1
1328	317	1
1328	1158	1
1328	260	1
1329	96	1
1329	171	1
1329	370	1
1329	418	1
1329	45	1
1329	410	1
132	154	5
132	898	1
132	55	1
132	1251	1
132	45	1
132	727	1
132	1453	2
132	760	1
132	248	1
1330	375	1
1330	1360	1
1330	45	1
1330	83	1
1330	418	1
1330	473	3
1330	549	1
1330	608	2
1330	480	1
1330	1136	1
1330	284	1
1330	816	1
1330	259	3
1330	1427	2
1330	643	1
1330	493	2
1330	829	1
1330	250	2
1330	247	1
1330	187	2
1331	45	1
1331	811	1
1331	269	2
1331	23	1
1331	829	1
1331	340	1
1331	249	1
1331	274	1
1331	733	1
1331	858	6
1331	303	2
1332	341	1
1332	101	1
1332	520	1
1332	731	1
1332	610	2
1332	588	1
1332	187	1
1332	829	1
1332	432	2
1332	970	1
1333	39	1
1333	431	2
1333	35	1
1333	1243	2
1333	1156	1
1333	642	1
1333	1488	1
1333	223	1
1333	373	1
1333	457	1
1333	174	1
1333	587	2
1333	247	2
1333	760	1
1334	410	3
1334	906	1
1334	948	1
1334	909	1
1334	1256	1
1334	35	1
1334	1451	1
1334	184	7
1334	439	1
1335	53	1
1335	378	1
1335	45	2
1335	295	1
1335	1578	1
1335	30	1
1335	385	1
1335	862	1
1335	936	1
1335	545	1
1335	44	2
1335	994	1
1335	447	1
1335	932	2
1336	169	1
1336	205	1
1336	133	1
1336	206	1
1336	243	1
1336	372	1
1337	1356	1
1337	389	1
1337	1554	1
1337	490	1
1337	223	1
1337	340	1
1337	121	1
1337	146	1
1337	710	1
1337	753	2
1337	205	1
1338	19	1
1338	391	2
1338	703	3
1338	318	1
1338	1575	1
1338	421	1
1338	410	1
1338	481	1
1338	1124	1
1338	872	11
1339	410	1
1339	759	1
1339	1337	3
1339	1441	1
1339	1024	1
1339	821	1
1339	341	1
133	170	1
133	242	1
133	1060	1
133	63	4
133	1024	1
133	249	2
133	1014	1
133	1285	1
133	1441	1
1340	547	1
1340	156	1
1340	683	2
1340	1002	1
1340	708	2
1340	331	1
1340	45	1
1340	14	1
1340	662	1
1341	714	1
1341	128	1
1341	432	2
1341	1237	3
1341	1096	1
1341	891	1
1341	577	1
1341	1336	1
1341	769	1
1341	682	1
1341	672	1
1342	846	1
1342	1606	1
1342	1451	1
1342	829	1
1342	1086	1
1342	1252	1
1342	1295	1
1343	205	2
1343	208	2
1343	18	1
1343	646	1
1343	432	1
1343	862	1
1343	337	1
1343	1015	1
1343	1069	1
1343	491	1
1343	1161	1
1343	552	6
1343	1333	4
1343	247	2
1344	313	1
1344	471	1
1344	217	1
1344	871	1
1344	1227	1
1344	517	6
1344	491	1
1344	466	1
1344	539	1
1345	546	1
1345	544	2
1345	177	1
1345	99	6
1345	1368	1
1345	1081	1
1345	127	1
1346	1136	1
1346	965	1
1346	339	3
1346	253	1
1346	937	2
1346	206	1
1346	1350	3
1346	809	1
1346	1116	1
1346	665	1
1346	626	1
1346	662	1
1346	428	1
1346	862	1
1346	33	1
1347	1098	4
1347	928	3
1347	3	1
1347	1450	1
1347	184	3
1347	705	17
1347	960	1
1347	1092	1
1347	615	1
1348	1092	1
1348	85	1
1348	1604	1
1348	192	1
1348	250	3
1348	955	1
1348	538	1
1349	341	3
1349	973	1
1349	1105	1
1349	201	1
1349	1481	1
1349	408	1
1349	494	1
1349	675	1
134	771	1
134	122	1
134	186	1
134	538	1
134	45	1
134	403	1
134	277	1
134	831	1
134	315	1
134	197	1
134	259	1
134	269	1
134	832	1
134	247	1
134	6	2
134	366	1
1350	1590	1
1350	1189	1
1350	44	1
1350	324	2
1350	45	1
1350	1395	1
1350	427	1
1351	913	1
1351	44	1
1351	1307	2
1351	366	1
1351	1000	1
1351	1408	1
1351	192	1
1351	1366	1
1351	1279	1
1351	1415	1
1351	285	3
1352	253	1
1352	76	1
1352	44	3
1352	494	1
1352	1341	1
1352	146	1
1352	558	1
1352	403	1
1352	613	1
1353	375	1
1353	307	1
1353	45	5
1353	903	3
1353	371	1
1353	417	1
1353	99	1
1353	923	1
1353	112	1
1353	150	5
1353	227	1
1353	129	11
1353	32	1
1354	659	3
1354	410	1
1354	114	1
1354	990	1
1354	115	1
1354	1335	2
1354	1430	1
1354	320	1
1354	340	1
1355	105	2
1355	226	1
1355	378	1
1355	45	4
1355	851	1
1355	265	1
1355	1034	1
1355	863	1
1355	654	1
1356	567	1
1356	249	1
1356	1451	1
1356	13	2
1356	254	5
1356	682	1
1356	35	1
1356	655	1
1356	1331	1
1356	125	1
1356	991	1
1356	767	1
1356	97	1
1356	892	2
1356	1435	1
1356	758	1
1357	431	1
1357	253	2
1357	42	2
1357	722	1
1357	677	1
1357	744	1
1357	15	1
1357	1330	1
1358	695	1
1358	1011	1
1358	1067	1
1358	1166	1
1358	671	1
1358	466	2
1358	1565	2
1358	1064	1
1358	1153	1
1358	1388	2
1359	300	1
1359	412	1
1359	144	1
1359	841	3
1359	114	1
1359	722	1
1359	960	2
1359	887	2
1359	1178	1
1359	399	2
1359	1187	1
1359	544	1
1359	1067	1
1359	1092	1
1359	73	1
1359	703	1
1359	445	1
1359	1118	1
1359	1031	1
135	297	1
135	1507	1
135	67	2
135	187	1
135	173	4
135	201	2
135	45	34
135	226	27
135	929	1
135	171	3
135	936	1
135	112	4
135	205	1
135	1293	1
135	227	1
135	264	1
135	465	6
135	1358	2
135	851	1
135	208	2
135	1075	1
135	1555	1
135	941	1
135	294	1
135	3	20
135	379	2
135	939	8
135	875	1
135	654	2
135	918	1
135	1372	1
135	650	1
135	1034	1
135	477	1
135	49	1
135	343	1
135	1376	1
135	1212	5
135	1005	4
135	1213	3
135	196	33
135	800	1
135	633	1
135	487	1
135	250	3
135	705	3
135	593	1
135	600	1
135	58	3
135	663	1
1360	585	1
1360	1464	1
1360	1223	1
1360	1515	1
1360	1371	1
1360	1478	1
1360	11	2
1361	90	2
1361	330	1
1361	1287	1
1361	578	1
1361	1099	1
1361	4	1
1361	1532	1
1361	416	1
1361	371	1
1362	1494	1
1362	1195	1
1362	1249	1
1362	1244	1
1362	223	2
1362	1606	1
1362	403	1
1362	200	4
1362	126	1
1363	330	1
1363	179	1
1363	4	1
1363	115	1
1363	1438	1
1363	260	2
1364	282	1
1364	403	1
1364	490	1
1364	1478	3
1364	722	2
1364	410	1
1364	340	1
1364	261	1
1364	223	1
1364	185	1
1364	1342	1
1364	1110	1
1364	601	1
1365	1423	1
1365	404	1
1365	697	1
1365	918	1
1365	45	2
1365	122	1
1365	779	1
1365	184	2
1365	155	1
1365	112	1
1365	684	1
1365	413	1
1365	646	1
1365	191	1
1366	146	1
1366	842	1
1366	712	1
1366	492	1
1366	542	1
1366	325	1
1366	414	1
1367	897	1
1367	956	1
1367	354	1
1367	120	1
1367	486	1
1367	1124	1
1367	1202	1
1368	133	5
1368	146	1
1368	263	1
1368	632	1
1368	469	1
1368	1214	1
1368	247	1
1368	1347	1
1368	343	1
1368	161	1
1368	260	1
1368	173	1
1368	945	1
1368	182	5
1369	1321	1
1369	1088	1
1369	871	1
1369	614	1
1369	962	1
1369	1124	1
1369	6	1
1369	1371	1
1369	957	1
1369	130	1
1369	108	1
1369	1323	1
1369	1369	1
1369	1283	1
136	183	1
136	1183	1
136	730	1
136	28	20
136	71	5
136	1056	2
136	114	1
136	831	1
136	130	4
136	571	1
136	1011	1
136	1332	1
136	860	1
136	35	1
136	1242	1
136	684	1
1370	697	2
1370	657	1
1370	184	2
1370	785	5
1370	167	3
1370	1319	1
1370	1164	1
1371	936	1
1371	223	2
1371	277	1
1371	206	2
1371	435	1
1371	612	1
1371	425	2
1371	125	1
1371	669	1
1372	1140	1
1372	200	2
1372	223	2
1372	370	1
1372	672	1
1372	256	1
1372	64	1
1373	403	3
1373	687	1
1373	1346	1
1373	691	1
1373	146	1
1373	613	1
1373	965	1
1373	573	1
1373	45	1
1374	410	1
1374	1034	1
1374	421	1
1374	1492	1
1374	782	1
1374	1490	1
1374	1440	1
1375	818	3
1375	1420	1
1375	97	1
1375	783	1
1375	760	4
1375	1267	1
1375	585	1
1376	1095	1
1376	21	1
1376	69	1
1376	263	1
1376	441	1
1376	1124	1
1376	5	1
1376	1088	1
1376	1099	1
1376	1119	1
1376	158	1
1377	164	3
1377	45	3
1377	1590	1
1377	610	1
1377	187	1
1377	259	1
1377	410	6
1378	195	2
1378	45	1
1378	618	1
1378	150	1
1378	112	4
1378	234	1
1378	851	2
1378	737	2
1378	1239	1
1378	182	1
1378	226	8
1378	435	1
1378	885	3
1379	1404	1
1379	633	2
1379	580	1
1379	45	1
1379	196	1
1379	769	1
137	40	1
137	76	1
137	88	9
137	128	1
137	22	1
137	196	2
137	420	1
137	106	1
137	767	1
1380	181	1
1380	190	1
1380	646	1
1380	378	1
1380	87	1
1380	187	1
1380	45	1
1380	150	1
1380	892	1
1380	502	1
1380	491	1
1380	407	1
1380	454	1
1380	428	1
1380	733	1
1380	14	10
1380	205	1
1380	689	1
1381	169	1
1381	1319	1
1381	1015	1
1381	1413	1
1381	256	1
1381	397	1
1381	42	1
1381	390	1
1381	611	1
1381	161	1
1381	471	1
1381	350	1
1381	1597	1
1381	892	1
1381	1368	1
1381	1370	1
1381	1481	1
1381	1224	1
1381	206	1
1381	1208	1
1381	621	2
1382	190	1
1382	42	1
1382	205	4
1382	642	1
1382	208	3
1382	33	1
1382	141	1
1382	414	1
1382	916	1
1382	530	1
1382	432	1
1382	44	2
1382	901	1
1382	761	1
1383	390	1
1383	1391	1
1383	1593	1
1383	1577	1
1383	582	1
1383	479	1
1383	194	1
1383	842	1
1383	312	1
1383	615	2
1383	58	1
1383	589	1
1383	77	1
1383	45	3
1383	427	1
1383	819	1
1383	1496	1
1383	769	1
1383	103	1
1383	611	1
1383	87	1
1383	47	1
1383	1067	1
1383	277	1
1383	914	1
1383	1433	1
1383	150	1
1383	174	2
1383	1247	1
1383	76	1
1384	875	2
1384	263	1
1384	210	2
1384	45	2
1384	99	1
1384	1233	5
1384	640	1
1384	340	3
1384	387	1
1385	913	1
1385	919	1
1385	195	1
1385	250	3
1385	1453	1
1385	248	3
1386	874	3
1386	608	1
1386	537	6
1386	223	1
1386	1421	1
1386	1552	1
1386	549	1
1387	491	1
1387	1569	1
1387	1102	1
1387	948	1
1387	1332	2
1387	883	1
1388	442	1
1388	814	1
1388	1178	1
1388	46	1
1388	35	1
1388	192	3
1388	582	7
1388	39	2
1388	489	1
1389	58	1
1389	589	1
1389	593	1
1389	725	1
1389	195	2
1389	618	1
1389	364	1
1389	150	4
1389	701	1
1389	1037	1
1389	1020	1
1389	490	1
1389	223	1
1389	903	2
138	177	1
138	769	1
138	33	1
138	1389	1
138	811	1
138	1441	1
138	1326	1
138	1548	2
138	1100	1
138	646	1
138	45	3
138	1449	1
138	634	1
138	181	1
1390	493	1
1390	249	1
1390	682	2
1390	253	2
1390	217	1
1390	578	1
1390	25	1
1391	35	1
1391	274	2
1391	862	1
1391	1114	3
1391	397	1
1391	1276	1
1392	236	1
1392	1456	1
1392	1067	1
1392	399	1
1392	1253	2
1392	676	1
1392	822	1
1392	670	1
1392	41	1
1392	410	1
1392	524	2
1392	578	1
1393	889	1
1393	821	1
1393	1105	1
1393	1571	2
1393	726	1
1393	676	1
1393	428	1
1393	114	1
1393	607	1
1393	32	3
1394	653	1
1394	937	1
1394	835	1
1394	978	1
1394	1580	1
1394	223	1
1394	230	1
1394	1200	1
1394	1456	1
1394	689	1
1394	682	1
1394	1153	1
1394	341	2
1394	862	1
1395	667	1
1395	13	1
1395	940	1
1395	1316	1
1395	950	3
1395	894	1
1395	769	2
1395	809	1
1395	1079	2
1395	522	1
1395	1241	1
1396	1173	1
1396	1124	2
1396	84	1
1396	282	2
1396	1054	1
1396	787	1
1396	1156	1
1396	1561	1
1396	1445	1
1397	877	1
1397	1465	1
1397	1008	1
1397	428	1
1397	45	1
1397	566	1
1397	85	1
1397	621	1
1397	283	1
1398	25	2
1398	201	1
1398	608	1
1398	450	1
1398	1405	1
1398	45	2
1398	1582	1
1399	1431	1
1399	708	3
1399	655	1
1399	135	1
1399	1291	1
1399	44	1
1399	399	1
1399	535	2
1399	933	1
1399	1369	1
1399	654	1
1399	782	1
1399	703	3
139	178	7
139	214	1
139	486	3
139	532	1
139	523	1
139	199	2
139	1049	1
139	115	1
139	1221	1
139	158	1
13	13	5
13	63	5
13	87	1
13	423	1
13	260	2
13	603	2
13	286	2
13	46	1
13	111	1
1400	410	2
1400	1475	4
1400	1296	1
1400	1060	1
1400	1419	1
1400	4	1
1400	1088	1
1400	1211	2
1400	421	4
1401	275	1
1401	110	3
1401	223	1
1401	611	1
1401	108	1
1401	422	1
1401	1246	4
1401	471	1
1401	71	1
1401	472	1
1402	32	1
1402	1007	1
1402	76	1
1402	247	1
1402	589	2
1402	399	1
1402	98	1
1402	77	1
1402	223	1
1402	30	1
1402	1067	1
1402	1270	1
1402	578	1
1402	590	1
1403	481	1
1403	115	1
1403	189	1
1403	210	5
1403	682	1
1403	174	1
1403	420	3
1403	698	1
1403	1374	1
1403	637	1
1403	410	2
1403	1392	1
1403	483	1
1403	124	1
1403	1387	1
1403	196	1
1403	753	1
1403	1486	1
1403	426	3
1403	548	1
1404	208	1
1404	417	2
1404	937	1
1404	1021	1
1404	1306	1
1404	76	1
1404	1382	1
1404	399	1
1404	300	1
1404	986	1
1404	265	2
1405	503	2
1405	1420	1
1405	701	1
1405	184	4
1405	212	3
1405	908	1
1405	1231	1
1405	250	1
1405	384	1
1406	241	1
1406	375	1
1406	440	1
1406	662	1
1406	372	1
1406	288	4
1406	190	1
1406	1570	1
1406	1123	1
1406	677	1
1406	279	1
1406	920	1
1406	646	1
1406	1180	1
1406	1021	2
1406	843	1
1407	334	1
1407	205	1
1407	174	2
1407	164	1
1407	715	1
1407	450	1
1407	920	1
1407	210	2
1407	1409	1
1407	236	1
1407	591	1
1407	44	1
1407	90	1
1407	1234	1
1407	181	1
1407	112	3
1407	227	3
1407	99	1
1407	4	2
1408	1238	1
1408	99	1
1408	810	1
1408	1360	3
1408	1573	1
1408	1565	1
1408	53	1
1408	1044	1
1408	114	1
1408	919	1
1408	1060	1
1408	77	2
1408	44	4
1409	218	2
1409	6	2
1409	641	1
1409	45	3
1409	116	1
1409	618	2
1409	489	2
140	437	2
140	179	2
140	328	1
140	1208	1
140	76	1
140	70	1
140	184	1
1410	934	1
1410	106	1
1410	652	1
1410	250	1
1410	31	1
1410	760	1
1410	995	1
1410	82	1
1410	56	1
1410	779	1
1411	227	3
1411	45	3
1411	1465	1
1411	481	1
1411	115	1
1411	44	1
1411	1039	1
1411	993	1
1411	524	1
1411	1016	1
1411	130	1
1411	1503	1
1412	1571	1
1412	948	2
1412	1016	1
1412	419	1
1412	223	1
1412	651	1
1412	63	1
1413	681	1
1413	1311	1
1413	769	1
1413	843	2
1413	32	1
1413	237	1
1413	615	1
1413	340	1
1413	530	1
1413	247	1
1413	1246	1
1413	172	1
1413	480	1
1413	7	1
1413	52	2
1413	223	1
1414	164	1
1414	205	1
1414	1529	1
1414	263	1
1414	1525	1
1414	1445	1
1414	1605	1
1414	589	1
1414	22	1
1415	12	3
1415	761	1
1415	1395	1
1415	1315	1
1415	1335	1
1415	944	1
1415	1422	1
1415	399	1
1415	1430	1
1415	694	1
1415	538	1
1416	395	1
1416	646	2
1416	208	1
1416	925	1
1416	234	1
1416	273	1
1416	87	1
1416	286	1
1416	1306	1
1417	115	1
1417	184	1
1417	805	1
1417	544	1
1417	1442	1
1417	41	1
1417	1471	1
1417	663	1
1417	645	1
1418	1243	2
1418	35	1
1418	410	1
1418	421	1
1418	1605	1
1418	898	1
1418	1388	3
1418	1076	1
1418	638	1
1418	829	1
1419	90	1
1419	99	1
1419	472	1
1419	1034	1
1419	805	1
1419	621	1
1419	959	1
1419	55	1
1419	38	1
1419	265	1
141	180	109
141	399	2
141	1294	2
141	849	4
141	392	3
141	1026	1
1420	846	1
1420	200	1
1420	1558	1
1420	1580	1
1420	555	2
1420	952	1
1420	871	1
1420	835	1
1421	869	1
1421	266	1
1421	273	1
1421	395	1
1421	114	1
1421	1310	1
1422	1227	1
1422	293	1
1422	804	1
1422	153	1
1422	39	1
1422	620	2
1422	147	2
1422	823	1
1422	174	1
1422	1169	1
1422	168	1
1422	1304	1
1422	1426	1
1422	951	1
1422	838	1
1422	1267	1
1423	1118	1
1423	63	1
1423	583	1
1423	45	2
1423	378	1
1423	425	1
1423	1014	1
1424	588	1
1424	186	1
1424	250	6
1424	306	4
1424	457	1
1424	58	1
1424	153	1
1424	674	1
1424	115	1
1424	600	1
1424	333	1
1424	1417	1
1424	599	5
1424	44	2
1425	232	1
1425	250	1
1425	23	1
1425	162	2
1425	1033	1
1425	44	2
1426	44	2
1426	71	1
1426	1071	1
1426	236	1
1426	208	1
1426	150	1
1426	227	1
1426	99	1
1426	1420	1
1427	760	1
1427	1319	2
1427	593	1
1427	600	1
1427	941	1
1427	399	1
1427	1555	1
1427	780	1
1427	182	1
1427	150	1
1427	208	1
1427	264	1
1427	133	1
1427	1242	1
1427	99	1
1427	1263	1
1427	1122	1
1427	919	1
1427	1506	1
1427	168	1
1427	146	1
1427	281	1
1427	800	1
1427	169	3
1427	174	1
1427	673	1
1428	703	1
1428	481	1
1428	599	7
1428	432	1
1428	1557	1
1428	916	1
1428	514	1
1429	250	1
1429	1423	1
1429	947	2
1429	1381	1
1429	823	2
1429	174	1
1429	1392	1
1429	697	1
1429	377	1
1429	427	1
1429	45	1
1429	1412	1
1429	378	1
1429	645	1
1429	184	3
1429	170	1
1429	1593	3
1429	1577	1
1429	1581	2
1429	99	2
142	217	1
142	871	1
142	201	1
142	834	1
142	310	1
142	29	1
142	767	1
142	182	1
142	189	3
142	54	4
142	157	7
142	198	2
142	45	9
142	226	13
142	179	2
142	331	1
142	49	2
142	396	1
142	171	2
142	420	1
142	174	1
142	612	1
142	1507	1
142	227	1
142	1274	2
142	196	1
142	260	1
142	558	1
142	1241	1
142	1005	1
142	305	1
142	1525	1
1430	28	1
1430	235	1
1430	608	1
1430	340	3
1430	408	2
1430	244	2
1430	1003	1
1430	898	1
1431	677	1
1431	81	1
1431	44	1
1431	112	2
1431	227	2
1431	165	1
1432	1605	1
1432	587	1
1432	428	1
1432	1104	1
1432	870	1
1432	672	2
1432	187	1
1432	259	1
1432	611	1
1432	494	1
1432	223	1
1432	663	1
1432	1523	1
1432	1484	1
1432	770	1
1432	186	1
1433	915	2
1433	115	1
1433	1390	1
1433	265	1
1433	294	1
1433	798	1
1433	1133	1
1434	1000	2
1434	1287	1
1434	1531	1
1434	933	1
1434	1046	1
1434	611	1
1434	585	1
1434	73	1
1434	46	1
1434	282	1
1434	1496	1
1434	1234	1
1435	129	2
1435	267	1
1435	133	7
1435	1204	1
1435	4	1
1435	44	1
1435	169	2
1435	150	1
1435	174	1
1436	1032	1
1436	223	7
1436	36	1
1436	862	1
1436	1147	1
1436	200	1
1436	590	8
1436	1512	1
1436	117	1
1436	428	1
1436	793	1
1436	676	1
1436	1102	1
1436	234	1
1437	249	2
1437	549	1
1437	340	2
1437	829	2
1437	398	1
1437	253	1
1437	1045	1
1437	903	2
1437	247	1
1437	472	1
1437	684	2
1437	44	1
1437	584	1
1438	549	3
1438	1166	2
1438	1547	1
1438	610	1
1438	187	1
1438	726	1
1438	1014	2
1439	253	1
1439	1241	2
1439	169	1
1439	260	1
1439	892	1
1439	76	1
1439	656	1
1439	640	1
1439	1578	1
1439	1551	1
1439	1532	1
1439	263	1
1439	90	7
143	184	49
143	191	1
143	250	10
143	439	5
143	585	2
143	1424	2
143	330	2
143	1000	1
143	1531	1
143	1443	1
143	1408	1
143	1037	2
143	507	1
143	85	1
143	1231	2
143	526	1
143	290	2
143	1303	2
143	657	8
143	11	1
1440	432	1
1440	251	1
1440	76	1
1440	1330	1
1440	371	2
1440	1309	1
1440	621	1
1440	862	1
1440	223	1
1440	884	1
1440	99	2
1441	422	1
1441	45	1
1441	427	1
1441	1592	1
1441	578	1
1441	277	1
1441	447	1
1441	1192	1
1441	371	1
1441	73	2
1441	1028	1
1441	1359	1
1441	677	1
1442	4	1
1442	115	2
1442	45	1
1442	648	2
1442	578	1
1442	491	3
1442	1275	1
1442	1556	1
1442	833	1
1442	1068	1
1442	1259	1
1442	276	2
1443	45	3
1443	571	1
1443	1029	1
1443	410	1
1443	341	1
1443	1554	1
1444	99	4
1444	1071	4
1444	394	1
1444	312	2
1444	129	3
1444	220	1
1444	557	2
1444	1480	3
1444	164	1
1444	282	5
1444	450	10
1444	388	1
1444	277	1
1444	841	1
1444	182	1
1444	1376	1
1444	155	1
1444	679	1
1444	800	1
1445	669	1
1445	32	1
1445	601	1
1445	1217	1
1445	250	2
1445	479	1
1446	175	2
1446	1185	2
1446	428	1
1446	132	3
1446	1384	2
1446	44	2
1446	33	2
1446	1494	1
1446	205	1
1446	646	3
1446	174	1
1446	99	1
1446	95	1
1446	480	1
1446	1295	1
1446	403	1
1446	573	1
1446	777	1
1447	244	6
1447	1234	2
1447	657	2
1447	107	1
1447	960	1
1447	1550	1
1447	250	3
1447	227	1
1447	44	1
1447	1255	2
1447	1201	1
1447	1090	1
1447	360	1
1448	399	1
1448	227	1
1448	356	1
1448	236	1
1448	45	6
1448	103	1
1448	174	4
1448	553	3
1448	1138	1
1448	4	1
1448	133	1
1449	1280	1
1449	491	1
1449	1279	1
1449	431	1
1449	1339	1
1449	90	1
1449	16	1
144	185	1
144	223	1
144	334	2
144	977	1
144	1188	1
144	602	1
144	1530	1
144	650	1
144	21	1
144	783	2
144	1594	1
144	341	2
144	1547	1
1450	1185	2
1450	85	1
1450	613	1
1450	1209	1
1450	223	3
1450	862	1
1450	618	3
1450	387	1
1450	988	1
1450	894	1
1450	1136	1
1450	126	1
1450	548	1
1450	129	1
1450	290	1
1451	702	1
1451	703	1
1451	377	2
1451	585	1
1451	683	7
1451	1483	1
1451	837	2
1451	650	1
1451	1366	1
1451	36	1
1451	1521	1
1451	145	1
1452	927	1
1452	833	1
1452	420	1
1452	549	1
1452	724	2
1452	427	1
1452	989	2
1452	45	2
1452	1528	1
1452	1049	4
1452	654	1
1452	489	1
1452	1365	1
1453	764	1
1453	722	1
1453	692	1
1453	260	2
1453	1150	1
1453	910	1
1453	454	1
1454	431	1
1454	90	1
1454	632	1
1454	1241	2
1454	769	1
1454	1545	1
1455	44	3
1455	1537	1
1455	691	1
1455	33	1
1455	208	4
1455	570	1
1455	18	1
1456	1032	1
1456	1179	1
1456	1196	1
1456	549	1
1456	63	1
1456	523	1
1456	1592	1
1456	277	1
1456	114	1
1456	223	1
1457	1056	1
1457	823	1
1457	427	1
1457	819	1
1457	152	1
1457	1001	1
1457	1436	1
1457	1080	1
1457	1219	1
1457	935	1
1458	45	1
1458	965	1
1458	1262	1
1458	687	1
1458	150	1
1458	1537	1
1458	1579	1
1458	35	1
1458	169	1
1458	1366	2
1458	743	1
1459	410	1
1459	703	1
1459	444	2
1459	546	1
1459	1278	1
1459	1538	1
1459	437	1
1459	259	1
1459	187	1
1459	1438	1
145	186	3
145	216	1
145	195	2
145	12	1
145	409	1
145	403	1
145	340	1
145	187	1
145	669	1
145	33	6
145	234	1
145	205	11
145	646	11
145	364	1
145	228	8
145	31	1
145	1495	1
145	253	1
145	306	1
145	611	1
1460	651	1
1460	721	1
1460	1313	1
1460	549	1
1460	898	1
1460	878	1
1460	687	1
1460	360	3
1461	290	1
1461	1320	1
1461	491	1
1461	589	1
1461	715	1
1461	322	1
1461	899	1
1461	63	1
1461	27	1
1462	236	1
1462	1240	1
1462	833	1
1462	963	1
1462	744	1
1462	1197	1
1462	697	1
1462	522	1
1462	44	3
1463	594	1
1463	1312	1
1463	335	1
1463	833	1
1463	612	1
1463	44	1
1463	217	1
1464	399	1
1464	411	1
1464	834	1
1464	118	1
1464	612	2
1464	351	1
1465	112	2
1465	414	1
1465	1181	1
1465	623	1
1465	40	4
1465	312	1
1465	205	1
1466	698	1
1466	685	1
1466	1133	1
1466	45	3
1466	1467	2
1466	247	1
1466	4	1
1467	986	1
1467	250	1
1467	442	3
1467	948	1
1467	767	1
1467	481	1
1467	114	1
1468	703	1
1468	125	1
1468	223	1
1468	764	1
1468	1182	1
1468	587	1
1468	749	3
1468	643	1
1468	1285	1
1469	1274	2
1469	683	1
1469	136	1
1469	206	2
1469	1253	1
1469	615	1
1469	32	1
1469	1437	2
1469	12	1
146	1607	1
146	476	2
146	923	1
146	550	1
146	161	1
146	88	5
146	253	1
146	467	2
146	710	1
146	875	1
146	1413	1
146	146	1
146	216	1
146	103	1
146	169	1
1470	1280	1
1470	561	1
1470	206	2
1470	1204	1
1470	600	1
1470	44	1
1470	378	1
1470	147	1
1470	654	2
1470	385	1
1470	187	1
1470	45	2
1470	570	1
1470	129	3
1470	1267	1
1470	593	1
1471	35	2
1471	1464	2
1471	79	1
1471	389	1
1471	223	1
1471	1279	1
1471	117	1
1471	180	2
1471	578	1
1471	1569	1
1471	763	1
1472	44	1
1472	18	1
1472	32	1
1472	236	1
1472	472	1
1472	169	1
1472	928	1
1472	53	1
1473	440	1
1473	955	1
1473	1113	1
1473	1225	1
1473	939	1
1473	1421	1
1473	24	4
1473	631	1
1473	855	1
1474	263	1
1474	1464	1
1474	884	2
1474	1011	1
1474	501	1
1474	1517	1
1474	683	3
1474	813	1
1475	1330	1
1475	891	2
1475	419	1
1475	714	1
1475	115	1
1475	1429	1
1476	58	1
1476	992	1
1476	345	1
1476	266	1
1476	447	1
1476	1336	1
1476	269	1
1476	184	1
1476	340	1
1476	1141	1
1477	805	1
1477	698	1
1477	663	1
1477	1471	1
1477	211	1
1477	313	1
1477	1192	1
1477	81	1
1477	276	1
1477	480	1
1477	1227	1
1478	212	1
1478	1423	1
1478	1267	1
1478	307	1
1478	1527	2
1478	1115	1
1478	223	1
1478	1024	1
1478	367	1
1478	1356	1
1478	62	1
1479	184	2
1479	1037	2
1479	1446	1
1479	1138	2
1479	49	1
1479	236	1
1479	648	1
147	152	1
147	18	1
147	150	1
147	205	3
147	919	2
147	279	3
147	174	1
147	45	1
147	1226	3
147	536	1
147	147	1
147	1437	1
147	1230	1
147	133	1
1480	44	1
1480	144	1
1480	223	1
1480	375	1
1480	1192	1
1480	308	1
1480	106	1
1481	1140	1
1481	687	1
1481	956	1
1481	1314	1
1481	44	1
1481	1234	1
1481	419	1
1481	447	1
1482	44	2
1482	401	1
1482	41	2
1482	22	1
1482	410	1
1482	115	1
1482	98	1
1482	1529	1
1482	1192	2
1482	584	2
1482	491	1
1482	1513	1
1482	641	1
1482	32	1
1482	33	1
1483	630	1
1483	619	1
1483	782	1
1483	580	1
1483	1514	1
1483	1147	1
1483	265	1
1483	682	1
1483	1071	1
1483	338	1
1483	115	1
1483	483	1
1483	1483	1
1483	45	2
1483	1315	1
1484	1173	1
1484	1274	1
1484	18	1
1484	208	1
1484	476	2
1484	1317	2
1484	175	1
1484	443	1
1484	169	2
1485	1578	1
1485	1530	1
1485	1563	1
1485	835	1
1485	1060	1
1485	442	1
1485	1428	2
1485	769	1
1486	962	1
1486	409	1
1486	1454	1
1486	45	1
1486	917	2
1486	1119	1
1487	1039	1
1487	637	1
1487	1080	1
1487	1105	1
1487	1166	1
1487	44	1
1487	184	2
1488	225	1
1488	341	1
1488	428	1
1488	862	1
1488	1165	1
1488	291	1
1488	45	1
1488	122	1
1488	1608	1
1489	454	1
1489	282	1
1489	1054	1
1489	1273	1
1489	724	5
1489	530	1
1489	755	1
1489	223	1
148	136	1
148	1077	1
148	1605	1
148	223	2
148	836	1
148	126	1
148	1451	1
148	952	1
148	862	1
148	263	1
148	1151	1
1490	1201	1
1490	340	1
1490	833	1
1490	482	1
1490	1371	1
1490	357	1
1491	1027	1
1491	658	1
1491	644	1
1491	223	1
1491	340	1
1491	708	2
1491	951	1
1492	1413	1
1492	650	1
1492	683	1
1492	1377	1
1492	809	2
1492	625	2
1492	1186	1
1492	1539	1
1492	1587	1
1493	1173	1
1493	44	3
1493	450	1
1493	53	1
1493	517	1
1493	1288	1
1493	45	4
1493	417	1
1493	407	1
1493	895	2
1494	44	1
1494	1329	1
1494	702	1
1494	953	1
1494	195	1
1494	872	1
1494	192	1
1495	948	1
1495	125	1
1495	1234	1
1495	406	1
1495	249	1
1495	269	1
1495	672	1
1495	220	1
1495	648	1
1496	90	1
1496	1056	2
1496	884	1
1496	44	1
1496	427	2
1496	1362	1
1497	4	1
1497	106	1
1497	1210	1
1497	223	2
1497	1173	1
1497	1106	1
1498	1464	2
1498	914	1
1498	428	1
1498	826	1
1498	129	1
1498	45	1
1498	903	1
1498	90	2
1498	443	1
1498	126	2
1499	491	1
1499	32	1
1499	1579	1
1499	171	1
1499	196	2
1499	30	1
1499	427	2
149	1534	1
149	187	1
149	269	1
149	1515	2
149	1359	1
149	937	3
149	1414	1
149	868	1
149	424	2
149	539	1
149	276	1
149	1211	1
149	73	1
149	1508	1
14	809	1
14	14	2
14	571	1
14	454	1
14	1191	1
14	1534	1
14	137	1
14	85	1
14	84	1
14	1325	1
14	340	1
14	30	1
14	644	1
14	1061	1
14	611	1
14	1170	1
14	767	1
14	263	1
14	1079	1
14	249	1
14	39	1
14	32	1
14	764	1
150	85	1
150	188	5
150	245	1
150	323	1
150	173	3
150	535	1
150	376	3
150	639	1
150	1050	1
150	1107	1
150	51	3
150	1090	1
150	410	1
150	217	1
150	972	1
150	341	1
151	44	3
151	125	1
151	595	1
151	190	21
151	203	1
151	295	1
151	316	2
151	1537	1
151	1358	1
151	39	1
151	68	1
151	224	1
151	1362	1
151	1079	1
151	965	2
151	33	1
151	319	1
151	373	1
151	1239	1
151	297	5
151	85	1
151	288	1
151	344	2
151	1381	1
151	850	1
151	67	1
151	3	1
151	19	3
151	892	2
151	646	15
151	679	1
151	444	1
151	510	1
151	436	1
151	195	1
151	724	1
151	496	1
151	161	1
151	1545	1
151	273	3
152	1190	1
152	856	2
152	74	1
152	193	55
152	231	6
152	512	19
152	516	56
152	876	2
152	1108	2
152	696	7
152	353	6
152	773	2
152	143	4
152	0	1
152	57	1
152	342	1
152	1255	2
152	1393	1
152	1584	1
153	194	1
153	18	1
153	278	1
153	279	3
153	198	1
153	291	1
153	294	1
153	147	2
153	227	2
153	196	1
153	308	2
153	309	2
153	1305	1
153	1351	1
153	1163	1
153	164	1
153	754	1
153	1267	2
153	1315	1
153	890	1
153	1178	1
153	1026	2
153	1327	1
153	799	1
153	1479	3
153	636	1
153	413	1
153	124	2
154	195	5
154	202	3
154	111	1
154	451	1
154	223	1
154	862	1
154	873	1
154	315	1
154	169	3
154	150	5
154	45	3
154	262	3
154	364	2
154	710	2
154	197	1
155	197	2
155	87	3
155	247	2
155	549	1
155	343	1
155	1372	1
155	682	2
156	199	4
156	282	2
156	1314	1
156	63	1
156	183	1
156	584	1
156	1530	1
157	200	1
157	223	1
157	274	1
157	345	1
157	1300	1
157	1340	2
157	1475	1
157	891	1
157	1189	1
157	432	1
157	1391	1
157	1144	1
157	944	1
157	491	1
158	581	1
158	204	5
158	623	1
158	1362	1
158	425	2
158	1542	6
158	137	1
158	329	1
158	813	1
158	602	1
158	1519	1
158	236	1
158	690	3
158	851	7
158	158	1
158	277	3
158	1609	1
158	115	1
158	618	1
158	612	3
158	68	1
158	516	1
158	682	4
158	240	7
159	1059	1
159	205	2
159	100	5
159	11	2
159	403	2
159	1071	1
159	58	1
159	370	2
159	792	2
159	492	1
159	114	4
159	662	1
15	15	17
15	1135	1
15	21	1
15	1336	1
15	249	1
15	572	1
15	611	2
15	371	1
15	44	1
15	441	1
15	1330	1
160	1373	1
160	6	5
160	218	1
160	114	1
160	247	1
160	371	1
161	211	2
161	623	1
161	46	2
161	124	1
161	1438	1
161	1323	1
161	1163	1
161	214	1
161	45	6
161	1326	3
161	676	1
161	340	2
161	187	1
161	259	1
162	170	1
162	184	13
162	212	7
162	192	1
162	434	3
162	250	4
162	248	3
162	999	1
162	751	2
162	1240	2
162	195	1
162	928	1
162	1315	1
162	45	1
162	463	1
162	652	1
162	517	1
162	439	1
162	657	4
162	1580	1
162	126	1
162	223	1
162	629	10
163	63	1
163	215	1
163	959	1
163	1044	1
163	585	1
163	1141	2
163	648	4
163	985	2
163	1454	1
163	240	2
163	992	2
163	1536	1
163	641	1
163	1292	1
163	763	2
163	1065	4
163	21	1
163	37	2
164	555	1
164	216	1
164	1571	3
164	386	1
164	136	1
164	952	1
164	862	1
164	1193	19
164	389	1
164	144	1
164	1196	3
165	92	1
165	262	2
165	417	1
165	45	1
165	174	1
165	451	1
165	65	1
165	208	1
165	39	1
165	1483	1
165	479	1
166	217	7
166	563	1
166	1282	1
166	68	1
166	154	2
166	229	1
166	1383	1
166	585	1
166	535	1
167	45	58
167	365	4
167	478	6
167	257	1
167	134	6
167	1312	1
167	1237	4
167	1362	1
167	1352	1
167	772	3
167	1328	1
167	1096	2
167	1013	1
167	179	2
167	1371	1
167	1386	1
167	329	2
167	1256	4
167	410	1
167	514	1
167	1343	1
167	1130	1
167	545	14
167	1332	11
167	1268	2
167	1449	1
167	1366	1
167	1429	1
167	359	1
167	1071	1
167	268	1
167	83	25
168	620	1
168	1386	1
168	654	1
168	187	1
168	1592	1
168	221	2
168	147	1
168	285	2
168	113	1
168	1163	1
168	413	5
168	364	1
168	621	1
168	685	1
168	38	1
168	1307	1
168	659	1
168	1099	3
168	913	1
168	731	2
168	1366	4
168	1525	5
168	45	3
168	1439	1
168	335	1
168	1100	1
169	1219	1
169	224	1
169	283	2
169	118	16
169	1447	1
169	1506	1
169	115	1
169	318	1
169	126	1
169	147	1
169	396	1
169	64	1
169	33	2
169	145	1
169	195	1
169	169	1
169	414	1
169	150	2
169	279	1
169	1071	1
169	753	9
169	754	10
169	343	1
169	49	4
169	919	3
169	472	1
169	45	15
169	1056	1
169	902	1
169	410	2
16	587	1
16	16	1
16	137	1
16	220	1
16	389	1
16	1154	1
16	1095	1
16	1321	1
16	1605	1
16	64	1
16	749	1
16	755	1
16	428	1
16	1195	1
16	1027	1
16	280	1
170	225	1
170	32	1
170	767	1
170	217	1
170	584	1
170	115	2
170	444	1
170	995	3
170	535	1
170	137	1
170	703	1
170	499	1
170	694	5
170	141	1
171	36	1
171	1027	2
171	684	1
171	549	1
171	1205	1
171	1038	1
171	810	1
171	1154	3
171	1539	1
171	1430	2
171	829	1
171	254	1
171	225	1
171	340	3
172	583	2
172	6	2
172	195	1
172	45	6
172	194	64
172	493	1
172	378	1
172	99	2
172	10	1
172	1540	1
172	76	1
172	997	1
173	378	1
173	226	43
173	206	1
173	28	2
173	609	3
173	418	1
173	164	39
173	112	23
173	71	2
173	1004	1
173	1444	1
173	266	2
173	340	1
173	508	1
173	374	1
173	1222	1
173	150	2
173	45	10
173	53	2
173	1298	1
173	236	1
173	982	1
173	472	2
173	264	3
173	368	1
173	227	1
173	558	1
173	235	1
173	103	1
173	1359	1
173	918	1
173	1073	1
173	819	1
173	182	6
173	461	1
173	760	1
173	1371	1
173	737	1
173	728	1
173	58	1
173	59	1
174	1275	1
174	228	1
174	599	1
174	242	1
174	135	1
174	464	1
174	499	1
174	97	1
174	366	1
174	1174	1
174	393	1
174	410	1
174	625	1
174	68	1
175	40	6
175	495	9
175	692	8
175	1041	1
175	562	1
175	635	1
175	0	1
175	509	1
175	924	1
175	312	1
175	1445	1
175	44	1
175	9	2
175	769	2
175	3	3
175	173	8
175	988	4
175	507	3
175	608	1
175	687	1
175	1396	2
175	1430	1
175	1501	1
175	368	1
175	417	1
176	963	1
176	229	2
176	726	1
176	1342	1
176	832	1
176	1192	1
177	1465	1
177	233	12
177	749	2
177	399	1
177	99	2
177	578	1
177	45	4
177	146	1
177	195	3
178	1333	1
178	174	1
178	612	1
178	1607	1
178	234	2
178	263	1
178	491	1
178	769	1
178	253	1
178	1413	1
178	864	1
178	146	1
178	345	1
178	1383	1
178	1241	1
178	662	1
178	892	1
178	1224	1
178	959	1
178	646	1
178	593	1
178	44	3
178	169	3
178	387	2
179	567	1
179	903	3
179	699	2
179	145	2
179	99	1
179	343	4
179	1566	2
179	558	1
179	961	3
179	1138	1
179	460	1
179	217	1
179	871	1
179	169	9
179	552	5
179	253	1
179	1413	1
179	403	1
179	133	2
179	474	1
179	1241	1
179	226	1
179	223	1
179	115	1
179	926	2
179	181	2
179	965	3
17	18	9
17	205	2
17	642	2
17	673	1
17	478	1
17	1237	1
17	1228	6
17	1372	2
17	939	8
17	870	1
17	364	5
17	1293	2
17	125	1
17	268	1
180	6	7
180	702	1
180	736	1
180	532	28
180	614	1
180	362	1
180	1003	1
180	1044	2
180	577	1
180	114	2
180	783	6
181	196	14
181	45	9
181	1077	1
181	417	1
181	753	1
181	1293	1
181	492	1
181	236	1
181	112	2
181	472	1
181	227	1
181	413	1
181	895	2
181	1327	1
182	146	1
182	236	44
182	171	1
182	208	1
182	843	2
182	366	1
182	380	1
182	587	2
182	403	2
182	786	1
182	49	5
182	77	2
182	994	2
182	679	5
182	537	1
182	378	1
182	104	1
182	874	5
182	329	4
182	147	1
182	1163	1
182	693	1
182	508	1
182	1256	2
182	268	1
182	195	1
182	560	1
182	1395	1
182	305	1
182	14	3
182	83	13
182	1609	1
182	608	1
182	1245	1
182	630	6
182	779	2
182	249	1
182	340	2
182	30	1
182	1525	1
182	19	1
182	1456	1
182	877	1
183	237	95
183	677	3
183	195	2
183	422	1
183	922	1
183	1417	1
183	613	1
183	1555	1
183	1209	1
183	323	1
183	429	1
183	536	2
183	1280	2
183	669	1
183	32	2
184	238	2
184	316	2
184	208	2
184	646	1
184	641	1
184	1377	3
184	44	3
184	36	1
184	190	4
184	522	2
184	33	3
184	683	4
184	85	1
184	146	1
184	1468	2
184	145	1
184	1256	1
185	1406	1
185	442	1
185	1595	1
185	1365	1
185	226	23
185	125	4
185	340	1
185	334	2
185	982	1
185	1079	2
185	99	2
186	334	1
186	239	1
186	724	1
186	709	1
186	716	1
186	1091	1
186	85	1
186	1402	1
186	529	1
186	793	1
186	223	1
186	244	4
186	115	4
186	849	1
186	187	1
186	1215	1
187	658	1
187	240	1
187	549	1
187	156	1
187	214	2
187	940	1
187	1257	1
188	1467	1
188	241	1
188	259	3
188	273	1
188	869	1
188	714	1
188	1158	1
188	87	1
188	1373	1
188	814	1
188	1352	1
188	993	2
188	682	1
188	882	1
189	1339	1
189	158	1
189	81	1
189	395	1
189	1383	2
189	1317	2
189	847	1
189	574	6
189	387	2
189	287	1
189	1185	5
189	1119	1
189	403	4
18	19	1
18	22	1
18	82	1
18	85	1
18	1140	1
18	769	1
18	223	1
18	484	1
18	199	1
18	125	1
18	1226	1
18	220	1
18	1605	1
18	716	2
18	317	1
18	266	1
18	578	1
18	403	1
18	965	1
18	1031	1
18	682	1
190	1269	1
190	137	2
190	243	2
190	274	2
190	965	1
190	403	2
190	171	1
190	130	1
190	87	1
190	266	1
190	165	1
190	45	1
190	35	1
190	560	1
190	39	1
190	625	1
190	673	1
190	682	1
190	30	1
190	146	2
190	236	11
190	892	1
190	1056	2
190	957	1
190	82	1
190	749	1
191	1587	1
191	683	1
191	1413	1
191	244	6
191	254	1
191	988	3
191	134	1
191	1059	1
191	403	5
191	613	1
191	399	2
191	760	1
191	1319	1
191	179	1
191	1597	1
191	497	1
191	646	1
191	1459	1
191	1407	2
191	11	1
191	779	1
191	436	6
191	1136	1
191	415	1
191	288	3
191	515	1
191	1585	2
191	215	1
191	1421	1
191	449	1
191	387	1
192	344	1
192	1270	1
192	245	1
192	260	3
192	1095	1
192	524	2
192	490	1
192	108	1
192	97	1
192	366	1
192	1457	1
192	37	1
192	1035	4
192	76	1
192	34	5
192	36	1
193	42	1
193	1570	1
193	436	3
193	1425	3
193	789	1
193	1021	1
193	1342	1
193	1494	1
193	1180	2
193	455	2
193	208	1
193	386	1
193	1128	1
193	699	4
193	24	2
193	800	6
193	630	1
193	365	1
193	150	1
193	244	1
193	403	1
193	851	1
193	855	1
193	617	1
193	1267	1
193	179	1
193	129	1
193	181	1
193	1116	1
193	590	1
193	677	1
193	15	2
193	1413	5
194	801	1
194	955	2
194	246	12
194	640	1
194	1234	1
194	146	6
194	223	2
194	403	1
194	1392	1
194	53	3
194	1238	1
194	235	1
194	1313	1
194	1034	1
194	1242	5
194	1316	1
194	1150	5
194	203	1
194	911	1
194	1023	1
194	1040	1
194	182	1
194	345	1
194	953	1
194	884	1
194	14	2
194	1268	2
194	1237	4
194	174	2
194	244	2
194	1241	1
194	161	2
194	343	1
194	1304	1
194	181	4
194	75	1
194	851	1
194	103	1
194	621	1
194	115	1
194	481	1
194	958	1
194	892	1
194	127	1
194	133	1
194	205	2
194	44	4
194	372	1
194	535	1
194	1224	1
194	1006	6
194	1074	1
194	150	4
194	260	7
194	620	1
194	769	10
194	684	1
195	947	1
195	1567	1
195	1536	1
195	311	1
195	454	1
195	246	8
195	1211	1
195	1430	1
195	439	1
195	76	9
195	42	1
195	505	14
195	1579	2
195	1277	1
195	400	1
195	1606	1
195	223	2
195	95	1
195	242	1
195	1247	3
195	1319	1
195	760	1
195	567	1
195	1241	2
195	553	2
195	540	2
195	640	1
195	558	1
195	90	3
195	247	1
195	605	3
195	44	6
195	593	1
195	182	1
195	53	1
195	377	1
195	410	1
195	574	1
195	99	1
195	470	1
195	933	1
195	115	1
195	885	3
195	1150	3
195	432	2
195	1003	1
196	1132	3
196	1231	1
196	1037	2
196	248	12
196	250	25
196	290	1
196	641	1
196	175	1
196	1317	1
196	485	1
196	162	4
196	132	3
196	779	13
196	439	33
196	599	5
196	212	13
196	608	1
196	638	1
196	305	1
196	388	2
196	264	2
196	45	1
196	517	1
196	884	1
196	701	2
196	959	2
196	541	2
196	253	1
197	249	4
197	948	1
197	1468	1
197	182	1
197	278	4
197	1305	1
197	818	7
197	154	2
197	187	1
197	395	1
197	171	9
197	754	1
197	396	1
197	753	5
197	308	1
197	1286	1
197	226	3
198	36	1
198	251	1
198	76	1
198	125	1
198	1311	1
198	371	1
198	1340	1
198	1566	2
198	247	2
198	1370	2
198	1257	1
198	1264	1
198	261	1
198	239	1
198	1059	1
198	1069	1
198	491	1
198	32	1
199	803	4
199	99	4
199	44	1
199	234	1
199	843	1
199	403	1
199	150	1
199	1383	1
199	896	1
199	1027	1
199	1238	1
199	45	1
199	920	7
199	821	1
19	20	3
19	986	1
19	709	1
19	424	1
19	260	2
19	938	1
19	833	1
19	719	2
19	769	2
19	244	3
19	695	1
19	364	1
19	524	1
19	610	1
19	1515	1
19	137	1
19	1016	2
19	420	1
19	1352	1
19	802	1
19	1427	2
1	1	1
1	13	1
1	201	1
1	252	3
1	226	1
1	874	1
1	208	1
1	3	1
1	1284	1
200	1403	1
200	1234	1
200	1314	1
200	1159	2
200	340	6
200	252	2
200	1501	1
200	8	1
200	1414	1
200	611	1
200	87	1
200	658	1
200	1496	2
200	206	2
200	523	1
200	1036	2
200	249	1
200	549	2
200	550	1
200	769	1
200	266	1
200	1163	2
200	919	1
200	278	1
200	1136	1
201	255	1
201	1290	1
201	1198	1
201	260	2
201	764	1
201	245	1
201	249	2
202	195	1
202	1362	1
202	45	13
202	18	2
202	401	1
202	405	1
202	508	2
202	403	4
202	847	1
202	1529	1
202	488	5
202	38	1
202	450	1
202	735	1
202	577	1
202	897	1
202	1315	1
202	297	3
202	379	2
202	1347	2
202	987	1
202	1608	1
202	83	1
202	414	1
202	407	2
202	1042	1
202	867	1
202	506	1
202	1232	1
202	837	4
202	205	1
202	264	1
202	53	1
202	615	1
202	133	4
202	507	1
202	669	2
202	1472	1
202	698	1
202	772	1
202	263	2
202	1179	1
203	36	25
203	399	1
203	125	1
203	126	1
203	428	2
203	760	1
203	1032	1
204	85	1
204	3	3
204	171	7
204	18	1
204	157	1
204	54	2
205	90	1
205	1340	1
205	256	3
205	174	1
205	200	1
205	348	1
205	96	1
205	30	1
205	1061	1
205	274	1
205	253	1
205	1233	1
205	1360	1
205	627	1
205	259	1
205	829	1
205	249	1
205	269	1
205	101	1
205	491	1
205	1082	1
205	448	1
205	1168	1
205	578	1
205	567	1
205	432	1
205	457	1
206	257	3
206	113	2
206	1277	1
206	1004	1
206	1160	2
206	682	1
206	419	1
206	510	2
206	33	1
206	1569	1
206	1063	1
206	44	1
206	1251	1
206	840	3
206	1125	1
206	340	1
207	258	2
207	275	1
207	548	1
207	164	2
207	239	1
207	249	1
207	760	1
207	1319	1
207	1445	2
207	872	1
207	410	1
207	619	1
208	49	1
208	441	1
208	596	1
208	154	2
208	177	2
208	684	1
208	1369	1
208	217	1
208	871	1
208	127	1
208	1088	1
208	926	1
208	1548	2
209	261	1
209	1502	1
209	1138	1
209	844	1
209	403	1
209	590	6
209	14	4
209	1132	4
209	335	1
20	539	1
20	372	1
20	21	1
20	271	1
20	24	1
20	71	4
20	594	1
20	130	3
20	506	9
20	613	1
20	1600	2
20	1080	1
20	208	1
20	1165	1
20	45	2
20	11	1
20	875	1
20	1171	2
20	1472	1
20	403	2
20	862	1
20	802	1
20	109	1
20	146	1
20	440	1
20	1248	1
20	868	3
20	710	1
20	1362	1
20	133	3
20	682	1
20	1570	2
20	247	1
20	431	1
20	855	2
20	1145	1
20	260	1
210	45	1
210	470	1
210	489	4
210	394	1
210	1352	1
210	204	1
210	683	1
210	1261	1
211	851	1
211	264	3
211	272	2
211	45	14
211	474	1
211	112	5
211	510	2
211	1293	1
211	960	1
211	205	2
211	1510	1
212	1376	1
212	265	1
212	45	5
212	83	1
212	764	1
212	365	1
212	157	3
212	1335	1
212	54	4
212	18	2
212	252	1
212	829	2
212	249	1
212	340	1
212	99	1
212	41	1
212	1137	1
212	1144	1
212	1073	1
212	821	1
212	455	1
212	44	4
212	401	1
212	711	1
213	266	1
213	87	4
213	286	3
213	277	4
213	550	4
213	919	1
213	343	1
213	76	1
213	1205	1
213	235	2
214	417	1
214	78	23
214	250	1
214	1487	2
214	551	1
214	561	1
214	364	1
214	705	6
214	181	1
214	264	1
215	323	1
215	453	1
215	536	1
215	282	2
215	1054	1
215	267	1
215	1033	1
215	1026	1
215	1453	1
215	596	1
215	1228	1
215	1227	1
215	521	1
215	589	1
215	399	2
215	411	1
215	1168	1
215	384	1
215	157	1
215	181	1
215	305	2
215	585	1
215	1424	1
215	99	2
215	45	4
215	87	1
216	268	8
216	130	1
216	1293	1
216	1358	1
216	1305	1
216	1222	2
216	1364	1
216	852	1
216	1312	1
217	898	1
217	6	1
217	575	1
217	487	1
217	343	1
217	317	4
217	103	3
217	239	1
217	268	1
217	45	2
217	1138	2
217	1356	1
217	226	1
217	687	1
217	1413	1
217	716	1
217	628	1
217	161	2
217	1197	1
217	894	1
217	169	1
217	305	1
217	625	1
217	812	1
218	587	1
218	103	1
218	150	2
218	174	1
218	169	3
218	452	4
218	983	1
218	828	1
218	1413	1
218	1110	1
218	609	1
218	1325	1
218	75	2
218	282	4
218	260	1
218	387	1
218	33	2
218	1072	1
218	658	1
218	1234	1
218	197	1
218	682	1
219	99	3
219	205	1
219	208	1
219	545	1
219	472	1
219	150	1
219	748	1
219	600	2
219	44	3
21	22	3
21	410	2
21	519	2
21	513	1
21	514	6
21	620	1
21	605	2
21	1219	2
21	227	1
21	1284	1
21	223	1
21	998	7
21	92	1
21	115	2
21	706	1
21	1335	1
21	546	1
21	813	3
21	708	6
21	44	7
21	1030	1
21	1281	1
21	45	5
21	533	2
21	99	4
21	499	5
220	270	1
220	1279	1
220	35	1
220	370	1
220	184	4
220	664	1
220	382	1
220	779	1
220	37	1
220	1217	1
220	248	1
220	1048	1
220	1132	1
220	908	5
221	1512	1
221	271	1
221	316	16
221	861	1
221	134	1
221	510	2
221	975	4
221	467	2
221	160	1
222	584	1
222	587	2
222	1285	1
222	261	1
222	11	2
222	1463	2
222	1279	1
222	385	1
222	853	1
222	70	1
222	836	2
222	41	1
222	1154	1
222	6	1
223	274	1
223	191	3
223	1491	6
223	1450	2
223	1550	1
223	657	3
223	250	7
223	1092	1
223	908	1
223	220	1
223	206	1
223	578	1
223	1201	1
224	619	1
224	276	1
224	909	2
224	676	1
224	747	1
224	499	1
224	1514	2
224	610	3
224	58	1
224	906	1
224	101	1
224	1556	1
224	481	1
224	144	1
224	584	1
224	484	1
224	92	1
225	718	3
225	6	1
225	277	9
225	981	1
225	195	1
225	394	1
225	422	1
225	910	2
225	612	2
225	833	1
225	76	3
225	567	1
225	187	1
225	610	1
225	95	1
225	403	2
225	862	2
225	125	3
225	115	3
225	254	1
225	266	1
225	7	1
225	73	1
225	1140	3
225	31	1
225	494	1
225	972	1
225	676	3
225	1135	3
225	546	1
225	1067	1
225	1257	1
225	572	1
226	130	1
226	1021	4
226	45	6
226	297	4
226	84	1
226	542	20
226	39	1
226	129	1
226	417	2
226	617	1
226	1242	1
226	803	1
226	179	2
226	1304	1
226	1537	1
226	479	1
226	673	1
226	190	1
226	982	2
226	281	1
226	1371	1
226	779	1
226	615	1
226	399	1
226	613	1
226	1256	1
226	368	1
226	403	1
226	340	1
226	687	1
226	164	1
226	31	2
227	764	1
227	1046	1
227	1576	1
227	46	1
227	608	1
227	280	1
227	872	1
227	747	1
227	746	1
227	850	1
227	724	1
227	178	1
227	1169	1
227	220	1
227	450	1
227	1582	1
228	1532	1
228	764	1
228	117	1
228	484	1
228	1153	1
228	1019	1
228	1360	1
228	952	1
228	220	2
228	1478	1
228	16	1
228	37	1
228	223	2
228	466	1
228	255	1
228	341	2
228	1341	1
228	682	1
228	536	3
228	433	1
229	268	1
229	547	1
229	826	1
229	281	2
229	295	1
229	1211	1
229	45	1
22	23	23
22	340	2
22	235	1
22	267	1
22	572	1
22	45	2
22	171	1
22	928	1
22	1088	1
22	5	1
22	4	1
22	489	1
22	399	1
22	608	1
22	326	1
22	682	1
22	593	1
22	44	2
22	735	5
22	975	3
230	553	1
230	32	3
230	282	25
230	1056	1
230	50	1
230	635	1
230	246	1
230	220	2
230	452	4
230	1319	1
230	923	10
230	249	3
230	1346	2
230	672	1
230	1194	1
230	129	1
230	1293	1
230	130	3
230	440	2
230	1527	1
230	58	1
230	605	1
230	600	1
230	1162	5
230	245	1
230	981	1
230	660	1
230	182	2
230	1540	1
230	296	1
230	1169	6
230	87	1
230	161	1
230	690	4
230	528	1
231	284	4
231	1590	1
231	223	1
231	302	1
231	928	2
231	407	1
231	389	1
231	1554	1
231	494	1
231	867	1
231	79	1
231	611	1
231	122	1
231	1576	1
231	303	1
231	788	1
231	279	1
231	1151	2
232	587	1
232	553	3
232	246	4
232	236	3
232	169	2
232	4	1
232	265	1
232	223	2
232	378	2
232	45	3
232	146	1
232	171	3
232	293	1
232	22	1
232	1376	2
232	35	1
232	560	1
232	174	1
232	919	1
232	1472	1
232	549	1
232	197	1
232	115	1
232	1556	1
232	391	1
232	637	1
232	410	1
232	53	2
232	112	1
232	226	2
232	654	2
232	558	1
232	679	2
232	911	1
232	195	1
233	440	1
233	288	79
233	1525	1
233	33	2
233	260	1
233	1258	1
233	626	1
233	244	1
233	654	2
233	32	2
233	129	1
233	613	1
233	1587	1
233	524	1
233	146	3
233	1084	1
234	388	1
234	474	1
234	279	1
234	264	1
234	1237	1
234	181	1
234	205	1
234	1327	1
234	150	4
234	45	3
234	347	1
234	570	1
234	305	1
235	65	149
235	1404	1
235	308	2
235	171	12
235	120	1
235	205	1
235	1238	1
235	169	1
235	49	1
235	1304	1
235	818	3
235	189	1
235	181	1
235	1426	1
235	195	1
235	54	9
235	32	1
235	45	12
236	325	1
236	743	1
236	1193	1
236	289	1
236	177	1
236	423	1
236	79	1
236	340	1
236	200	1
236	1476	1
236	1026	1
236	441	2
236	1419	1
237	171	27
237	465	11
237	169	1
237	150	1
237	45	1
237	818	1
237	11	1
238	171	16
238	226	2
238	318	1
238	698	1
238	157	1
238	146	1
238	44	5
238	750	1
238	637	1
238	878	1
238	491	1
238	911	2
238	1170	1
238	1411	1
239	150	1
239	293	1
239	208	1
239	319	3
239	90	1
239	169	1
239	76	1
239	699	1
239	558	1
239	1007	1
239	1015	1
239	153	1
239	1319	2
239	371	2
239	499	1
239	513	1
23	24	2
23	125	2
23	595	1
23	474	1
23	1084	1
23	526	1
23	169	6
23	378	2
23	150	3
23	343	3
23	139	1
23	14	1
23	28	1
23	33	1
23	1363	1
23	1608	1
23	312	1
23	205	1
23	807	2
23	112	1
23	1394	1
23	115	1
23	18	2
23	383	2
23	99	1
23	174	1
23	45	2
23	316	1
23	11	2
23	333	1
23	44	3
23	855	1
23	885	1
240	181	1
240	53	1
240	169	1
240	227	1
240	112	1
240	45	4
240	430	1
240	986	1
240	701	2
240	248	1
240	83	1
240	76	1
240	959	1
240	657	1
240	96	1
240	162	1
240	392	2
240	549	1
241	292	2
241	173	13
241	673	1
241	583	1
241	281	1
241	410	2
241	479	2
241	861	1
241	35	1
242	1482	3
242	249	4
242	279	1
242	545	1
242	378	1
242	8	3
242	1445	1
242	1321	1
242	25	1
242	492	1
242	844	1
242	1288	1
242	679	1
242	217	2
242	32	1
242	253	1
242	630	1
242	450	3
242	192	2
242	169	1
242	1206	1
242	1580	1
242	587	1
242	1093	1
242	53	1
242	135	1
242	916	1
242	223	3
242	44	1
243	1574	1
243	45	1
243	212	1
243	779	1
243	650	1
243	538	3
243	666	6
244	226	1
244	190	4
244	1350	1
244	205	1
244	45	1
244	33	1
244	1258	1
244	387	1
245	271	2
245	296	9
245	1089	1
245	1027	3
245	560	4
245	125	1
245	244	2
245	769	1
245	389	1
245	1072	1
245	11	1
245	260	7
245	645	1
245	1187	1
245	661	1
245	709	1
245	216	2
245	555	1
245	701	2
245	96	2
245	1021	1
245	1176	1
245	965	3
245	85	1
246	89	1
246	298	2
246	412	5
246	399	4
246	223	1
246	1398	1
246	259	1
246	959	2
247	1257	1
247	299	3
247	890	5
247	970	1
247	927	1
247	563	1
247	76	2
247	1330	6
247	744	1
247	1069	1
247	505	1
247	1527	1
247	134	2
247	247	1
247	1086	1
247	217	1
247	35	1
247	619	1
248	698	1
248	945	1
248	6	1
248	301	1
248	227	1
248	316	1
248	83	1
248	44	1
248	50	1
248	1051	1
248	654	1
248	732	1
248	693	1
248	347	1
249	250	9
249	503	4
249	556	8
249	466	1
249	637	1
249	973	1
249	1427	1
249	463	1
249	1495	1
24	8	1
24	25	1
24	6	1
24	40	7
24	716	2
24	549	1
24	898	1
24	692	3
24	414	1
24	1592	1
24	75	3
24	3	13
24	1387	1
24	307	1
24	45	2
24	44	6
24	173	18
24	1251	1
24	347	1
24	824	1
24	633	4
250	1256	1
250	244	4
250	1422	1
250	195	1
250	14	2
250	1323	1
250	574	1
250	627	1
250	1410	1
250	1347	2
250	1437	1
250	760	1
250	45	5
250	1449	1
250	1182	3
250	403	1
251	302	2
251	587	1
251	648	1
251	948	1
251	996	1
251	1333	1
251	669	1
251	560	1
251	200	1
251	555	1
251	250	2
251	300	1
251	769	1
251	1132	1
252	225	1
252	26	1
252	977	1
252	87	1
252	303	1
252	1232	12
252	370	3
252	1170	5
252	535	6
252	962	1
252	421	1
252	782	1
252	612	1
252	320	1
252	1389	2
252	669	1
252	6	3
252	1336	2
252	708	1
252	223	1
252	1002	2
252	589	1
252	1099	6
252	251	1
252	677	1
252	375	1
252	491	13
252	1161	3
252	144	1
252	4	3
252	1060	1
252	1467	1
252	862	2
252	1179	1
252	35	2
252	1285	1
252	179	12
252	1266	1
252	1331	3
253	136	3
253	48	1
253	1305	1
253	1351	1
253	1297	1
253	304	27
253	1472	1
253	78	4
253	984	1
253	1549	1
253	56	4
253	196	1
253	417	1
253	684	2
253	49	1
253	919	2
253	278	2
253	1261	1
254	368	2
254	989	1
254	305	5
254	236	26
254	49	6
254	994	1
254	1381	1
254	1432	1
254	157	2
254	1071	1
254	1316	1
254	1540	1
254	1052	1
254	828	1
254	1260	1
254	18	1
254	1318	5
254	394	3
254	1315	3
254	617	3
254	1281	2
254	1034	2
254	687	1
254	101	2
254	637	1
254	115	1
254	364	2
254	510	1
254	109	3
254	75	1
254	44	4
255	575	1
255	1153	1
255	97	1
255	698	1
255	1088	2
255	45	1
255	956	2
255	878	1
255	491	1
255	447	1
255	714	1
255	410	3
255	1275	11
255	791	1
256	208	2
256	1413	2
256	875	2
256	28	1
256	401	1
256	937	1
256	333	1
256	855	1
256	1192	1
256	375	1
256	45	1
256	817	1
256	125	1
257	306	3
257	1543	1
257	147	1
257	48	1
257	305	3
257	169	1
257	250	1
257	779	1
257	403	1
257	558	1
257	823	1
257	99	1
257	236	2
257	878	1
257	234	1
257	957	1
257	129	1
257	608	3
257	340	6
257	828	15
257	161	1
257	249	1
257	550	1
257	476	1
257	687	2
257	599	1
257	252	4
257	739	1
257	1528	1
257	931	2
257	1208	1
257	1583	1
257	553	2
257	892	1
257	244	1
257	682	1
257	603	2
257	146	1
257	522	1
257	44	5
257	907	1
257	1272	1
257	381	2
257	472	2
257	53	8
257	874	1
257	798	1
257	168	1
258	307	4
258	1042	2
258	428	1
258	3	1
258	1453	1
258	1179	1
258	1059	1
258	223	1
258	862	1
258	562	1
258	1361	1
258	44	3
258	1223	1
258	417	1
258	1166	1
259	205	10
259	376	1
259	800	1
259	1315	1
259	236	1
259	28	1
259	485	2
259	195	1
259	45	16
259	1130	6
259	168	1
259	1351	1
259	305	1
259	1405	10
259	908	1
25	26	22
25	599	1
25	352	1
25	1160	1
25	370	1
25	586	1
260	834	1
260	310	1
260	45	3
260	359	1
260	568	1
260	978	1
260	295	1
260	558	1
261	311	5
261	204	2
261	1477	4
261	438	1
261	1099	1
261	1602	1
261	70	1
262	1046	1
262	718	2
262	206	12
262	855	1
262	77	1
262	1033	1
262	861	1
262	1498	1
262	104	1
262	266	1
262	1269	2
262	716	1
262	372	1
262	496	3
262	418	1
262	45	5
262	860	3
262	427	2
262	472	2
262	895	1
262	305	1
262	1472	3
262	465	1
262	1444	2
262	164	2
262	88	1
262	275	2
262	315	1
262	779	3
262	212	1
262	652	1
262	244	1
262	286	2
262	608	1
262	447	1
262	1547	1
262	1316	1
262	1473	1
262	533	1
262	90	3
262	1238	8
262	146	3
262	171	5
262	1304	3
262	71	2
262	689	1
262	169	7
262	76	3
262	253	2
262	964	1
262	297	1
262	630	1
262	636	1
262	129	3
262	208	1
262	155	1
262	38	1
262	1212	1
262	1358	1
262	49	1
262	1318	2
262	39	1
262	1438	2
262	1522	1
262	483	1
262	65	2
262	341	1
262	480	1
262	1494	1
262	1147	1
262	1044	1
262	51	1
262	1165	1
262	972	1
262	523	4
262	611	4
262	1336	1
262	1353	1
262	1367	1
262	274	2
262	1184	1
262	249	2
262	327	1
262	633	1
262	710	4
262	347	2
262	681	1
262	157	1
262	1251	1
262	328	1
262	1181	8
262	1246	10
262	872	1
262	110	1
262	454	1
262	634	2
262	577	3
262	1015	5
262	323	1
262	1264	2
262	1007	2
262	91	2
262	1566	1
262	735	2
262	1214	2
262	432	3
262	99	4
262	684	2
262	264	1
262	18	1
262	174	1
262	312	2
262	600	4
262	55	4
262	58	2
262	598	4
262	59	3
262	44	9
262	593	3
262	514	1
263	115	1
263	442	1
263	441	1
263	980	1
263	6	1
263	73	2
263	1493	1
263	1438	1
263	66	2
263	1285	1
263	366	1
263	708	1
263	1183	4
263	1534	1
263	1489	1
263	1588	1
263	92	1
264	427	1
264	312	11
264	14	2
264	83	2
264	731	2
264	359	8
264	164	1
264	11	2
264	78	1
264	650	1
264	1268	2
264	444	2
264	481	1
264	703	1
264	196	10
264	1299	1
264	453	1
264	1533	1
264	1362	1
264	112	1
264	1387	1
264	667	4
264	1214	1
264	96	10
264	428	1
264	562	1
264	1041	1
264	40	3
264	465	3
264	549	1
264	244	1
264	173	2
265	313	5
265	45	14
265	39	1
265	549	1
265	365	1
265	174	1
265	227	8
265	596	2
265	305	1
265	1418	1
265	769	4
265	638	2
265	44	1
265	77	2
265	55	1
265	593	1
265	264	1
265	419	1
265	615	1
265	81	1
265	1154	1
265	575	1
265	161	1
265	884	1
265	650	1
265	1274	2
266	314	5
266	604	1
266	206	1
266	44	1
266	769	3
266	889	4
267	44	1
267	315	3
267	1413	1
267	606	1
267	1168	1
267	1138	1
267	825	1
267	90	1
267	1015	1
267	76	2
267	134	1
267	405	1
267	415	1
267	1425	1
267	244	1
268	314	4
268	761	1
268	308	1
268	630	1
268	10	1
268	1562	1
268	820	1
268	1059	1
268	12	1
268	822	1
268	595	1
268	214	1
269	314	3
269	1313	1
269	319	1
269	403	1
269	223	1
269	259	1
269	1036	3
269	433	2
269	769	2
269	282	2
26	712	1
26	1034	1
26	562	1
26	27	14
26	0	13
26	3	3
26	45	2
26	615	1
26	545	1
26	417	1
26	1042	1
26	187	1
26	987	1
26	862	1
270	318	3
270	169	8
270	253	3
270	567	1
270	11	2
270	83	5
270	150	5
270	50	1
270	18	4
270	112	7
270	956	1
270	1343	2
270	343	2
270	129	1
270	426	1
270	708	2
270	1315	1
270	432	1
270	1354	1
270	99	1
271	320	5
271	159	1
271	115	1
271	576	1
271	200	1
271	974	2
271	1169	2
271	921	1
271	688	1
271	1469	1
271	1302	1
271	791	1
271	223	1
271	399	1
271	178	1
271	249	1
271	669	1
271	1497	1
271	155	1
271	94	1
272	6	1
272	698	1
272	338	1
272	321	2
272	894	1
272	566	1
272	1475	1
272	1173	1
272	730	1
272	45	1
272	83	1
272	410	1
273	323	4
273	577	3
273	424	1
273	497	1
273	1308	1
273	656	1
273	572	1
273	199	1
273	35	2
274	324	4
274	325	3
274	399	1
274	128	1
274	76	1
274	1192	1
275	36	3
275	1384	1
275	859	1
275	209	1
275	217	1
275	442	1
276	533	4
276	326	18
276	1386	1
276	68	1
276	684	6
276	585	1
276	1221	1
276	754	1
276	1479	1
276	58	1
276	410	2
276	377	1
276	172	1
277	44	1
277	371	2
277	327	1
277	903	2
277	337	14
277	892	2
277	946	1
277	145	1
277	33	3
277	350	1
277	646	1
277	521	1
277	31	1
277	344	1
277	205	1
277	851	1
277	665	1
277	1180	1
277	1160	1
277	613	1
277	941	1
277	648	1
277	100	2
277	794	1
277	1101	1
277	323	1
277	253	1
277	1413	2
277	1421	1
278	727	1
278	995	1
278	707	1
278	1285	1
278	1300	1
278	1207	1
278	1369	1
278	1312	1
278	7	1
278	421	3
278	414	2
278	1004	1
278	85	1
278	84	1
278	991	2
278	442	3
278	589	1
278	743	2
278	594	1
278	1323	1
278	97	1
278	805	1
278	420	1
278	1001	1
278	1062	1
278	412	1
278	310	1
278	1319	1
278	566	1
278	77	1
278	4	1
278	151	1
278	612	1
278	767	2
278	444	1
278	115	6
278	1124	1
279	3	6
279	584	1
279	553	1
279	39	1
279	328	1
279	579	6
279	236	2
279	305	1
279	171	3
279	1242	1
279	838	2
279	1540	1
279	1376	1
279	499	1
279	312	1
279	1212	1
279	112	2
279	53	2
279	378	1
279	45	2
279	83	1
279	173	1
279	633	1
279	982	1
279	679	2
279	1472	1
27	15	63
27	253	102
27	140	10
27	90	3
27	567	1
27	432	2
27	371	3
280	89	1
280	329	3
280	410	1
280	833	1
280	389	1
280	1427	1
280	578	1
280	851	2
280	365	1
280	83	1
280	845	1
281	330	1
281	610	1
281	1545	1
281	87	1
281	44	3
281	654	1
281	45	2
281	76	1
281	1423	3
281	250	2
281	1427	1
281	682	1
281	187	1
281	1397	1
281	115	1
282	37	7
282	429	2
282	769	1
282	1496	1
282	611	1
282	274	1
282	273	1
282	197	1
282	1461	1
282	1495	2
282	63	1
282	254	3
282	45	4
282	383	1
282	1387	1
282	157	1
282	716	1
282	1044	2
282	440	1
282	1430	1
282	819	1
282	889	8
282	340	2
282	676	1
282	18	1
282	125	1
283	333	1
283	336	2
283	412	1
283	1573	4
283	430	1
283	1275	1
283	1199	1
283	645	1
283	965	1
283	613	1
283	669	1
283	1600	1
283	708	1
283	779	2
283	1565	5
283	44	1
283	59	1
284	334	2
284	1529	1
284	399	2
284	412	1
284	631	1
284	1398	1
284	1482	2
284	737	1
284	1250	1
284	499	1
284	257	1
285	594	1
285	1219	1
285	134	2
285	92	1
285	335	19
285	1175	1
285	257	3
285	1211	1
285	217	1
285	685	1
285	115	1
285	782	1
285	428	2
286	76	3
286	1266	1
286	4	1
286	491	2
286	247	1
286	1075	1
286	173	1
286	197	1
286	1192	2
287	862	1
287	124	1
287	1401	2
287	45	4
287	489	1
287	516	1
287	74	3
287	102	5
287	1520	1
287	754	1
287	268	1
287	976	1
287	231	1
287	773	2
287	1022	2
287	919	2
287	147	2
287	753	1
287	279	1
287	150	1
288	1500	2
288	894	1
288	1027	1
288	44	3
288	709	2
288	406	2
288	420	1
288	768	2
288	79	1
288	994	1
288	344	2
288	801	1
288	467	1
288	1393	1
288	216	2
288	1179	1
288	575	1
288	1445	1
288	745	3
288	1430	1
288	940	1
288	375	1
288	223	2
288	663	1
288	1598	2
288	81	1
288	1196	1
288	1367	1
288	769	1
289	228	75
289	683	1
289	45	2
289	478	1
289	1032	10
289	826	1
289	2	2
289	1392	1
289	205	1
28	28	2
28	39	1
28	45	26
28	87	3
28	122	1
28	99	4
28	56	2
28	152	1
28	155	1
28	129	13
28	112	20
28	75	1
28	181	5
28	203	2
28	133	17
28	210	14
28	119	4
28	227	16
28	150	2
28	233	1
28	53	7
28	189	1
28	49	1
28	383	2
28	388	3
28	1260	1
28	196	1
28	1335	2
28	202	1
28	693	1
28	169	1
28	1020	1
28	18	1
28	1171	1
28	130	1
28	472	6
28	260	1
28	71	3
28	146	2
28	322	5
28	533	8
28	522	1
290	339	4
290	403	2
290	1413	1
290	809	2
290	1081	1
290	510	1
290	1459	1
290	660	1
290	606	1
290	1399	1
290	1350	3
290	269	1
290	98	1
290	1179	1
290	825	1
290	948	8
290	1607	1
290	1059	1
290	77	1
290	399	1
291	249	1
291	1514	1
291	216	2
291	375	1
291	386	4
291	709	2
291	484	3
291	463	1
291	300	1
291	1044	1
291	733	2
291	611	1
291	406	3
291	363	1
291	1139	1
291	578	1
291	11	1
291	1377	1
291	685	1
291	1366	1
291	19	6
291	1055	1
291	1200	1
291	1388	1
291	592	1
292	215	1
292	86	1
292	1170	4
292	755	1
292	658	1
292	781	2
292	195	1
292	1557	1
292	1121	1
292	714	1
292	197	1
292	32	4
292	31	1
292	1179	2
292	428	1
292	1350	2
292	207	2
292	829	1
293	371	1
293	208	1
293	341	1
293	719	1
293	45	1
293	272	1
293	316	2
293	1559	1
293	1318	2
293	12	1
293	567	1
293	1363	3
293	181	1
293	843	2
293	1340	1
293	1370	1
293	1096	4
293	1576	1
293	432	2
293	1310	1
293	510	1
293	936	1
293	1027	1
293	1400	1
293	20	2
293	765	3
294	1337	1
294	795	3
294	344	1
294	440	1
294	146	1
294	399	1
294	1509	1
294	613	1
294	1319	1
294	626	1
294	648	1
294	1180	1
294	244	4
294	161	2
294	1150	1
294	1257	1
294	1394	1
294	855	2
294	883	1
294	836	1
294	1445	1
294	246	2
294	972	1
294	965	1
294	1600	1
294	801	1
294	1084	1
294	1224	1
294	1585	1
294	184	1
294	830	1
294	85	1
295	6	1
295	489	1
295	367	1
295	431	1
295	90	3
295	187	1
296	704	1
296	1485	1
296	389	1
296	346	1
296	385	2
296	457	2
296	36	2
296	230	1
296	407	1
296	665	1
296	151	1
296	244	4
296	1007	1
296	657	1
296	184	1
296	132	1
296	878	1
296	400	1
296	442	2
296	414	1
296	873	1
296	191	1
296	1060	1
296	229	1
296	789	1
296	1561	1
296	1018	2
296	73	1
296	1185	3
296	404	1
297	347	3
297	264	1
297	379	1
297	226	10
297	39	1
297	1438	1
297	919	1
297	615	1
297	539	1
297	227	1
297	164	2
298	516	8
298	143	1
298	1401	4
298	402	2
298	74	5
298	231	2
298	512	18
298	102	14
298	151	1
298	559	12
298	138	2
298	696	2
298	1220	2
298	72	2
298	976	1
298	193	2
299	348	26
299	144	1
299	1492	1
299	135	1
299	1106	1
299	1143	1
299	612	1
299	156	1
29	29	31
29	79	79
29	82	76
29	84	82
29	85	73
29	1229	2
29	45	1
29	106	5
29	257	1
29	986	2
29	534	1
29	1514	4
29	1092	1
29	434	1
29	184	1
29	657	1
29	1098	2
29	991	32
29	1091	8
29	948	1
29	999	1
29	217	1
29	300	21
29	701	39
2	2	1
2	1031	1
2	917	1
2	771	1
2	114	1
2	896	1
2	35	4
2	909	1
2	1156	2
300	888	1
300	87	8
300	223	1
300	11	1
300	259	1
300	578	2
300	282	1
300	905	2
300	627	2
300	242	1
300	1136	1
300	871	1
300	460	1
301	117	21
301	253	1
301	410	1
301	827	1
301	1156	1
301	187	1
302	1303	1
302	349	1
302	389	1
302	223	1
302	269	1
302	200	2
302	184	2
302	430	1
302	544	1
302	414	1
302	344	1
302	797	4
303	1183	1
303	909	1
303	270	1
303	350	1
303	391	3
303	1010	1
303	399	1
303	411	1
303	1445	1
303	223	1
303	258	1
303	460	1
303	503	2
304	1088	1
304	6	1
304	1289	1
304	1191	1
304	1416	1
304	410	1
304	351	5
304	1277	1
304	1420	1
305	481	1
305	829	1
305	23	1
305	45	1
305	399	1
305	134	1
305	331	1
305	832	1
306	99	1
306	147	2
306	174	4
306	49	3
306	368	1
306	915	1
306	978	1
306	1133	1
306	101	2
306	637	3
306	1052	1
306	278	1
306	347	1
306	134	2
306	621	3
306	415	1
306	44	1
306	1012	1
306	54	2
306	1071	1
306	67	1
307	370	1
307	286	1
307	137	1
307	1191	1
307	84	1
307	352	1
307	1568	1
307	45	5
307	544	1
307	1016	1
307	187	2
307	1422	1
307	437	1
307	1400	1
308	724	7
308	397	1
308	353	2
308	516	8
308	559	6
308	862	2
308	1073	1
308	45	1
308	329	1
308	696	2
308	1565	1
308	1601	1
308	856	16
308	17	2
308	1220	1
308	433	1
308	1108	2
309	85	1
309	194	13
309	510	1
309	316	3
309	45	1
309	1212	1
309	302	1
309	1373	3
309	16	1
309	195	1
309	676	1
309	410	3
309	200	1
309	451	1
309	982	1
309	875	1
309	420	1
30	30	1
30	372	2
30	760	2
30	499	1
30	738	1
30	32	2
30	805	1
30	1371	1
30	172	2
30	45	2
30	583	1
30	871	1
30	114	1
30	1445	1
30	44	4
30	99	1
30	1154	1
30	1176	1
30	1130	2
310	672	1
310	354	3
310	450	1
310	495	1
310	1153	1
310	841	3
310	575	1
310	898	2
310	1159	1
310	1011	1
310	603	2
310	206	1
310	859	1
310	633	3
311	1373	2
311	355	1
311	387	1
311	1332	9
311	84	1
311	85	4
311	660	1
311	42	1
311	428	1
311	1163	1
311	115	2
311	153	1
311	606	1
311	716	1
311	244	2
311	449	1
311	1084	2
311	403	2
311	978	1
311	37	1
311	784	1
312	320	2
312	509	1
312	74	3
312	93	8
312	829	1
312	45	2
312	231	8
312	516	14
312	1255	1
312	559	3
312	512	12
312	854	2
312	876	2
312	647	2
312	856	6
312	1401	4
312	773	4
312	102	18
312	353	4
312	57	2
312	143	4
312	775	4
312	976	3
313	250	5
313	60	1
313	860	2
313	45	3
313	889	1
313	1225	2
314	209	1
314	114	1
314	356	38
314	73	2
314	1060	1
314	223	1
314	357	1
314	612	1
315	153	1
315	357	1
315	489	1
315	909	1
315	36	1
315	115	4
315	421	1
315	1563	1
315	916	1
316	67	1
316	331	5
316	414	1
316	11	2
316	375	1
316	14	1
316	344	1
316	190	4
316	208	2
316	792	1
316	646	2
317	358	1
317	142	1
317	1404	1
317	584	1
317	872	1
317	212	2
317	184	1
318	359	1
318	578	13
318	399	1
318	962	2
318	1173	2
318	32	1
318	122	1
318	833	1
318	1275	2
318	1099	1
318	263	1
318	609	3
318	322	1
318	1069	1
318	1438	1
318	1289	2
318	106	1
318	33	1
318	1513	1
318	1127	1
318	871	1
318	1369	1
319	6	2
319	698	1
319	489	1
319	1431	1
319	957	1
319	130	2
319	1575	1
319	89	1
319	1326	1
319	340	4
319	23	1
319	389	1
319	1293	4
319	618	2
319	263	1
319	1071	4
319	18	1
319	1478	1
319	11	4
319	1512	2
319	223	2
319	262	1
319	1561	1
319	451	1
319	39	2
319	341	1
319	1348	1
319	682	2
319	918	7
319	548	1
319	578	3
319	137	1
319	673	1
319	479	5
319	1392	1
319	472	1
319	684	4
319	1148	1
319	333	1
319	872	2
319	45	11
31	535	1
31	31	30
31	578	2
31	263	1
31	1279	1
31	351	1
31	489	1
320	660	1
320	223	1
320	672	1
320	1114	1
320	450	1
320	387	2
320	624	1
320	1346	1
320	339	6
320	167	1
320	1529	1
320	733	1
320	1185	40
320	1413	1
321	206	1
321	360	31
321	361	14
321	151	7
321	854	1
321	171	1
321	1054	1
321	282	1
321	1005	1
321	18	1
321	1260	1
321	273	1
321	44	1
322	724	2
322	363	1
322	259	2
322	1295	1
322	395	2
322	1016	1
322	944	1
322	53	1
322	492	1
322	859	1
322	187	1
322	787	1
322	948	2
322	871	1
322	708	1
322	282	1
322	834	1
322	1243	1
322	1456	1
322	210	1
322	410	1
323	1228	1
323	323	5
323	42	3
323	216	1
323	411	1
323	412	1
323	399	1
323	341	1
323	1435	2
323	894	2
323	310	1
323	1404	1
323	648	1
323	1457	1
323	1144	2
323	963	8
323	491	2
323	329	1
323	669	1
323	32	1
323	1123	10
323	114	1
323	172	1
323	701	1
324	364	2
324	862	1
324	44	5
324	1293	1
324	100	2
324	205	12
324	646	10
324	208	1
324	826	1
324	633	1
324	427	1
324	1137	1
324	58	3
324	928	1
324	530	1
324	45	6
324	174	2
324	838	2
324	792	2
324	1394	4
324	1537	2
324	615	2
324	1315	1
324	3	2
324	112	1
324	169	1
324	1608	1
324	297	1
324	1411	1
324	18	1
324	572	1
324	319	1
324	190	7
324	698	1
324	1047	2
324	264	1
324	253	1
324	403	1
324	1407	3
325	611	1
325	1592	1
325	865	1
325	369	1
325	504	1
325	1562	2
325	410	1
325	85	1
325	760	1
326	1455	1
326	373	1
326	393	1
326	1512	1
326	85	1
326	399	1
326	412	1
326	200	2
326	223	1
326	578	1
326	628	1
326	915	1
327	1191	1
327	1466	3
327	507	5
327	374	3
327	617	1
327	875	3
327	368	1
327	213	2
327	1400	1
327	749	7
327	752	2
328	260	3
328	161	1
328	398	1
328	164	8
328	418	1
328	45	16
328	174	14
328	90	1
328	486	1
328	500	4
328	195	1
328	564	1
328	83	1
328	863	1
328	1001	2
328	524	1
328	1060	1
328	1508	1
328	693	1
328	1265	1
328	1240	1
328	1198	1
328	278	1
328	1505	1
328	1381	1
328	56	2
328	206	1
328	491	1
328	1202	1
328	378	1
328	150	2
328	279	2
328	133	1
328	427	2
328	413	1
328	147	1
328	44	2
328	593	1
328	1297	1
328	819	1
328	708	1
328	1079	1
329	376	1
329	422	1
329	1008	1
329	1266	1
329	869	1
329	1001	1
32	1242	5
32	378	4
32	1138	1
32	1241	2
32	32	50
32	33	51
32	96	3
32	375	4
32	146	5
32	765	1
32	807	1
32	1472	3
32	169	33
32	174	3
32	272	2
32	662	2
32	648	2
32	769	1
32	161	1
32	1258	2
32	99	1
32	147	1
32	181	3
32	1413	1
32	667	1
32	239	1
32	172	1
32	440	1
32	542	1
32	343	2
32	583	1
32	1356	1
32	901	1
32	1224	1
32	656	1
32	640	2
32	593	1
32	44	1
32	371	1
32	244	2
32	923	2
32	150	7
330	764	1
330	217	1
330	494	1
330	503	1
330	871	2
330	377	2
330	7	1
330	6	2
330	698	1
330	771	1
330	212	3
330	563	1
330	380	1
330	1420	1
330	136	1
330	125	2
330	1371	1
330	166	1
330	391	2
330	300	1
330	223	1
330	200	1
330	682	1
331	359	2
331	378	14
331	520	3
331	18	3
331	1189	1
331	414	1
331	394	3
331	44	1
331	456	1
331	128	1
331	45	3
331	129	2
331	1014	4
331	1374	11
331	196	4
331	425	2
331	11	10
331	249	2
331	550	1
331	633	1
331	61	1
331	851	5
331	126	1
331	341	1
331	1348	1
331	161	1
331	466	1
331	103	3
331	1542	4
331	461	1
331	87	4
331	1261	1
331	1023	1
331	49	2
331	426	1
331	565	2
331	187	1
331	112	1
331	1385	1
331	1366	1
332	7	1
332	181	1
332	44	4
332	88	8
332	1400	1
332	169	1
332	471	1
332	1162	1
332	903	3
332	1007	1
332	70	1
332	103	1
333	672	1
333	370	1
333	752	1
333	223	3
333	382	3
333	296	4
333	1291	1
333	1091	1
333	468	1
333	1189	1
333	899	1
333	156	1
333	1044	1
333	1460	1
333	225	1
333	37	1
333	524	1
333	1412	1
333	1139	2
333	86	2
333	144	1
333	389	1
333	1554	1
333	1257	1
333	1093	1
333	584	1
333	36	1
333	878	1
334	702	1
334	1403	1
334	114	1
334	45	1
334	190	1
334	134	1
334	1016	13
335	382	1
335	307	1
335	75	1
335	3	3
335	449	1
335	428	2
335	494	1
335	330	1
335	4	6
335	578	1
335	223	2
335	23	1
335	253	1
335	453	1
335	661	1
335	1214	1
335	11	1
335	151	1
335	0	1
335	9	1
336	220	1
336	12	1
336	387	1
336	497	18
336	641	1
336	1572	1
336	1021	1
336	1309	2
336	458	1
336	33	2
336	646	1
336	945	1
336	478	1
336	515	1
336	31	1
336	683	1
336	1162	15
336	817	1
336	137	1
336	868	1
336	1413	2
336	506	4
337	410	1
337	444	1
337	862	1
337	1338	1
337	289	1
337	144	1
337	490	1
337	389	1
337	115	1
338	179	1
338	390	6
338	263	1
338	523	1
338	146	1
338	203	1
338	431	1
338	1595	1
338	767	1
338	235	1
338	90	2
338	567	1
338	469	1
338	323	1
339	257	1
339	71	1
339	352	5
339	1319	1
339	1221	1
339	1124	3
339	741	6
339	586	1
339	1059	1
339	377	1
339	499	1
339	1219	1
339	92	2
339	182	1
339	272	1
339	1328	1
33	34	4
33	1339	1
33	573	1
33	172	1
33	823	1
33	1071	1
33	1553	1
33	862	2
33	68	3
33	816	1
33	216	1
33	863	1
340	466	1
340	415	1
340	1322	1
340	395	1
340	408	1
340	518	1
340	179	2
340	1061	3
340	253	1
340	206	1
340	628	1
340	1355	1
340	625	1
340	341	1
340	397	3
341	545	1
341	45	14
341	99	1
341	383	2
341	171	4
341	1305	1
341	413	1
341	1467	2
341	958	1
341	753	1
341	1058	1
341	684	1
341	1507	1
341	227	2
341	708	1
341	18	1
341	642	1
341	157	2
341	174	2
341	58	1
341	54	1
341	427	1
341	44	3
341	591	1
341	217	2
341	948	1
342	482	1
342	89	1
342	399	1
342	1302	1
342	414	2
342	144	3
342	223	2
342	410	1
342	341	1
342	736	1
342	1493	1
342	1064	1
343	400	1
343	200	1
343	246	1
343	1241	1
343	220	1
343	219	1
343	263	1
343	1182	1
343	577	2
343	199	1
343	1031	1
343	611	2
343	225	1
343	76	1
343	738	1
343	98	1
343	1024	1
343	853	1
343	722	1
343	1414	6
343	25	4
343	624	10
343	320	1
344	427	1
344	769	1
344	403	1
344	440	1
344	18	1
344	502	1
345	341	1
345	404	6
345	1404	1
345	1349	2
345	330	2
345	1471	1
345	1000	1
345	1408	2
345	1443	1
346	406	2
346	760	1
346	1551	1
346	1342	1
346	135	2
346	261	4
346	1565	1
346	1084	2
346	1072	1
346	745	3
346	296	6
346	1224	1
346	708	1
346	1033	1
346	592	26
346	640	1
347	407	1
347	1445	1
347	632	1
347	822	1
347	666	1
347	954	1
347	219	1
347	237	1
347	1330	1
347	1123	1
347	1144	1
347	36	1
347	1456	1
348	910	1
348	219	1
348	13	1
348	1455	1
348	1185	1
348	726	1
348	352	3
348	421	1
348	410	2
348	1476	3
348	531	1
348	7	1
348	1605	2
348	810	1
348	1430	1
348	223	1
349	49	2
349	50	1
349	196	10
349	522	1
349	1053	2
349	112	4
349	417	5
349	3	1
349	171	1
349	53	1
349	924	2
349	465	2
349	45	2
349	1222	1
349	500	1
34	592	2
34	89	1
34	35	3
34	300	1
34	83	1
34	14	1
34	325	3
34	1179	1
34	926	2
34	830	1
34	36	1
34	883	1
34	1548	2
34	659	1
34	128	2
34	1298	1
34	37	12
350	44	3
350	795	4
350	838	1
350	205	2
350	266	1
350	628	1
350	415	1
350	370	7
350	288	2
350	190	3
350	1212	1
350	1284	1
350	133	7
350	1145	5
350	939	2
350	654	1
350	843	1
350	646	4
350	1133	1
350	11	1
350	965	1
350	1609	1
350	1188	1
350	272	2
350	1027	1
350	683	1
350	327	1
350	244	5
350	1184	1
350	641	1
350	1095	2
350	1350	1
350	1017	2
350	817	1
350	137	1
350	868	1
350	1138	1
350	988	1
350	239	1
350	524	1
350	1226	1
350	626	5
350	662	3
350	1342	1
350	1267	1
350	1021	3
350	506	10
350	497	2
350	1281	1
350	412	1
350	855	1
350	14	3
350	590	1
350	1150	1
350	1074	1
350	216	1
350	24	1
350	1316	1
351	1457	2
351	765	1
351	205	1
351	1137	1
351	886	6
351	699	17
351	453	6
351	416	26
351	71	5
351	169	10
351	150	5
351	461	2
351	45	1
351	615	2
351	1304	1
351	472	1
351	431	1
351	1341	1
351	848	2
351	903	9
351	133	1
351	961	1
351	80	1
351	1299	9
351	429	1
351	247	2
351	458	16
351	256	1
351	681	1
351	417	4
351	673	1
351	479	2
351	196	1
351	129	3
351	1358	1
351	18	1
352	227	1
352	1206	3
352	60	1
352	44	2
352	235	1
352	1506	1
352	53	1
353	115	4
353	438	1
353	247	1
353	1232	1
353	411	2
353	399	1
353	645	1
353	307	4
353	216	3
353	197	2
353	144	1
353	223	1
353	45	2
353	674	1
353	1179	1
353	1196	1
353	480	1
353	98	2
353	66	3
353	174	1
354	370	3
354	504	1
354	738	1
354	1371	1
354	1060	1
354	1598	1
354	1027	1
354	938	1
354	263	1
355	419	13
355	340	1
355	206	1
355	718	10
355	1191	1
355	872	1
355	1014	1
356	52	1
356	192	1
356	111	1
356	44	1
356	1112	1
356	582	2
356	997	1
357	271	1
357	1228	1
357	857	1
357	1021	1
357	506	2
357	415	1
357	1509	1
357	613	2
357	399	1
357	403	4
357	14	1
357	1256	1
357	44	2
357	1600	1
357	223	1
357	24	1
357	802	1
357	1056	3
357	45	1
357	414	1
357	678	1
357	1570	2
357	574	1
357	868	1
357	1218	1
358	662	1
358	205	1
358	427	1
358	378	1
358	32	3
358	769	1
358	33	3
358	343	1
358	150	2
358	792	1
358	127	3
358	648	1
358	323	3
358	1584	1
358	44	4
358	1345	1
358	552	1
358	926	5
359	350	12
359	1264	1
359	720	6
359	965	1
359	371	1
359	682	1
359	410	2
359	988	1
359	10	1
35	1244	1
35	36	80
35	1536	2
35	1179	1
35	35	2
35	1243	1
35	1300	4
35	29	1
35	115	2
35	412	1
35	399	1
35	1398	1
35	22	1
35	494	2
35	45	1
35	293	1
35	774	1
35	560	1
35	589	1
35	599	2
35	125	1
35	1319	1
35	1595	1
35	263	2
35	31	1
35	126	1
35	223	4
35	1367	1
35	317	1
360	1056	1
360	71	5
360	837	4
360	195	6
360	1343	1
360	488	2
360	630	2
360	451	1
360	234	1
360	891	1
360	265	1
360	45	3
360	1250	1
360	297	1
360	1373	1
360	1480	1
361	889	2
361	1201	1
361	423	1
361	348	1
361	200	1
361	1233	1
361	229	1
361	627	1
361	432	1
361	1246	1
361	83	1
362	755	1
362	247	1
362	126	1
362	757	1
362	449	1
362	1228	1
362	424	1
362	293	1
362	174	1
362	1225	1
363	1113	1
363	234	27
363	451	3
363	611	2
363	1140	2
363	141	1
363	1067	1
364	590	1
364	427	2
364	1273	1
364	239	1
364	45	3
364	489	1
364	83	1
364	1199	1
364	1569	2
364	370	1
364	32	5
364	888	5
365	1355	1
365	428	1
365	436	2
365	1342	1
365	159	1
365	976	2
365	405	1
365	282	1
365	773	1
365	611	1
365	176	1
365	4	1
365	142	1
365	24	1
365	1027	1
365	1570	1
365	717	1
365	775	1
365	1539	1
365	440	1
365	399	2
365	1587	2
365	206	1
365	146	1
365	516	1
365	161	1
365	244	2
365	403	2
365	1180	1
365	85	1
365	1220	1
365	263	1
365	955	1
365	427	2
366	90	1
366	493	1
366	429	2
366	431	2
366	247	1
366	656	2
366	778	1
367	587	1
367	965	1
367	236	1
367	265	1
367	432	1
367	443	1
367	458	1
367	90	1
367	716	1
367	1110	1
367	11	1
368	460	1
368	360	1
368	314	1
368	433	1
368	587	1
368	1605	1
368	1230	1
368	259	1
368	584	1
368	86	1
368	868	1
369	1241	1
369	469	1
369	367	1
369	150	2
369	45	9
369	171	1
369	1096	1
369	1467	1
369	1056	1
369	957	1
369	1362	1
369	491	1
369	1058	1
36	37	36
36	191	1
36	210	1
36	1090	2
36	6	1
36	594	1
36	1113	1
36	1300	1
36	1143	1
36	955	1
36	760	1
36	125	1
36	257	1
36	263	1
370	435	3
370	445	3
370	442	1
370	916	1
370	115	8
370	674	2
370	460	2
370	782	1
370	172	1
370	125	1
370	743	1
371	849	1
371	42	2
371	764	1
371	399	1
371	446	1
371	412	1
371	411	1
371	772	1
371	263	1
371	251	1
371	769	1
371	1367	1
371	813	1
371	90	1
371	162	1
371	1597	1
372	46	1
372	523	1
372	367	1
372	286	2
372	161	1
372	1403	1
372	1203	1
373	398	1
373	471	1
373	259	1
373	1172	1
373	940	1
373	313	1
373	624	1
373	965	1
373	1036	1
373	739	1
373	988	1
373	495	2
373	937	1
373	99	2
373	450	1
374	1538	1
374	437	4
374	134	1
374	399	2
374	1282	1
374	738	1
374	616	1
374	663	2
374	32	1
374	125	1
374	1157	1
374	1535	1
374	713	1
374	1026	1
374	1124	1
375	76	2
375	471	3
375	1305	1
375	278	2
375	313	1
375	1162	1
375	677	3
375	480	1
375	81	1
375	1023	1
375	567	2
375	1227	2
375	1195	1
375	1457	1
375	1504	1
375	334	1
375	413	1
375	147	1
375	1528	1
375	1170	2
375	279	3
375	919	1
376	1200	1
376	356	3
376	31	1
376	1575	1
376	37	2
376	859	1
376	438	1
376	531	1
377	226	3
377	1227	1
377	208	1
377	680	1
377	1094	6
377	213	1
378	328	1
378	441	1
378	481	2
378	220	1
378	125	2
378	1049	3
378	1106	1
378	356	1
378	19	1
379	442	33
379	541	56
379	563	2
379	328	28
379	73	23
379	627	1
379	626	1
379	217	7
379	482	6
37	1300	2
37	35	65
37	22	3
37	1365	1
37	391	3
37	101	1
37	153	1
37	115	1
380	45	2
380	465	2
380	160	7
380	1044	1
380	343	1
380	44	1
380	1238	4
380	399	1
380	979	1
380	427	1
380	3	27
380	705	2
381	493	1
381	444	1
381	460	1
381	352	3
381	836	1
381	586	6
381	174	1
381	1130	1
381	1164	2
381	182	3
381	610	1
381	1166	1
381	1124	1
381	99	1
381	388	1
381	45	4
381	277	2
381	340	2
382	73	1
382	389	1
382	1441	1
382	445	1
382	399	1
382	98	1
382	546	2
382	125	1
382	481	1
382	1103	1
382	871	1
382	4	1
382	1088	1
382	1275	1
382	1199	1
382	703	2
382	708	1
382	460	1
382	541	1
382	1513	1
382	1609	1
382	45	2
383	461	1
383	181	1
383	851	5
383	129	33
383	133	57
383	264	73
383	472	11
383	492	1
383	558	1
383	227	4
383	565	4
383	139	1
383	378	3
383	119	9
383	1001	5
383	928	9
383	150	8
383	205	4
383	203	3
383	1409	1
383	213	2
383	233	3
383	1472	1
383	75	15
383	195	1
383	146	4
383	343	5
383	479	3
383	281	1
383	221	1
383	174	8
383	1068	1
383	147	1
383	799	1
383	99	2
383	333	2
383	673	1
383	591	1
383	750	1
383	305	1
383	293	1
383	1224	1
383	1335	1
383	522	2
384	447	3
384	87	1
384	1442	1
384	537	4
384	611	2
384	35	1
384	1501	1
384	769	1
384	682	1
384	714	1
385	1280	1
385	161	7
385	343	2
385	611	1
385	469	1
385	205	1
385	1346	1
385	672	1
385	244	1
385	472	1
385	45	1
385	679	1
385	535	1
385	103	1
385	249	1
385	99	2
386	403	4
386	660	4
386	448	1
386	288	1
386	244	6
386	1356	1
386	486	1
386	1101	1
386	1346	4
386	42	1
386	399	1
387	774	1
387	450	1
387	975	2
387	558	2
387	662	1
387	253	2
387	890	1
387	1329	1
387	800	2
388	227	1
388	80	4
388	112	1
388	169	3
388	165	1
388	133	1
388	236	1
388	380	1
388	1069	1
388	55	1
388	370	1
388	558	3
388	1212	1
388	15	1
388	1045	1
388	129	4
389	49	2
389	284	6
389	146	5
389	1189	1
389	415	1
389	44	1
389	835	1
389	571	1
389	16	1
389	37	2
389	351	2
389	356	4
389	1252	4
389	1005	3
389	154	2
389	137	1
389	1242	2
389	364	1
389	36	10
389	508	2
389	410	1
389	125	1
389	134	2
389	1034	1
389	1329	1
389	1031	1
389	1603	1
389	1513	1
389	421	1
389	1142	1
389	99	1
38	7	19
38	3	1
38	692	1
38	173	11
38	123	6
38	525	13
38	162	1
38	273	1
38	126	2
38	11	2
38	751	1
38	184	2
390	45	9
390	706	1
390	1252	1
390	964	1
390	818	5
390	83	1
391	51	1
391	451	8
391	11	3
391	79	2
391	1558	1
391	1144	3
391	835	1
391	330	1
391	1531	1
392	61	1
392	249	4
392	197	1
392	487	1
392	1324	4
392	115	1
392	1328	1
392	1158	1
392	187	1
393	558	1
393	453	16
393	307	5
393	505	1
393	416	2
393	692	1
393	250	1
393	479	4
393	1361	1
393	740	1
393	1368	1
393	639	1
393	223	1
393	673	1
393	417	1
393	181	1
393	75	1
393	895	1
393	129	1
393	487	2
393	633	4
393	277	1
393	1433	2
393	206	2
393	292	6
393	243	3
393	611	2
393	1336	1
393	164	1
393	266	1
393	458	4
394	486	1
394	416	17
394	370	1
394	307	2
394	247	1
394	1299	1
394	631	21
394	540	2
394	686	1
394	62	6
394	1241	1
394	1082	14
394	1341	2
394	941	4
394	477	1
394	1364	2
394	505	2
394	661	1
394	52	1
394	0	1
394	705	1
394	1575	1
394	18	1
394	417	1
394	542	1
394	1438	1
394	1146	1
394	1071	1
394	226	1
394	399	8
394	403	1
394	173	1
394	635	1
394	692	3
394	1015	1
394	656	4
394	1186	1
394	371	1
394	813	1
394	1481	1
394	621	4
394	1366	1
394	578	1
394	1396	6
394	251	1
394	1361	1
394	744	1
394	304	1
394	78	1
394	50	1
395	403	2
395	253	1
395	1413	2
395	1383	2
395	339	1
395	1103	1
395	660	10
395	387	2
395	393	4
395	197	1
395	121	1
395	606	4
395	1563	1
395	825	2
395	1257	1
395	1138	1
395	1350	4
396	45	1
396	115	4
396	551	11
396	1485	1
396	259	1
396	878	1
396	760	2
396	694	1
396	983	2
396	174	1
396	394	2
396	691	2
396	44	3
397	279	1
397	278	1
397	236	2
397	456	17
397	1074	13
397	1414	1
397	450	1
397	1501	1
397	181	1
397	838	1
397	1381	4
397	297	1
397	374	1
397	819	1
397	83	1
397	14	1
397	1050	1
397	1088	1
397	474	3
397	601	1
397	1069	1
397	614	1
397	1305	1
397	583	3
397	851	1
397	491	1
397	1535	1
397	1157	1
397	1490	2
397	1099	1
397	71	15
397	128	1
397	347	4
397	422	1
397	875	2
397	383	7
397	1056	2
397	589	2
397	44	1
398	457	1
398	1216	1
398	1461	1
398	1139	1
398	399	1
398	953	1
398	134	1
398	621	1
399	459	3
399	482	1
399	132	1
399	715	14
399	341	4
399	225	1
399	11	1
399	634	1
399	682	1
399	223	1
399	21	1
399	192	1
399	356	1
399	84	1
399	85	1
399	1402	1
39	1526	1
39	38	1
39	75	1
39	455	29
39	422	1
39	236	7
39	591	1
39	87	2
39	769	5
39	260	1
39	1150	1
39	133	1
39	146	1
39	731	13
39	340	3
39	828	1
39	704	2
39	601	1
39	1159	2
39	961	1
39	99	1
39	383	1
39	122	2
39	195	2
39	1343	2
39	33	1
39	246	1
39	198	1
39	1347	1
39	490	1
39	1588	1
39	56	30
3	3	85
3	686	1
3	196	20
3	456	1
3	305	4
3	1073	3
3	510	1
3	693	1
3	617	2
3	213	3
3	368	3
3	1053	3
400	99	1
400	1293	1
400	1360	2
400	462	1
400	397	1
400	340	1
400	643	1
400	498	4
400	1571	1
401	384	1
401	343	1
401	463	6
401	300	2
401	534	8
401	959	1
401	268	1
401	761	4
401	960	2
401	1550	1
401	1154	1
401	769	1
401	19	1
401	662	1
401	522	1
401	556	1
401	470	1
401	701	6
401	1450	1
401	260	2
402	220	1
402	948	1
402	464	1
402	271	1
402	45	1
402	1014	1
402	223	1
402	714	1
402	329	2
403	984	1
403	476	1
403	1167	1
403	466	2
403	129	3
403	165	1
403	306	2
403	528	1
403	1241	1
403	936	1
403	412	1
403	114	1
403	260	2
403	1025	1
403	122	1
403	1288	1
403	1173	1
403	388	1
403	1154	1
403	44	1
403	543	1
403	235	2
403	493	1
403	45	13
403	712	1
403	216	1
403	1578	1
403	39	1
403	99	1
403	472	3
404	467	6
404	211	2
404	36	1
404	230	1
404	1124	1
404	1571	1
404	223	1
404	45	1
404	638	2
405	468	1
405	136	1
405	36	1
405	244	1
405	1202	1
405	341	1
406	473	1
406	11	1
406	352	1
406	612	1
406	76	1
406	859	1
406	230	2
406	494	1
406	126	1
406	403	2
406	1533	1
406	223	3
406	953	1
406	1154	1
406	1174	1
407	187	1
407	30	1
407	288	9
407	641	2
407	440	1
407	1357	2
407	205	1
407	18	1
407	244	1
407	687	1
407	85	1
407	100	1
407	339	1
407	405	1
407	44	1
407	738	1
407	401	2
407	724	2
408	476	2
408	968	2
408	1349	1
408	569	1
408	574	1
408	305	1
408	480	1
408	11	3
408	1064	1
408	99	13
408	971	1
408	227	2
408	53	1
408	375	1
408	1043	2
408	617	1
409	477	1
409	1128	1
409	227	4
409	1604	1
409	810	2
409	862	1
409	611	2
40	40	25
40	112	4
40	119	1
40	129	5
40	133	9
40	139	7
40	45	6
40	169	4
40	174	5
40	181	16
40	196	9
40	195	2
40	213	4
40	165	4
40	275	26
40	381	1
40	227	8
40	417	5
40	426	2
40	56	2
40	99	2
40	236	4
40	53	1
40	264	4
40	291	1
40	982	1
40	282	1
40	452	1
40	1047	1
40	591	1
40	593	1
40	522	1
40	39	1
40	1227	7
40	50	1
40	18	1
40	341	1
40	307	1
40	114	1
410	999	1
410	389	2
410	763	1
410	300	3
410	657	1
410	250	1
410	136	1
410	114	1
410	261	1
410	184	4
410	410	1
410	1302	1
410	630	1
411	480	3
411	223	1
411	357	1
411	1343	1
411	1197	2
411	1417	1
411	35	1
411	36	2
411	19	1
411	179	1
411	1067	1
411	1087	1
412	427	1
412	481	1
412	76	1
412	491	1
412	1566	1
412	432	1
412	1395	1
412	83	2
413	115	4
413	45	2
413	125	1
413	538	4
413	250	4
413	399	1
413	44	2
413	412	2
413	105	1
413	257	1
413	543	1
413	599	1
413	184	8
413	212	5
413	904	1
413	1244	1
413	1303	4
413	549	1
413	493	1
413	340	1
413	252	1
413	607	20
413	556	1
414	862	1
414	200	1
414	674	1
414	980	1
414	389	1
414	651	1
414	22	1
414	1302	1
414	32	1
414	483	1
414	410	1
414	176	1
414	1065	1
414	362	1
414	970	1
415	1171	1
415	485	36
415	912	1
415	1048	1
415	805	1
415	1536	1
415	587	1
415	1044	1
415	114	1
415	908	3
415	1217	1
415	1155	3
415	136	2
415	607	23
416	71	2
416	208	1
416	465	7
416	133	1
416	1542	1
416	54	1
416	3	56
416	45	3
416	417	2
416	293	1
416	1137	1
416	819	1
416	1609	1
416	1053	1
416	173	3
416	1058	1
417	490	1
417	45	1
417	117	1
417	1410	1
417	872	1
417	36	2
417	330	1
417	859	1
417	1423	1
417	1140	1
417	187	1
418	491	2
418	223	1
418	1003	1
418	44	4
418	364	1
418	1411	1
418	1007	1
418	886	1
418	45	1
419	700	1
419	550	1
419	528	2
419	608	2
419	431	1
419	249	2
419	871	1
419	493	1
419	125	1
419	563	1
419	1529	1
419	399	1
419	1324	6
419	1541	1
419	340	3
41	1574	1
41	41	3
41	4	16
41	77	4
41	399	1
41	631	1
41	412	3
41	338	1
41	479	11
41	298	1
41	472	1
41	772	1
41	923	1
41	1473	1
41	417	2
41	29	1
41	578	2
41	1202	1
41	1099	2
41	982	1
41	195	1
41	305	1
41	1373	1
41	1270	3
41	376	2
41	893	1
41	5	2
41	1088	1
41	1157	1
41	1535	1
41	9	1
41	0	1
41	559	1
41	216	1
41	128	2
41	735	2
41	1527	1
41	1064	1
41	698	2
41	928	4
41	1109	1
41	1075	1
41	568	1
41	634	1
41	815	1
41	23	1
41	427	1
41	941	1
41	467	1
420	301	1
420	190	1
420	414	1
420	180	2
420	872	1
420	370	1
420	22	1
420	280	1
420	454	1
421	432	1
421	35	1
421	1010	1
421	45	12
421	134	1
421	470	1
421	481	1
421	83	8
421	174	5
421	391	1
421	505	2
421	682	1
421	925	1
422	421	2
422	115	1
422	1140	6
422	1326	1
422	377	1
422	703	1
422	546	1
422	32	2
422	611	1
422	45	1
422	917	4
423	1328	1
423	61	2
423	418	2
423	474	1
423	500	12
423	45	14
423	441	1
423	1064	1
423	859	1
423	1129	1
423	174	1
423	565	1
423	305	1
423	65	1
423	359	1
423	312	1
423	171	7
423	417	5
423	247	4
423	886	3
423	1234	1
423	173	1
423	545	4
423	659	1
424	311	1
424	1386	1
424	389	1
424	498	6
424	542	1
424	223	1
424	341	1
424	420	2
424	190	1
424	450	1
424	871	1
424	687	1
424	90	1
425	377	1
425	948	1
425	499	223
425	970	1
425	1415	1
425	125	1
425	1371	1
425	1492	1
425	117	1
425	797	1
425	546	1
425	1231	1
425	760	1
425	421	1
426	194	1
426	236	1
426	399	2
426	631	1
426	1282	1
426	591	1
426	58	1
426	44	4
426	129	1
426	293	1
426	1318	1
426	227	8
426	174	1
426	253	1
426	542	1
426	169	2
426	226	2
426	181	3
426	394	2
426	150	2
426	45	1
426	632	1
426	156	1
426	1310	1
427	6	1
427	22	1
427	299	1
427	253	2
427	15	1
427	140	1
427	501	80
427	502	18
427	829	1
427	333	1
427	44	1
427	1309	1
427	1241	1
427	813	1
427	514	1
427	605	1
427	174	1
427	45	1
427	848	2
427	247	7
427	1192	1
427	432	2
427	567	1
427	558	13
427	161	1
427	682	1
427	340	1
427	87	1
427	769	1
427	778	1
427	466	3
428	1099	1
428	1490	1
428	108	14
428	1056	12
428	303	1
428	166	1
428	935	1
428	767	1
428	991	1
428	1183	20
428	833	1
428	7	1
428	1174	1
428	1568	1
428	634	7
428	652	90
428	736	1
428	1536	1
428	584	1
429	1545	3
429	22	1
429	590	1
429	277	2
429	702	1
429	340	1
429	447	1
429	1454	1
429	252	1
429	1433	1
429	274	2
429	1512	2
429	1602	1
429	25	1
429	624	1
429	1003	4
429	1518	1
429	1498	1
429	1214	1
42	42	24
42	76	23
42	703	2
42	115	1
42	1340	4
42	1474	1
42	1111	1
42	744	1
42	432	1
42	944	1
42	266	1
42	491	1
42	223	2
42	185	1
42	862	1
42	567	5
42	1024	1
42	1264	1
42	611	2
42	494	1
42	11	2
42	781	2
42	1353	1
42	39	1
42	431	2
42	91	2
42	1192	6
42	449	2
42	1018	1
42	1561	1
42	90	2
42	1557	1
42	530	1
42	778	2
42	421	1
430	442	1
430	1252	1
430	441	1
430	76	1
430	891	5
430	595	1
430	393	1
430	144	1
430	612	1
430	125	1
430	16	2
430	31	1
430	432	1
431	1056	1
431	1520	1
431	1186	7
431	45	4
431	201	2
431	550	1
431	829	1
431	99	1
431	1486	1
431	308	1
432	266	1
432	1559	1
432	63	1
432	149	1
432	820	1
432	316	1
432	1357	1
432	0	2
432	854	1
432	17	1
432	1186	1
432	645	1
432	399	2
432	446	1
432	1209	1
432	1187	1
432	114	1
432	1510	1
432	341	1
432	1339	1
432	1353	1
432	687	1
432	928	1
432	491	1
432	1535	1
432	936	1
432	226	1
432	516	7
432	1134	1
432	87	1
433	413	1
433	1122	1
433	1334	2
433	25	1
433	507	11
433	3	2
433	18	1
433	417	1
433	383	1
433	312	1
433	939	1
433	205	1
433	222	1
433	465	3
433	99	2
433	1098	1
433	196	1
433	689	1
433	821	1
433	738	1
433	589	1
433	179	1
433	882	7
433	1356	1
433	453	1
433	578	1
433	1069	1
433	491	1
433	1157	1
433	1535	1
434	334	1
434	99	5
434	53	2
434	112	1
434	708	1
434	697	1
434	44	3
435	134	2
435	3	2
435	566	1
435	1494	1
435	1173	1
435	578	1
435	1275	1
435	1199	1
435	45	1
435	417	4
435	1010	1
435	1243	1
435	570	1
435	1143	1
435	698	1
435	399	1
435	282	1
436	511	10
436	206	1
436	476	1
436	172	1
436	403	2
436	601	1
436	179	1
436	97	1
436	6	1
436	1174	1
436	380	1
436	1502	1
436	1355	1
436	532	1
436	223	1
436	1192	1
436	1566	1
436	832	1
436	390	1
436	878	1
436	760	1
437	1065	2
437	466	9
437	1325	1
437	781	1
437	816	5
437	1044	1
438	1220	1
438	1559	1
438	516	10
438	719	1
438	0	18
438	559	7
438	977	1
438	820	1
438	12	1
438	173	2
438	1162	1
438	854	1
438	1186	1
438	1187	2
438	399	1
438	446	1
438	1209	1
438	876	1
438	240	2
438	342	2
438	1510	1
438	340	1
438	579	1
438	1539	1
438	151	9
438	1601	1
438	928	1
438	316	4
438	856	1
438	647	3
438	923	1
438	638	2
438	721	1
438	44	1
438	333	1
438	1225	1
438	1238	1
438	312	2
438	226	2
438	671	1
438	353	2
438	57	4
438	216	1
438	885	1
439	1013	1
439	224	2
439	517	1
439	1000	1
439	1531	1
439	92	1
439	357	1
439	527	1
439	285	1
439	913	2
439	578	3
43	43	1
43	44	3
43	194	2
43	1	1
43	549	1
43	1365	1
43	591	1
43	58	1
43	823	1
43	1325	1
43	1288	1
440	519	12
440	118	4
440	28	2
440	1062	1
440	294	1
440	1219	30
440	224	1
440	594	1
440	798	1
441	303	3
441	206	1
441	406	1
441	496	1
441	197	1
441	688	1
441	769	1
441	260	1
441	363	1
441	296	1
441	223	1
442	45	1
442	71	1
442	521	1
442	1596	2
442	877	2
442	410	2
442	491	1
442	227	1
442	150	1
442	1191	26
442	84	26
442	85	19
442	1229	11
442	1438	1
442	380	1
442	1534	4
442	82	8
442	727	17
443	376	3
443	1272	1
443	866	1
443	150	2
443	1418	1
443	381	1
443	53	1
443	296	1
443	1154	1
443	75	1
443	260	2
443	1038	1
443	621	12
443	1214	1
444	254	1
444	316	1
444	370	5
444	400	1
444	85	1
444	32	1
444	1310	2
444	1112	1
444	1202	2
444	1153	1
444	956	1
444	1215	3
444	967	1
445	1416	2
445	524	1
445	45	1
445	403	5
445	993	2
445	877	1
445	619	1
446	1301	1
446	527	11
446	437	3
446	1564	3
446	1410	2
446	451	1
446	41	1
446	1007	1
446	760	1
446	206	1
447	99	1
447	6	1
447	1360	1
447	810	1
447	1432	3
447	1419	2
447	120	26
447	537	7
447	1149	1
447	804	1
447	171	1
447	848	1
447	76	1
447	343	3
447	112	5
447	53	7
447	641	1
447	661	1
447	247	1
447	637	1
447	115	2
447	674	1
447	211	1
447	874	2
447	1038	5
447	305	1
447	1524	1
447	340	1
447	201	1
447	895	1
447	4	3
447	765	1
447	36	1
447	498	1
447	44	4
448	18	2
448	403	1
448	847	1
448	399	2
448	1529	1
448	508	15
448	1608	1
448	431	1
448	1027	1
448	133	1
448	45	15
448	662	1
448	115	1
448	85	1
449	1274	1
449	208	1
449	150	2
449	712	1
449	615	1
449	354	1
449	42	1
449	223	2
449	247	2
449	205	1
449	895	2
449	443	1
449	253	1
449	244	1
449	161	1
449	851	2
449	418	1
449	45	1
449	70	1
449	371	1
449	583	1
449	558	1
449	1413	4
449	543	2
449	461	1
449	821	2
44	660	1
44	44	1
44	14	2
44	45	1
44	1110	1
44	1425	1
44	85	1
44	206	1
44	543	1
44	5	1
44	1088	1
44	766	2
44	412	1
44	625	1
44	1529	1
44	211	1
44	1179	1
44	779	1
450	531	8
450	137	1
450	1489	1
450	331	1
450	44	1
450	669	1
450	441	1
451	75	1
451	3	4
451	479	4
451	417	7
451	450	1
451	469	12
451	458	7
451	453	8
451	1299	1
451	267	2
451	886	10
451	679	1
451	1214	1
451	206	1
451	266	1
451	165	2
451	181	1
451	1071	1
451	800	1
451	150	1
451	227	1
451	735	7
451	1173	2
451	99	5
451	489	1
451	772	1
451	292	2
451	633	2
451	1528	1
451	281	1
451	673	2
451	895	2
451	45	2
451	545	1
451	44	1
451	593	1
451	605	2
451	77	1
451	358	1
451	1045	1
451	1413	2
451	371	4
451	1078	1
451	630	1
451	1309	1
451	1152	1
451	431	2
451	1604	1
452	45	1
452	789	2
452	282	10
452	1445	1
452	236	1
452	1054	1
452	1421	1
452	130	1
452	146	1
452	244	1
452	837	1
453	764	1
453	45	1
453	227	1
453	610	1
453	114	1
453	873	2
454	148	1
454	226	1
454	125	2
454	1393	1
454	562	1
454	662	1
454	663	1
454	36	1
454	19	1
454	743	1
454	1309	1
455	226	1
455	45	24
455	472	2
455	1441	1
455	677	1
455	253	3
455	551	1
455	399	1
455	44	3
455	437	1
455	171	3
455	1318	1
455	237	2
455	1420	1
455	366	1
455	394	1
455	701	1
455	184	1
455	68	1
455	1346	2
455	691	1
455	1160	1
455	683	1
455	779	1
455	250	2
455	457	1
455	387	4
455	1210	4
455	432	1
455	291	1
455	736	1
455	355	2
455	809	1
455	450	1
456	760	1
456	244	1
456	395	1
456	1257	1
456	889	1
456	188	1
456	114	1
457	75	1
457	45	7
457	169	7
457	150	1
457	174	4
457	99	2
457	654	1
457	479	1
457	171	1
457	1260	1
457	650	1
457	843	2
457	378	1
457	1305	1
457	1609	1
457	112	4
457	1347	1
457	838	2
457	195	2
457	1225	2
457	49	3
458	263	1
458	627	1
458	223	4
458	200	4
458	476	2
458	229	4
458	126	3
458	11	1
458	341	1
458	1024	3
458	1041	2
458	757	3
458	64	1
459	347	1
459	506	2
459	1064	1
459	1473	1
459	294	2
459	14	5
459	543	1
459	13	3
459	56	1
459	975	1
459	1327	2
459	25	1
459	575	2
459	244	7
459	920	1
459	1212	1
45	161	2
45	923	1
45	46	5
45	841	1
45	173	1
45	1061	1
45	249	1
45	340	1
460	456	2
460	45	3
460	539	1
460	39	2
460	115	2
460	489	1
460	791	1
460	259	1
460	447	1
460	1191	1
460	1347	1
461	89	1
461	540	1
461	4	1
461	1088	1
461	390	1
461	140	7
462	1567	1
462	923	2
462	157	1
462	1206	2
462	171	3
462	174	2
462	45	3
462	169	2
462	1540	1
462	1376	1
462	549	2
462	165	1
462	1130	1
462	147	5
462	1237	1
462	1052	2
462	347	1
462	150	1
462	53	2
462	570	1
462	895	1
462	654	1
462	1241	1
462	1387	1
462	843	1
462	235	3
462	226	1
462	748	1
463	575	1
463	779	1
463	1197	2
463	553	2
463	125	2
463	770	1
463	1484	1
463	702	1
463	83	1
463	1371	1
463	953	1
463	711	1
463	226	1
463	11	1
463	403	1
463	662	1
463	806	1
463	578	2
463	1490	1
463	628	1
463	373	1
463	1224	1
463	631	1
463	1458	1
463	1600	1
463	930	1
463	428	1
464	702	1
464	276	1
464	1517	1
464	410	1
464	503	1
464	544	1
464	546	2
464	481	2
464	444	1
464	391	1
464	837	2
464	1231	1
465	390	1
465	1575	1
465	73	1
465	677	1
465	587	1
465	85	1
465	431	2
465	90	1
465	810	1
465	1557	3
465	1123	1
465	76	1
465	42	1
465	1430	1
466	759	1
466	16	1
466	284	2
466	223	1
466	1605	1
466	11	1
466	1514	1
466	1590	1
466	370	1
467	181	10
467	112	2
467	174	14
467	146	2
467	961	2
467	150	4
467	375	2
467	757	1
467	196	1
467	838	1
467	479	1
467	615	1
467	1501	1
467	1414	3
467	129	7
467	1242	1
468	1140	1
468	87	1
468	466	1
468	341	4
468	258	1
468	346	1
468	1105	1
468	37	3
468	762	1
469	115	1
469	547	1
469	387	7
469	393	2
469	244	1
469	962	1
469	589	5
469	77	5
469	1059	3
469	1179	1
469	502	1
469	1459	1
469	339	2
469	403	1
46	47	1
46	700	1
46	223	1
46	1246	1
46	244	1
46	157	1
46	1506	1
470	1235	16
470	302	3
470	555	1
470	223	1
470	1031	2
470	587	2
470	263	1
470	996	1
470	239	1
470	403	2
470	341	2
470	447	2
470	1374	1
470	105	1
470	704	1
471	1249	1
471	1244	1
471	46	1
471	549	9
471	232	2
471	247	1
471	848	1
471	172	1
471	439	1
471	154	1
471	980	1
471	223	2
471	266	2
471	1375	1
471	90	1
471	250	3
471	708	1
471	611	1
472	1472	1
472	265	2
472	600	1
472	856	1
472	122	1
472	226	2
472	1582	1
472	223	1
472	410	1
472	654	1
472	18	1
472	454	1
472	512	2
472	696	2
472	1227	3
472	108	1
472	630	2
472	921	1
472	137	2
472	688	2
472	1259	2
472	1293	1
473	260	1
473	103	1
473	965	1
473	223	1
473	343	1
473	553	4
473	648	1
473	387	1
473	1258	1
473	145	1
473	169	1
474	469	1
474	928	1
474	1053	1
474	465	3
474	173	1
474	1313	1
474	226	29
474	3	5
474	1042	1
474	236	1
474	479	1
474	1149	1
474	112	1
474	558	1
474	543	1
474	116	1
474	1316	1
474	450	1
474	204	1
474	45	6
474	422	1
474	223	1
474	44	5
474	1224	1
474	633	1
474	1358	1
474	739	1
475	32	1
475	552	15
475	805	1
475	888	1
475	177	19
475	1551	1
475	1475	1
475	137	1
475	727	1
475	84	1
475	1229	1
475	995	1
475	1218	1
475	130	1
476	45	2
476	782	1
476	266	3
476	122	1
476	77	1
476	412	1
476	930	2
476	334	1
476	702	1
477	186	10
477	270	1
477	1533	1
477	1083	1
477	1569	1
477	1371	1
477	1512	3
477	995	1
477	900	2
477	966	1
477	796	2
477	834	1
477	760	1
477	655	1
477	92	1
477	280	1
477	651	2
477	665	1
477	707	1
477	713	1
477	525	2
477	326	1
478	84	1
478	157	4
478	609	1
478	1183	1
478	51	1
478	554	1
478	206	1
478	897	1
478	1512	1
478	1371	3
478	760	1
478	652	1
478	217	1
478	340	1
478	1547	1
478	45	3
478	137	1
478	730	1
478	769	2
478	837	1
478	1004	1
478	182	2
478	765	8
478	44	5
478	593	1
478	634	44
478	617	1
478	334	1
478	26	1
479	257	1
479	1249	1
479	244	2
479	1420	1
479	73	1
479	810	1
479	1173	1
479	241	1
479	914	1
47	48	33
47	49	28
47	50	69
47	53	34
47	54	21
47	56	13
47	127	2
47	1164	2
47	75	2
47	203	1
47	378	2
47	83	1
47	272	1
47	103	2
47	174	1
47	129	1
47	171	4
47	99	8
47	1260	9
47	227	3
47	112	2
47	164	3
47	157	16
47	1052	1
47	911	3
47	712	2
47	347	1
47	1343	1
47	1392	3
47	169	2
47	137	1
47	1440	1
47	605	2
47	1432	1
47	1563	1
47	1197	1
47	1437	2
47	630	1
47	994	1
47	679	1
480	330	1
480	317	1
480	557	1
480	173	1
480	995	1
480	1371	2
480	469	1
480	542	1
480	253	1
480	453	7
480	1120	3
480	585	2
480	364	2
480	1496	1
480	1311	2
480	35	1
480	667	1
480	1411	1
480	36	1
480	416	3
480	312	6
480	502	1
481	1607	1
481	418	1
481	103	1
481	1274	2
481	99	1
481	247	1
481	90	2
481	156	1
481	7	1
481	73	1
481	541	1
481	918	1
481	146	1
481	150	1
481	1196	1
481	112	4
481	53	3
481	305	1
481	236	1
481	1224	1
481	44	8
481	640	3
481	699	33
481	1241	1
481	650	1
481	885	1
481	387	1
481	371	1
481	632	1
482	558	4
482	724	1
482	87	1
482	221	1
482	712	1
482	44	2
482	540	5
482	1168	1
482	1413	1
482	37	1
482	757	3
482	585	1
482	90	1
483	1133	2
483	1116	1
483	1036	1
483	769	1
483	1147	1
483	824	1
483	244	12
483	820	1
483	692	1
483	1066	2
483	341	1
483	192	1
483	440	1
483	1125	1
483	1150	1
483	847	3
483	340	1
483	590	1
484	45	2
484	1376	1
484	427	1
484	217	1
484	223	1
484	11	1
484	1345	1
484	32	1
484	1121	1
484	195	1
484	1185	1
484	1472	1
484	1241	1
485	126	1
485	1049	1
485	44	1
485	816	1
485	604	1
485	473	1
485	695	1
485	1604	1
485	871	2
486	223	2
486	171	3
486	226	1
486	293	1
486	654	1
486	1472	1
486	18	1
486	1260	1
486	45	3
486	662	1
486	605	1
486	99	1
486	236	1
486	769	1
487	312	1
487	227	1
487	307	1
487	562	1
487	573	1
487	81	1
487	269	1
487	150	1
487	318	2
487	856	1
487	1311	1
487	21	1
487	284	1
487	1375	1
487	469	1
487	558	1
488	630	1
488	226	6
488	227	1
488	171	1
488	654	1
488	860	4
488	305	1
488	174	1
488	1544	1
488	1386	1
488	1073	1
488	724	1
489	223	1
489	1594	1
489	126	2
489	200	2
489	135	2
489	862	1
489	95	1
489	1055	1
489	846	1
489	496	1
489	219	1
489	484	1
489	1063	1
48	51	2
48	1546	1
48	652	1
48	190	1
48	172	1
48	1573	4
48	85	1
48	1565	8
48	223	2
490	1290	1
490	260	1
490	566	2
490	411	1
490	399	1
490	1319	1
490	769	3
490	1514	1
490	330	1
491	45	1
491	376	1
491	578	2
491	399	1
491	625	1
491	1209	1
491	965	1
491	129	2
491	85	1
491	491	18
491	115	1
491	615	1
491	650	4
491	98	1
491	190	2
492	45	1
492	17	1
492	0	1
492	696	7
492	516	2
492	1510	1
492	892	1
493	410	5
493	568	1
493	1596	1
493	45	4
493	611	2
493	44	1
493	871	1
493	237	1
494	187	1
494	1464	1
494	827	1
494	723	1
494	399	2
494	249	7
494	87	1
494	569	10
494	36	1
494	274	6
494	676	1
494	1460	3
494	327	1
494	863	1
494	83	1
494	44	1
495	868	1
495	521	1
495	570	1
495	759	1
495	780	1
495	1460	1
495	433	1
495	1337	1
495	695	1
495	223	1
495	1322	1
496	742	2
496	1183	1
496	184	1
496	1482	1
496	912	2
496	377	1
496	171	1
496	1453	1
496	1139	2
496	148	1
496	136	1
496	1412	1
496	101	1
496	198	1
496	997	1
496	1085	1
496	46	1
496	774	1
496	679	1
496	670	1
496	323	1
497	817	1
497	940	1
497	1133	1
497	14	1
497	833	2
497	1546	1
497	628	1
497	572	2
497	241	1
497	894	1
497	581	1
497	1462	1
497	897	1
497	244	3
497	148	2
497	824	1
497	450	1
497	623	1
498	278	1
498	236	9
498	49	104
498	28	3
498	918	1
498	265	1
498	1025	1
498	164	1
498	1073	1
498	411	2
498	260	4
498	293	4
498	45	2
498	1335	1
498	1362	1
498	99	7
499	708	1
499	298	4
499	862	1
499	1274	1
499	45	8
499	1114	2
499	396	1
499	1052	1
499	28	1
499	1149	1
499	374	1
499	378	1
499	1080	2
499	1073	1
499	456	1
499	1053	1
49	52	1
49	90	1
49	45	1
49	208	1
49	1017	1
49	613	1
49	197	1
49	1439	1
49	1371	1
49	1188	1
49	1172	2
49	307	1
49	137	1
4	4	21
4	5	27
4	1088	15
4	1320	1
4	55	1
4	58	2
4	59	1
4	44	4
4	104	2
4	297	1
4	1096	1
4	800	2
4	332	2
4	124	1
4	218	1
4	1502	1
4	1480	1
4	583	1
4	33	1
4	669	1
4	179	1
4	264	1
4	146	1
4	979	1
4	843	1
4	903	1
4	1250	1
4	1212	1
4	1570	1
4	205	4
4	1490	1
4	371	1
500	1358	1
500	654	1
500	811	1
500	316	15
500	1254	1
500	1510	2
500	1250	1
500	807	1
500	720	1
500	1428	1
500	431	1
500	247	1
500	750	1
500	99	1
500	805	1
500	491	1
500	1157	1
500	1535	1
500	1148	1
500	919	1
501	525	3
501	650	2
501	561	4
501	1291	2
501	170	1
501	1595	1
501	1380	1
501	1303	9
501	290	6
501	887	3
501	1320	2
501	1217	1
501	538	2
501	1098	1
502	579	3
502	821	2
502	22	1
502	1577	1
502	442	1
502	1205	2
502	23	1
502	1159	1
502	197	1
502	75	1
502	748	2
502	196	2
502	45	10
502	150	1
502	1071	1
502	1020	1
502	1380	12
502	898	1
502	340	4
502	829	1
502	491	1
502	1386	1
502	684	1
503	580	1
503	578	1
503	1065	1
503	334	1
503	44	1
503	223	1
503	349	1
504	581	2
504	419	1
504	192	1
504	1016	1
504	340	3
504	1166	1
504	187	1
504	672	1
504	1176	1
504	389	1
504	682	1
504	259	1
505	249	2
505	273	1
505	197	5
505	45	10
505	246	1
505	582	2
505	780	1
505	281	1
505	150	2
505	679	1
505	365	1
505	743	1
505	664	5
505	1135	1
505	1444	1
505	217	2
505	871	2
505	670	1
505	479	1
505	264	1
505	1056	1
505	169	1
505	340	2
505	277	1
505	672	2
505	1592	1
505	4	1
505	5	1
505	1266	1
505	620	1
505	195	1
505	641	9
505	681	1
505	1439	1
505	1366	1
505	686	1
505	1069	1
505	491	1
505	578	1
505	1421	1
505	884	2
505	628	1
505	161	1
505	1092	1
505	184	6
505	701	2
505	250	5
505	300	1
505	274	2
505	115	1
505	481	2
505	703	1
505	612	1
505	959	3
505	212	3
505	105	2
506	510	1
506	1400	1
506	583	3
506	1384	1
506	654	1
506	99	2
506	1260	1
506	1024	2
506	749	1
506	893	1
506	310	3
506	994	1
506	105	2
506	125	1
506	499	1
506	1466	1
507	1567	1
507	1325	5
507	555	1
507	1083	1
507	584	94
507	1230	5
507	763	1
507	1060	3
507	200	1
507	1017	1
507	348	1
508	1337	2
508	1418	1
508	202	1
508	174	1
508	675	1
508	491	1
508	1145	1
508	936	1
508	1346	1
508	1184	1
508	626	2
508	12	1
508	33	1
508	532	1
509	227	4
509	264	3
509	112	2
509	45	4
509	1256	1
509	585	2
509	1523	1
509	277	2
509	150	1
509	1496	1
509	1336	1
509	266	3
509	1474	1
509	220	1
509	1110	1
509	1561	1
509	1314	1
509	1002	1
509	1048	1
509	630	1
509	343	2
509	147	1
509	654	1
509	365	1
509	151	1
509	921	4
509	572	3
509	408	1
509	30	1
509	63	1
509	249	3
50	976	1
50	138	1
50	1401	2
50	74	2
50	57	5
50	72	1
50	227	5
50	0	2
50	102	8
50	773	2
50	1293	1
50	164	2
50	265	3
50	147	3
50	169	3
50	523	1
50	174	2
50	181	5
50	208	1
50	856	1
50	854	1
50	636	1
50	426	4
50	133	1
50	961	1
50	129	1
50	753	1
50	775	4
50	139	2
50	1238	1
50	236	1
50	472	2
50	165	3
50	143	3
50	717	1
50	109	1
50	630	1
50	353	3
50	1040	1
50	26	1
50	1108	3
50	341	1
50	126	1
50	235	1
50	44	1
50	721	1
50	545	1
50	559	2
50	249	1
50	410	2
50	1148	1
50	919	1
50	316	2
50	642	2
50	516	11
50	1190	3
50	467	1
510	1357	1
510	616	1
510	673	1
510	1366	1
510	169	1
510	808	1
510	1162	2
510	258	1
510	23	3
510	1377	1
510	588	12
510	346	5
510	238	1
510	1277	4
510	412	1
510	1353	1
510	1000	1
510	125	1
510	25	1
510	450	1
510	130	1
510	45	2
510	410	3
510	782	1
510	948	1
510	1062	1
510	973	1
510	1341	1
510	777	1
510	145	1
510	491	2
510	578	1
510	1535	1
510	96	2
510	1375	1
510	1309	1
510	735	1
511	582	1
511	1204	1
511	589	5
511	340	1
511	611	1
511	1067	1
511	145	1
511	157	1
511	1263	2
511	39	2
511	1099	1
511	491	1
511	519	1
511	998	1
511	569	1
511	33	1
512	157	1
512	264	1
512	181	1
512	54	1
512	196	1
512	928	1
512	417	4
512	429	1
512	1088	1
512	3	1
512	699	1
512	1591	1
512	343	1
512	44	4
512	615	1
512	174	1
512	133	1
513	1173	7
513	610	1
513	1238	1
513	1316	1
513	630	1
513	533	2
513	682	1
513	1069	2
513	1044	1
514	223	2
514	826	2
514	520	1
514	1228	1
514	724	1
514	1468	1
514	1025	1
514	385	1
515	517	2
515	1477	1
515	885	1
515	593	1
515	146	2
515	712	1
515	589	1
515	182	2
515	769	1
515	32	2
515	1214	1
515	1267	1
515	1497	1
515	99	1
515	309	1
515	112	1
516	198	1
516	168	1
516	999	1
516	155	2
516	807	1
516	311	1
516	1445	1
516	1302	1
516	1245	2
516	410	2
516	259	1
516	1335	1
516	340	10
516	187	3
516	549	2
516	786	1
516	157	6
516	1071	1
516	101	1
516	1030	1
516	447	2
516	682	3
516	1135	1
516	441	1
517	969	2
517	1102	1
517	385	3
517	1013	1
517	484	1
517	733	2
517	223	1
517	1494	1
517	32	1
517	651	1
517	1527	1
517	1460	1
517	370	1
517	813	2
518	728	2
518	165	5
518	181	5
518	264	2
518	948	1
518	297	1
518	1267	1
518	660	1
518	44	4
518	593	2
518	936	1
518	750	1
518	227	3
518	112	4
518	885	1
518	1501	1
518	809	1
518	53	1
518	378	1
518	99	1
518	918	1
518	828	1
519	1559	1
519	557	1
519	994	1
519	1259	1
519	591	5
519	706	1
519	75	1
519	130	1
519	579	1
519	458	1
519	453	1
519	3	1
519	751	1
519	650	1
519	1604	1
519	1589	1
519	145	1
51	60	22
51	1170	5
51	536	13
51	103	1
51	282	1
51	151	1
51	343	1
51	688	1
51	1598	1
51	670	1
51	747	1
51	195	5
51	168	1
51	919	2
51	279	2
51	1052	1
51	1002	2
51	717	1
520	150	3
520	210	1
520	281	1
520	961	1
520	147	3
520	799	2
520	851	3
520	919	2
520	203	1
520	842	1
520	1372	4
520	129	81
520	139	8
520	291	5
520	1387	1
520	479	6
520	205	9
520	673	1
520	44	3
520	1444	6
520	174	45
520	895	41
520	800	18
520	472	34
520	146	3
520	1256	1
520	99	5
520	80	12
520	1304	2
520	1238	2
520	330	12
520	928	3
520	682	1
521	1420	1
521	677	1
521	253	1
521	15	1
521	1483	1
521	58	1
521	241	1
521	98	1
521	232	1
521	45	1
521	323	1
521	640	1
521	570	1
521	1001	1
521	884	1
521	1214	12
521	735	2
521	1377	1
522	412	1
522	411	1
522	164	1
522	45	1
522	1328	1
522	518	20
522	249	1
522	44	2
522	1363	1
523	1542	1
523	864	1
523	351	1
523	35	1
523	477	1
523	1322	1
523	169	5
523	673	1
523	378	1
523	1072	1
523	542	1
523	150	5
523	645	1
523	593	2
523	44	2
523	145	1
523	821	1
523	99	6
523	524	1
523	1060	1
523	45	4
523	19	1
523	1582	1
523	387	1
524	1164	1
524	97	1
524	738	1
524	491	1
524	422	1
524	1065	1
524	596	1
524	734	1
524	582	1
524	1209	1
524	446	1
524	125	14
525	764	2
525	1065	1
525	277	1
525	87	1
525	376	1
525	340	1
525	1242	1
525	1083	1
525	968	1
526	672	1
526	1230	1
526	1577	2
526	690	1
526	611	1
526	44	3
526	1471	2
526	859	1
526	829	1
526	346	1
526	6	1
526	1174	1
526	793	1
526	26	2
526	1125	1
526	1119	1
526	132	1
526	743	1
526	914	9
526	274	1
526	1067	1
526	597	1
526	220	1
526	536	1
527	49	1
527	133	1
527	1327	1
527	181	1
527	147	1
527	189	2
527	54	4
527	171	3
527	210	1
527	205	1
527	343	1
527	227	2
527	1005	1
527	212	1
527	541	1
527	1044	1
527	307	1
527	45	13
527	164	6
527	474	3
527	1316	1
527	682	1
527	223	1
527	733	1
527	1191	4
527	1534	4
527	1542	2
527	851	1
527	598	1
527	442	1
527	338	1
527	1126	1
527	77	2
527	589	2
527	600	1
527	289	1
527	623	2
527	593	1
527	750	1
527	1052	1
527	620	1
527	766	1
528	45	2
528	112	3
528	181	3
528	264	1
528	1507	1
528	174	1
528	227	1
528	18	1
528	169	1
528	700	1
528	235	1
528	130	2
528	1274	3
528	39	1
528	370	2
528	44	5
528	1271	1
528	226	1
528	728	1
528	55	2
529	1468	21
529	1127	4
529	1164	1
529	44	5
529	249	1
529	1158	3
529	235	1
529	549	3
52	1421	1
52	287	1
52	61	1
52	536	1
52	114	1
52	452	2
52	1110	1
52	491	1
52	109	3
52	150	1
52	169	1
52	227	2
52	593	1
52	522	1
52	1366	1
52	1021	1
52	45	2
52	161	2
52	305	1
52	343	1
52	1541	1
52	682	1
530	161	1
530	44	1
530	187	1
530	641	1
530	824	1
530	269	1
530	769	1
530	682	2
530	903	2
530	247	1
530	1288	1
530	1016	1
530	1547	3
530	1428	2
531	146	3
531	227	2
531	761	1
531	45	4
531	39	1
531	277	3
531	249	1
531	11	2
531	487	1
531	179	1
531	669	2
531	1458	1
531	32	1
531	1107	1
531	18	1
531	467	1
531	769	1
531	408	1
531	87	1
531	1099	1
531	578	1
531	1069	1
531	732	1
531	235	2
531	550	1
531	748	1
531	923	1
531	340	7
531	718	2
531	255	1
531	103	1
531	1322	1
531	596	1
531	1058	1
531	174	2
531	343	1
531	828	1
531	44	1
531	608	14
531	710	1
531	889	1
531	1178	1
531	133	1
531	150	1
531	75	1
531	1192	1
531	554	1
531	172	1
531	466	2
531	698	1
531	826	1
531	223	2
532	553	6
532	662	1
532	37	1
532	838	1
532	45	3
532	920	30
532	146	1
532	145	1
532	677	1
532	1597	1
532	223	1
532	378	1
532	1224	1
532	1052	1
532	1425	1
532	134	1
532	415	1
532	169	1
532	542	2
532	1223	1
532	44	1
532	843	4
532	1145	1
532	807	1
532	1318	1
532	398	1
532	1504	2
533	52	1
533	247	1
533	264	1
533	169	6
533	399	1
533	412	1
533	411	1
533	98	1
533	1264	1
533	432	1
533	1181	1
533	549	1
533	1532	1
533	1103	1
533	583	1
533	489	1
533	164	10
533	15	1
533	677	1
533	1224	1
533	134	1
533	621	1
533	44	4
533	593	1
533	640	7
533	168	1
533	1148	1
533	227	1
533	558	3
534	587	1
534	1182	1
534	655	1
534	521	1
534	560	1
534	1235	3
534	1016	1
534	601	6
534	363	3
534	200	1
535	1056	1
535	739	1
535	71	1
535	211	1
535	599	1
535	1465	1
535	223	1
535	182	1
535	29	1
535	678	1
535	421	1
535	1308	1
535	491	1
535	1274	1
535	70	1
536	1249	2
536	1173	1
536	1331	1
536	635	4
536	692	1
536	1609	1
536	316	1
536	236	1
536	3	5
536	44	3
536	562	3
536	1559	1
536	282	1
536	941	1
536	279	1
536	1030	1
537	317	1
537	319	1
537	1547	5
537	1353	1
537	266	1
537	260	1
537	1214	1
537	419	1
537	672	1
537	87	1
537	1139	1
537	487	1
537	1121	1
537	1290	1
537	903	1
537	44	2
537	222	1
537	45	2
537	227	1
537	169	1
537	939	1
537	843	1
537	452	1
537	282	1
537	790	1
537	187	2
537	676	2
537	517	1
537	206	2
537	46	1
537	608	1
537	442	1
537	1028	1
537	450	4
537	885	2
537	654	1
537	1449	1
537	267	1
537	395	1
537	1224	1
537	314	1
537	1414	2
537	25	1
538	21	1
538	473	2
538	235	2
538	161	1
538	845	1
538	1167	5
538	476	3
538	558	1
538	45	3
538	150	1
538	44	6
538	227	2
538	146	2
538	932	8
538	582	3
538	305	1
538	99	1
538	75	3
539	117	1
539	26	3
539	1403	1
539	1249	1
539	973	1
539	223	1
539	1344	5
539	1086	1
539	573	1
539	670	2
539	106	1
539	348	1
539	786	1
539	19	2
539	1374	1
53	414	1
53	546	1
53	410	1
53	31	1
53	1014	2
53	282	2
53	223	1
53	637	1
53	1142	1
540	623	1
540	217	2
540	1522	1
540	615	1
540	501	1
540	482	1
540	572	2
540	985	1
540	1274	1
541	1607	2
541	305	1
541	333	1
541	146	3
541	145	1
541	236	1
541	171	2
541	85	1
541	99	5
541	45	6
541	227	1
541	169	2
541	39	3
541	1486	1
541	147	1
541	312	1
542	623	1
542	499	1
542	1278	1
542	1538	1
542	1429	1
542	1321	1
542	118	1
542	1369	1
542	769	2
542	47	5
542	87	5
542	161	2
542	197	2
542	615	1
542	313	1
542	908	1
542	1405	1
542	618	1
542	45	1
542	914	1
542	603	1
542	199	1
542	572	2
542	315	1
542	985	1
542	1294	2
542	1418	1
543	40	1
543	211	1
543	1075	1
543	416	1
543	760	2
543	141	1
543	282	1
543	1042	1
543	682	1
543	875	1
543	227	1
543	32	3
543	451	1
543	90	2
543	432	1
543	6	2
543	1299	1
543	903	2
543	91	1
543	220	24
543	398	1
543	3	1
544	371	1
544	76	1
544	1059	2
544	1136	2
544	978	1
544	1600	1
544	648	1
544	307	1
544	1346	1
544	1084	1
544	161	1
544	625	1
544	1529	2
544	1179	1
544	779	2
544	1413	2
544	1407	2
544	1056	1
544	606	2
544	403	3
544	662	1
544	626	1
544	1378	1
544	393	4
545	809	1
545	1192	1
545	832	1
545	45	1
545	83	2
545	169	6
545	545	1
545	918	1
545	444	1
545	1138	2
545	259	1
545	432	1
545	205	1
545	1241	1
545	701	1
545	181	1
545	146	2
545	145	3
545	984	1
545	277	1
545	1186	1
545	98	1
545	1187	1
545	253	1
545	1214	1
545	901	1
545	239	1
545	450	1
545	603	2
545	264	1
545	771	1
545	129	2
545	165	4
545	343	6
545	99	2
545	308	1
545	44	1
546	739	1
546	562	1
546	173	6
546	459	1
546	777	3
546	160	2
547	126	2
547	691	1
547	862	1
547	733	2
547	896	1
547	327	2
547	249	3
547	682	1
548	161	1
548	44	3
548	130	12
548	489	1
548	568	1
548	195	1
548	1197	1
548	73	1
548	1028	1
548	33	2
548	417	1
548	133	1
548	169	3
548	1157	1
549	1430	1
549	45	1
549	112	1
549	114	1
549	150	1
549	181	1
549	1060	1
549	133	1
549	735	4
549	18	2
549	61	1
549	39	2
549	146	3
549	236	1
549	489	1
549	1173	1
549	330	3
549	1000	1
549	44	4
549	615	1
54	1058	1
54	133	1
54	227	2
54	205	1
54	112	2
54	62	35
54	164	5
54	165	19
54	45	2
54	264	3
54	171	2
54	551	1
54	398	6
54	64	1
54	113	1
54	840	1
54	1364	11
54	669	2
54	305	1
54	169	1
54	32	1
550	1598	1
550	1235	1
550	126	1
550	1136	1
550	590	1
550	1465	1
550	1003	1
550	611	1
550	1500	1
551	305	1
551	39	1
551	862	1
551	943	1
551	18	1
551	799	2
551	249	1
551	1178	1
551	133	1
551	150	4
551	129	11
551	169	8
551	45	4
551	549	4
552	6	1
552	1174	1
552	489	1
552	1088	1
552	4	1
552	1574	1
552	1099	1
552	491	1
552	858	1
552	172	1
552	164	1
552	800	1
552	262	1
552	682	1
552	1406	1
552	1178	1
552	618	2
552	129	1
552	169	1
552	1148	1
553	108	1
553	1099	1
553	1124	1
553	655	1
553	399	1
553	1209	1
553	1010	9
554	732	1
554	578	8
554	1069	1
554	844	1
554	763	1
554	331	1
554	708	1
554	425	1
554	409	2
554	614	2
554	283	1
555	1138	2
555	169	2
555	205	2
555	1007	1
555	6	1
555	253	1
555	227	1
555	125	1
555	768	1
555	939	1
555	387	1
555	648	1
555	965	1
556	862	1
556	114	1
556	304	1
556	1327	1
556	150	1
556	1071	1
556	682	1
556	417	1
556	235	1
556	44	4
556	636	1
556	605	2
556	823	1
557	778	1
557	851	1
557	1311	2
557	746	1
557	640	1
557	536	1
557	1413	3
557	260	2
557	1242	3
557	1579	1
557	1241	1
557	632	1
557	308	1
557	901	1
557	558	1
557	699	1
557	875	2
557	85	1
557	1416	1
557	45	5
557	174	4
557	748	1
557	169	14
557	1069	3
557	578	2
557	1157	1
557	99	4
557	593	2
557	611	1
557	397	1
557	1335	1
557	18	1
557	410	1
557	608	1
557	687	1
557	181	7
557	645	1
557	64	1
557	343	2
557	669	1
557	247	1
557	1094	1
557	371	4
557	1551	1
558	617	3
558	1293	1
558	1313	1
558	1358	1
558	305	1
558	885	2
558	11	1
558	18	8
558	988	1
558	1363	9
558	646	6
558	954	1
558	150	1
558	190	7
559	643	3
559	125	1
559	869	1
559	1495	1
559	1558	1
559	376	1
559	223	1
559	1182	1
559	915	2
559	283	1
559	933	1
559	975	1
559	1289	1
559	45	1
559	451	1
559	897	1
559	820	1
559	766	1
559	940	1
559	783	1
559	44	1
559	593	1
55	579	1
55	64	59
55	213	4
55	205	3
55	378	2
55	1366	2
55	171	3
55	260	1
55	305	1
55	510	3
55	99	4
55	1434	2
55	1241	1
55	1225	1
55	1074	1
55	990	1
55	749	3
55	236	2
55	587	1
55	689	1
55	748	1
55	28	2
55	1472	1
55	169	1
55	965	1
55	365	1
55	1137	1
55	769	1
55	1058	1
55	122	1
560	1049	1
560	18	1
560	543	1
560	807	1
560	987	1
560	1358	2
560	316	6
560	510	1
560	1414	1
560	450	1
560	449	1
560	39	2
560	885	2
560	1310	1
560	1258	1
561	175	1
561	980	1
561	1513	1
561	150	2
561	129	1
561	169	2
561	45	2
561	205	1
561	420	1
561	197	1
561	161	1
561	587	1
561	978	1
561	758	1
561	476	1
561	600	1
562	1058	2
562	979	1
562	1023	2
562	823	1
562	147	2
562	279	1
562	1071	2
562	236	1
562	636	1
562	1191	1
562	1130	17
562	418	1
562	735	2
562	620	1
562	645	2
562	593	1
562	44	3
562	522	1
562	673	1
562	146	1
562	99	1
562	903	1
562	1309	1
563	343	1
563	38	1
563	150	1
563	161	2
563	173	5
563	635	1
563	682	1
563	1178	1
563	99	2
563	1006	1
563	195	1
563	174	2
563	205	2
563	312	2
563	1497	1
563	181	2
563	190	1
563	673	1
563	196	2
563	472	2
563	456	1
563	129	3
563	169	4
563	622	2
563	634	7
563	45	4
563	654	1
563	689	1
563	712	1
563	593	1
563	44	3
563	87	1
563	1199	1
563	1153	1
563	558	2
563	469	1
563	253	2
563	903	1
564	1404	1
564	1565	1
564	514	1
564	437	1
564	1228	1
564	1538	1
564	1069	1
564	732	1
564	1474	1
564	206	1
564	1278	2
564	454	3
564	370	1
564	282	1
565	223	1
565	1349	1
565	101	1
565	613	1
565	1170	1
565	32	1
565	682	2
565	404	2
565	625	1
565	399	1
565	81	1
565	213	1
565	638	1
565	115	1
565	410	2
565	688	1
566	597	1
566	1429	1
566	1378	1
566	1143	1
566	172	2
566	206	1
566	419	1
566	628	1
566	244	1
566	787	1
567	1023	1
567	1022	1
567	418	1
567	133	1
567	1084	1
567	343	1
567	150	1
567	1148	1
567	403	1
567	321	1
567	1045	1
567	253	2
567	1413	2
567	54	2
567	550	2
567	829	3
567	340	2
567	249	1
567	161	1
567	173	2
567	1110	1
567	452	1
567	206	1
567	1258	1
567	315	1
567	3	1
567	469	1
567	1087	1
567	197	2
567	491	1
567	145	1
567	431	2
567	247	1
567	848	3
567	146	2
567	129	1
567	1213	2
567	157	2
567	894	1
567	892	1
567	341	1
567	260	1
567	244	1
567	562	1
567	101	1
567	557	1
567	692	1
567	591	1
567	44	2
567	593	1
567	682	1
567	18	2
567	1059	1
568	425	1
568	1383	1
568	660	4
568	25	2
568	387	11
568	1054	1
568	862	1
568	223	1
568	1258	1
568	1346	1
568	282	6
568	466	2
568	428	1
568	1474	1
568	790	1
568	1350	2
568	160	2
568	1272	1
568	403	2
568	339	1
568	1169	1
569	1416	1
569	1191	1
569	137	1
569	1209	1
569	328	1
569	1259	1
569	536	1
569	319	1
569	200	1
569	92	1
569	578	2
569	614	10
569	239	1
56	65	40
56	116	2
56	469	9
56	256	1
56	530	4
56	49	1
56	778	1
56	313	1
56	453	10
56	458	2
56	33	1
56	638	1
56	921	1
56	688	1
56	579	1
56	45	3
56	378	1
56	1264	1
56	1299	2
56	76	2
56	371	1
56	247	1
570	98	1
570	223	1
570	399	1
570	1314	1
570	403	1
570	454	1
570	1181	1
570	253	1
570	1606	1
570	125	1
570	917	1
570	559	1
570	1404	1
571	799	1
571	204	2
571	1204	2
571	964	1
571	989	3
571	699	2
571	667	3
571	1280	1
571	928	1
571	641	1
571	501	2
571	182	1
571	1315	1
571	305	2
571	18	1
571	740	1
571	1241	1
571	558	1
571	257	1
571	371	1
571	1224	1
571	169	29
571	378	2
571	343	7
571	129	4
571	174	2
571	461	1
571	99	5
571	1434	2
571	1197	8
571	1394	1
571	472	1
571	146	1
571	1	1
571	1519	1
571	307	1
571	1034	1
571	570	5
571	842	1
571	778	1
571	479	3
571	1347	1
571	769	1
571	483	1
571	165	2
571	213	1
571	1171	1
571	161	1
572	193	1
572	57	4
572	102	6
572	93	1
572	1255	1
572	876	1
572	647	1
572	1401	1
572	512	2
572	395	1
572	142	2
572	143	2
572	107	1
572	530	2
572	91	1
572	656	1
572	342	1
572	854	1
573	772	2
573	489	2
573	335	1
573	44	8
573	691	2
573	591	2
573	1002	1
574	452	1
574	307	1
574	146	1
574	1025	1
574	469	7
574	458	5
574	453	6
574	735	5
574	479	2
574	196	3
574	281	1
574	1316	1
574	187	2
574	562	3
574	416	1
574	23	1
574	633	1
574	292	1
574	635	3
574	173	2
574	1047	1
574	99	2
574	129	2
574	46	1
575	723	1
575	1230	1
575	1593	1
575	340	1
575	341	1
575	1094	1
575	466	1
575	76	1
575	656	1
575	862	1
575	187	1
576	146	1
576	293	1
576	45	2
576	591	3
576	693	1
576	364	1
576	244	1
576	235	1
576	161	1
576	112	1
576	53	2
576	18	1
576	615	1
576	129	1
576	169	3
576	517	1
576	698	1
576	625	1
576	1251	1
576	181	1
576	1213	1
576	958	1
576	978	1
576	236	3
576	875	1
577	223	1
577	51	1
577	334	1
577	285	1
577	717	2
577	1111	1
577	282	2
577	466	1
577	450	1
578	870	1
578	444	1
578	169	1
578	1412	1
578	1413	2
578	1383	1
578	821	2
578	1370	1
578	387	4
578	677	1
578	1597	2
578	683	2
578	1377	1
578	205	1
578	45	8
578	83	1
578	288	1
578	53	1
578	1459	1
578	223	1
578	1136	2
578	472	1
578	174	2
578	236	3
578	55	1
578	411	1
578	412	1
578	1116	1
578	915	1
578	187	2
578	259	1
578	369	1
578	1346	1
578	252	1
578	476	1
578	602	1
578	35	2
578	477	1
578	801	1
578	1566	1
578	832	1
578	963	1
578	247	1
578	1179	1
578	779	5
578	960	1
578	212	2
578	253	1
578	76	1
578	11	2
578	403	4
578	103	1
578	133	4
578	937	1
578	1460	1
578	221	1
578	399	2
578	637	3
578	660	6
578	58	1
578	593	1
578	1024	1
578	648	1
578	1160	1
578	1266	1
578	662	4
578	1165	2
579	1505	1
579	707	1
579	126	2
579	517	2
579	157	1
579	236	10
579	1132	1
579	45	1
579	1163	2
579	49	5
579	130	1
579	1171	1
579	1305	2
579	919	1
57	657	1
57	184	1
57	160	1
57	250	1
57	439	1
57	66	1
57	6	1
57	97	1
57	108	1
57	130	3
57	192	22
57	253	1
57	571	1
57	112	1
57	833	1
57	399	1
57	1555	1
57	625	2
57	578	2
57	491	1
57	4	1
57	5	1
57	1088	1
57	169	1
57	45	1
580	708	1
580	1448	3
580	233	1
580	56	1
580	1386	1
580	278	1
580	171	2
580	45	1
580	236	1
580	399	2
580	625	1
580	133	1
580	465	3
580	250	15
580	861	1
580	1498	1
580	497	2
580	948	2
580	340	1
580	549	1
580	378	1
580	223	2
580	160	12
580	104	1
580	226	1
580	1007	1
580	1370	1
580	1333	1
580	125	1
580	699	1
580	590	1
580	540	1
580	1491	1
580	1088	1
580	1069	1
580	578	1
580	1303	1
580	1335	1
580	1132	1
580	1098	2
580	1423	1
581	484	2
581	220	1
581	1018	1
581	1140	1
581	1353	1
581	1198	1
581	536	3
581	223	1
581	277	1
581	1003	1
582	1501	1
582	45	2
582	427	1
582	150	1
582	875	1
582	379	2
582	169	7
582	593	1
582	146	1
582	264	1
582	1334	1
583	371	1
583	744	1
583	1597	1
583	227	1
583	511	1
583	1375	1
583	639	2
584	138	17
584	102	38
584	550	1
584	528	1
584	1205	1
584	169	1
584	147	2
584	133	2
584	1293	4
584	174	1
584	1141	1
584	146	1
584	1268	1
584	165	1
584	264	2
584	923	3
584	1269	2
584	249	3
584	775	9
584	516	4
584	103	1
584	74	7
584	193	2
584	682	2
584	161	3
584	1107	1
584	512	12
584	1224	1
584	151	1
584	44	1
584	641	1
584	267	2
584	353	1
584	856	1
584	1401	2
585	1360	2
585	641	2
585	35	1
585	117	1
585	76	1
585	1271	1
585	828	1
585	1060	3
585	223	3
585	1249	2
585	676	1
585	1154	1
585	44	6
585	134	1
585	972	1
585	853	1
585	1463	1
585	45	1
585	120	12
585	1038	19
585	1035	1
585	1415	1
585	263	1
585	1445	1
586	1209	1
586	223	1
586	494	1
586	1080	1
586	244	1
586	1344	1
586	1043	5
586	4	1
586	578	1
586	32	1
586	366	1
586	731	1
586	348	2
586	187	1
586	1384	1
586	859	1
586	682	1
586	648	1
586	36	2
587	1115	1
587	1027	2
587	662	1
587	1160	1
587	882	1
587	1210	1
587	1445	2
587	261	4
587	97	1
587	1289	1
587	1605	1
587	1095	1
587	830	1
587	1606	1
587	1084	1
587	393	1
587	1492	1
587	1580	1
587	867	1
587	849	1
587	1367	1
587	1546	1
587	1523	1
587	770	1
587	780	1
587	787	3
587	1596	1
587	223	1
587	514	1
587	22	1
587	494	1
587	1276	1
587	640	1
587	296	5
587	440	1
587	341	1
587	859	5
587	19	12
587	1182	1
587	612	1
588	851	2
588	457	2
588	410	1
588	1303	1
588	1065	2
588	115	1
588	223	1
588	670	1
588	114	2
588	68	3
588	904	3
588	491	1
588	708	2
588	1069	1
588	248	1
588	578	33
588	1272	2
588	250	1
588	702	1
589	110	1
589	277	2
589	274	1
589	1359	1
589	315	2
589	1016	1
589	644	7
589	1069	1
589	1239	1
589	422	1
589	1451	1
589	1107	1
589	1406	2
589	611	1
589	46	1
589	714	1
589	63	7
589	1246	2
58	1431	1
58	67	5
58	83	9
58	1212	2
58	297	1
58	1362	2
58	179	2
58	1078	1
58	45	4
58	1328	2
58	982	1
590	1570	1
590	862	1
590	484	1
590	1445	1
590	564	2
590	1368	2
590	625	1
591	768	1
591	1065	1
591	903	2
591	253	1
591	1044	1
591	341	1
591	480	1
591	1139	1
591	1433	2
591	453	1
591	554	1
591	150	1
591	227	2
591	169	1
591	672	1
591	1016	3
591	1140	1
591	1340	1
592	476	1
592	33	1
592	1445	3
592	389	1
592	241	2
592	266	4
592	628	3
592	161	4
592	244	14
592	223	1
592	662	1
592	45	1
592	14	1
592	375	1
592	965	2
592	334	1
592	442	1
592	115	1
592	674	1
592	481	1
592	703	1
592	315	2
592	682	2
592	672	1
592	1460	1
592	1369	1
593	662	1
593	883	2
593	944	1
593	1203	2
593	45	3
593	387	1
593	809	1
593	174	4
593	871	3
593	364	1
593	161	2
593	978	1
593	1159	1
593	310	1
593	1522	1
593	133	3
593	1311	1
593	202	1
593	244	7
593	206	1
593	817	2
593	648	2
593	271	1
593	1187	1
593	889	1
593	46	2
593	340	1
593	683	1
593	14	1
593	824	1
593	972	1
593	427	1
594	159	1
594	339	2
594	801	1
594	197	2
594	575	2
594	399	2
594	650	4
594	1165	1
594	648	2
594	1209	1
594	1509	1
594	237	1
594	1138	2
594	427	1
594	205	1
594	625	2
594	424	1
594	70	1
594	1463	1
594	403	4
594	825	1
594	788	2
594	862	1
594	795	2
594	820	1
594	253	1
595	395	1
595	729	1
595	87	1
595	724	1
595	286	1
595	246	2
595	161	18
596	1140	1
596	178	1
596	677	1
596	1493	1
596	46	2
596	1326	7
596	249	3
596	682	1
596	266	1
596	419	1
596	340	1
596	389	1
596	490	1
596	76	1
596	42	1
596	432	5
596	244	3
596	260	1
596	544	1
596	703	1
597	1142	1
597	410	1
597	827	1
597	655	1
597	63	1
597	334	1
598	1058	1
598	54	3
598	1351	2
598	171	1
598	698	1
598	1335	3
598	157	2
598	1022	1
598	1426	2
598	620	2
598	1304	1
598	168	1
598	1538	1
598	1472	1
598	45	14
598	659	2
598	71	2
599	1402	2
599	1342	2
599	1450	1
599	620	1
599	1432	1
599	623	1
599	45	1
599	1258	2
599	395	1
599	428	1
599	1425	1
599	1195	1
599	1084	1
599	1319	1
599	760	1
599	187	1
599	403	1
599	1160	1
599	1165	2
599	657	1
599	184	2
599	664	2
599	965	1
599	1570	1
599	613	1
59	68	6
59	1413	2
59	432	1
59	677	1
59	393	1
59	660	4
59	1346	1
59	965	1
59	387	3
59	662	2
5	6	1
5	410	3
5	468	1
5	377	1
5	115	1
5	1514	1
5	125	1
5	1302	1
600	182	1
600	155	2
600	1397	1
600	1212	1
600	417	1
600	1250	1
600	114	2
600	428	1
600	263	1
600	190	1
600	803	1
600	154	2
600	794	2
600	90	1
600	427	1
600	1073	4
600	510	1
600	1265	1
600	1268	1
600	1293	1
600	492	3
600	1237	1
600	1129	2
600	221	3
601	14	1
601	223	1
601	660	4
601	817	1
601	274	1
601	1459	2
601	1600	1
601	339	7
601	1346	1
601	1338	1
601	314	1
601	1566	1
601	399	1
601	1529	2
601	905	1
601	1179	1
601	779	1
601	1413	2
601	1407	1
601	682	1
601	244	3
601	937	1
601	403	5
601	662	1
601	515	1
601	177	1
601	11	1
602	7	2
602	6	1
602	1574	1
602	131	1
602	1124	1
602	1099	1
602	1275	1
602	301	1
602	1140	1
602	1056	1
602	152	1
602	1371	1
602	1388	1
602	661	1
602	823	1
602	155	3
603	710	1
603	292	1
603	944	1
603	164	1
603	1284	1
603	260	2
603	173	29
603	44	1
603	672	1
603	729	1
603	656	1
604	917	1
604	134	6
604	663	23
604	282	3
604	45	1
604	1209	1
605	247	1
605	465	6
605	0	1
605	160	3
605	880	1
605	1396	1
605	371	1
605	1179	1
605	1222	3
605	253	1
605	469	4
605	429	1
605	213	1
605	45	2
605	516	2
605	610	1
605	35	3
606	457	1
606	1236	1
606	356	1
606	611	1
606	249	2
606	967	1
606	90	1
606	161	2
606	1067	1
606	287	3
606	1398	1
606	411	1
606	8	2
606	192	3
607	442	1
607	217	1
607	182	2
607	954	1
607	523	1
607	1451	1
607	1454	1
607	702	1
607	715	1
607	590	1
607	1166	1
607	1532	1
607	1310	1
607	244	1
607	1567	1
607	1536	1
607	584	1
607	1144	1
607	587	1
607	1605	1
607	716	1
607	1598	1
607	1463	1
607	27	1
607	1014	1
607	1056	1
607	957	1
607	743	1
607	214	4
607	608	1
607	690	1
607	41	1
607	499	1
607	578	1
607	1490	1
607	1233	1
607	229	1
607	614	1
607	1270	1
607	1266	1
607	114	1
607	186	1
607	457	1
607	178	1
607	286	1
607	1406	1
607	1036	1
607	493	1
607	550	1
607	581	1
607	566	1
607	44	2
607	77	1
607	1322	1
607	774	1
607	1173	1
607	872	1
607	609	2
607	1112	1
607	336	1
607	1588	1
607	700	1
607	876	1
607	0	1
607	369	3
607	237	1
607	583	1
607	326	1
607	766	1
607	981	1
607	1154	1
607	682	1
608	909	1
608	708	17
608	1039	1
608	175	1
608	223	2
608	357	1
608	4	1
608	734	1
608	32	4
608	694	2
608	872	2
608	1466	1
608	546	1
609	209	1
609	260	3
609	98	1
609	187	1
609	245	2
609	1156	1
609	1131	2
609	1121	1
609	274	4
609	249	7
609	269	4
609	666	55
609	1461	4
609	662	1
60	694	1
60	172	3
60	69	4
60	26	1
60	724	1
60	1066	1
60	611	1
610	1099	2
610	89	1
610	376	3
610	1556	1
610	460	1
610	6	3
610	1275	1
610	1199	1
610	1490	1
611	902	1
611	378	2
611	1343	1
611	589	1
611	399	1
611	174	1
611	196	4
611	164	1
611	850	1
611	669	1
611	44	2
611	234	1
611	1554	1
611	630	3
611	62	1
611	1482	1
612	1365	1
612	1531	1
612	1287	1
612	45	5
612	22	1
612	593	1
612	60	1
612	1497	1
612	61	1
612	1237	1
612	150	2
612	589	1
612	1481	1
612	250	1
612	184	2
612	880	1
613	1463	1
613	1	1
613	951	1
613	1254	1
613	98	1
613	1141	1
613	491	1
613	1157	1
613	1161	1
613	263	1
613	238	1
613	721	3
613	454	3
614	1293	2
614	150	1
614	39	1
614	146	2
614	171	1
614	208	1
614	1072	1
614	169	1
614	3	14
614	45	1
614	236	1
614	465	1
614	1034	1
614	929	3
615	927	1
615	187	1
615	340	1
615	161	1
615	769	1
615	611	1
615	1551	1
615	46	2
615	811	2
616	373	1
616	1403	1
616	623	2
616	218	1
616	760	1
616	221	1
616	1526	1
616	1253	1
616	1440	1
616	573	2
616	581	1
616	671	1
616	255	1
617	730	1
617	1199	1
617	305	1
617	344	1
617	389	1
617	490	1
617	1178	1
617	241	1
617	76	1
617	573	1
617	223	1
617	608	1
617	114	1
617	387	1
617	412	1
617	1529	1
617	1512	1
617	476	1
617	1156	1
617	1243	2
617	1222	1
617	265	1
617	1520	1
617	761	1
617	851	1
617	1285	3
617	311	2
617	1357	1
617	11	1
617	341	1
617	22	1
617	595	1
617	1196	1
618	320	1
618	74	6
618	976	2
618	353	2
618	231	4
618	559	13
618	516	8
618	724	1
618	169	1
618	472	1
618	208	1
618	903	1
619	596	1
619	928	1
619	169	1
619	539	1
619	129	1
619	39	1
619	264	3
619	1071	1
619	45	8
619	208	1
619	150	2
619	388	3
619	174	2
619	71	1
619	1501	3
61	70	4
61	1572	2
61	1399	1
61	44	1
61	989	1
61	234	3
61	331	1
61	244	1
61	1350	1
61	646	2
61	1370	1
620	57	4
620	143	1
620	138	1
620	675	1
620	58	1
620	598	1
620	353	3
620	1160	1
620	1094	1
620	856	15
620	231	2
620	773	1
620	1220	1
620	1190	1
620	17	4
621	377	1
621	302	1
621	1571	1
621	136	1
621	1245	1
621	185	1
621	11	1
621	1465	1
621	180	19
621	722	1
622	522	2
622	579	13
622	132	2
622	123	11
622	1054	1
622	417	2
622	250	1
622	1037	1
623	11	1
623	604	1
623	677	1
623	555	1
623	90	2
623	858	1
623	682	1
623	1333	1
623	205	1
623	1237	1
624	1019	9
624	503	1
624	192	1
624	1590	2
624	73	3
624	45	2
624	83	2
624	1300	1
624	1207	1
624	1179	1
624	760	1
624	482	1
624	217	3
624	871	3
624	108	1
624	420	1
624	546	1
624	156	1
625	17	2
625	682	1
625	898	1
625	696	1
625	370	1
625	1108	1
625	1401	1
626	316	4
626	1381	1
626	164	2
626	838	1
626	45	6
626	596	2
626	378	1
626	799	1
626	139	1
626	233	1
626	15	1
626	253	1
626	1413	1
626	448	1
626	508	1
626	507	1
626	71	4
626	53	8
626	3	3
626	918	1
626	309	6
626	112	5
626	196	2
626	227	2
626	658	1
626	401	2
626	415	1
626	680	5
626	621	1
626	591	1
626	593	1
626	1376	2
626	994	1
626	1347	1
626	454	1
626	1197	1
626	860	2
626	427	1
626	819	7
626	279	1
626	226	1
626	129	5
626	181	8
626	83	5
626	543	5
626	205	1
626	1544	1
626	1268	1
626	648	1
626	617	1
626	942	1
626	44	2
626	130	2
626	28	4
626	147	2
627	1417	1
627	87	1
627	1382	1
627	44	1
627	45	1
627	615	1
627	862	1
627	682	2
627	11	4
627	957	1
628	112	4
628	928	1
628	851	2
628	1212	1
628	1268	2
628	173	2
628	1004	2
628	939	1
628	500	1
628	45	7
628	226	2
628	99	1
628	1335	1
628	630	1
628	837	1
628	53	2
628	1267	1
628	1362	1
628	169	1
628	196	5
628	417	4
628	49	7
628	18	2
628	635	1
628	491	5
628	371	1
628	453	1
628	1299	1
628	458	1
628	685	2
628	686	4
629	731	1
629	3	1
629	184	1
629	739	1
629	1466	1
629	40	1
629	1064	1
629	173	1
629	850	1
629	1262	1
629	507	1
629	123	6
629	749	2
629	687	1
62	26	6
62	1234	1
62	722	4
62	275	1
62	399	1
62	645	4
62	589	1
62	499	1
62	513	2
62	741	1
62	92	1
62	577	1
62	781	7
62	269	1
62	682	1
630	484	1
630	1380	1
630	1569	1
630	1227	1
630	1469	21
630	1073	1
630	220	1
630	223	2
630	480	1
630	590	2
630	579	1
630	33	1
630	724	1
630	1107	1
631	112	1
631	236	1
631	569	1
631	599	1
631	181	5
631	169	9
631	44	3
631	1045	1
631	1309	2
631	253	2
631	699	1
631	903	1
631	968	2
632	1130	4
632	895	2
632	838	3
632	49	2
632	1283	2
632	533	16
632	129	11
632	112	6
632	279	3
632	1071	9
632	472	1
632	476	4
632	417	1
632	1167	3
632	1044	1
632	862	1
632	1095	1
632	1206	2
632	169	8
632	545	1
632	735	1
632	645	2
632	44	3
632	522	1
632	12	2
632	150	3
633	22	1
633	589	1
633	45	1
633	414	2
633	117	1
633	1556	2
633	35	1
633	391	18
633	953	1
633	1125	1
633	481	6
633	491	1
633	732	1
633	1283	1
633	125	2
633	703	3
633	36	2
633	948	1
633	1553	1
633	1210	1
633	694	9
633	930	1
633	1165	1
633	261	1
634	680	1
634	941	2
634	151	1
634	1184	1
634	173	6
634	182	1
634	861	1
634	1178	1
634	333	1
634	399	22
634	134	2
634	62	5
634	631	35
634	44	1
635	831	1
635	86	2
635	695	1
635	277	5
635	340	2
635	249	1
635	259	1
635	602	3
635	672	2
636	953	1
636	779	2
636	184	9
636	959	2
636	629	1
636	1455	1
636	657	11
636	439	13
636	250	5
636	1098	2
636	1450	2
637	306	1
637	22	1
637	399	1
637	631	1
637	662	1
637	648	1
637	1322	1
637	1309	1
637	1485	1
637	1069	1
637	1380	1
637	167	1
637	1037	1
637	10	1
637	250	3
637	629	3
637	593	1
637	533	1
637	761	2
637	147	1
637	45	1
637	569	5
637	290	1
637	885	1
638	1400	1
638	99	1
638	174	3
638	252	2
638	1170	1
638	510	1
638	572	2
638	700	4
638	23	2
638	44	1
638	630	2
638	1225	1
638	673	1
638	45	12
638	1280	1
639	399	3
639	645	1
639	1281	1
639	412	1
639	446	1
639	1523	1
639	742	1
639	546	1
639	421	2
639	782	1
639	410	1
639	663	4
63	727	1
63	73	2
63	414	1
63	399	1
63	514	2
63	125	1
63	223	1
63	743	1
63	906	1
63	813	1
63	678	1
63	499	2
63	538	1
640	120	1
640	1063	1
640	491	1
640	223	1
640	26	1
640	11	1
640	1338	1
640	905	1
640	37	1
640	1273	2
640	930	1
641	473	1
641	567	3
641	223	1
641	884	4
641	849	2
641	781	5
641	1136	2
641	126	2
641	412	1
641	1002	1
641	454	1
641	1467	1
641	1174	1
642	1230	1
642	1603	1
642	1524	1
642	1088	1
642	1288	1
642	1260	1
642	356	1
642	1375	1
642	453	2
642	376	3
642	735	1
642	371	1
642	205	1
642	505	1
642	698	4
642	45	5
642	97	2
642	1395	1
642	659	1
642	567	1
642	897	2
642	500	2
642	223	1
642	744	2
643	403	3
643	1234	2
643	239	1
643	1410	1
643	1430	2
643	1599	1
643	340	1
643	1223	1
643	293	1
643	260	2
643	1280	1
643	35	1
643	87	1
643	241	2
643	1342	1
643	428	1
643	716	1
643	395	1
644	1042	1
644	1118	1
644	1170	1
644	1232	2
644	450	2
644	1468	1
644	1463	1
644	244	11
644	704	5
644	853	1
644	1342	1
645	288	1
645	1088	1
645	759	1
645	1381	1
645	693	1
645	1266	2
645	1230	1
645	85	1
645	1589	1
645	205	1
645	305	1
645	427	1
645	1030	1
645	413	1
645	278	1
645	279	1
645	1022	1
645	483	2
645	1483	1
645	814	1
645	698	1
645	1239	1
645	355	6
645	244	1
645	45	4
645	14	1
645	87	1
645	187	2
645	387	3
646	247	1
646	99	2
646	378	1
646	150	3
646	45	3
646	641	1
646	146	1
646	61	1
646	640	1
646	289	1
646	44	4
646	205	1
646	1232	1
647	862	1
647	1443	3
647	114	2
647	410	2
647	357	1
647	1424	1
647	1484	1
647	1408	2
647	1471	2
647	491	1
647	1157	1
647	45	2
647	1189	1
647	311	1
648	58	1
648	223	1
648	400	1
648	412	1
648	44	1
648	970	1
648	913	1
648	85	1
648	1288	1
648	709	1
648	834	1
648	948	1
648	1603	1
648	1093	1
648	351	1
648	973	2
649	44	4
649	22	1
649	115	1
649	1164	1
649	18	1
649	388	1
649	116	1
649	641	1
649	323	1
649	1242	1
649	1004	2
649	589	1
649	223	1
649	1567	1
649	1441	2
649	389	1
649	1554	2
649	651	1
649	33	3
649	1334	2
649	769	1
649	36	1
649	19	1
649	629	1
649	1361	1
649	611	1
649	1016	1
649	205	10
649	190	7
649	45	3
649	1566	2
649	31	1
649	456	4
649	740	1
649	247	1
649	738	1
649	181	1
649	1212	1
649	90	1
649	646	5
649	1548	2
64	342	1
64	775	1
64	0	1
64	559	1
64	74	13
64	93	2
64	231	7
64	512	14
64	668	1
64	102	12
64	509	1
64	876	1
64	320	5
64	1255	2
64	1601	1
64	138	4
650	587	1
650	33	1
650	14	2
650	35	6
650	223	1
650	1059	1
650	1209	1
650	260	2
650	671	3
650	1126	1
650	245	2
650	996	1
650	125	1
650	663	2
651	1129	1
651	1325	1
651	370	1
651	585	1
651	130	1
651	1598	1
651	1594	1
651	32	7
651	549	1
651	763	1
651	187	2
652	592	1
652	1031	1
652	611	2
652	610	1
652	1088	1
652	782	1
652	1060	1
652	1578	1
652	32	1
652	408	1
652	223	2
652	1035	1
652	6	1
653	51	1
653	334	1
653	413	3
653	48	1
653	99	6
653	737	1
653	236	2
653	1486	1
653	511	4
653	49	4
653	45	6
653	194	2
654	1490	2
654	1574	1
654	5	1
654	724	1
654	1365	1
654	330	1
654	1000	1
654	1443	1
654	1088	2
654	1266	7
654	182	1
654	1175	3
654	195	1
654	698	5
654	715	1
654	224	1
654	324	1
654	1351	1
654	1464	1
654	537	2
654	115	6
654	968	3
654	1122	2
654	1033	1
654	410	1
654	257	1
654	888	1
655	1043	2
655	974	1
655	223	1
655	101	1
655	1169	3
655	115	1
655	946	1
656	611	2
656	269	1
656	1216	2
656	468	2
656	1277	1
656	1039	1
656	829	1
656	549	3
656	414	1
656	573	3
656	624	1
656	1234	1
656	223	2
656	260	8
656	450	2
656	387	4
656	466	3
656	494	1
656	185	2
657	771	1
657	161	3
657	572	2
657	87	1
657	1233	1
657	1313	1
657	235	1
657	923	1
658	220	1
658	781	1
658	316	3
658	570	1
658	403	2
658	1378	1
658	205	2
658	935	1
658	399	1
658	411	1
658	965	1
658	69	2
658	1598	1
658	424	1
658	272	2
659	21	1
659	316	2
659	817	1
659	1056	1
659	736	1
659	1223	1
659	1558	1
659	311	1
659	282	1
659	864	1
659	190	1
659	244	1
65	75	1
65	99	2
65	928	1
65	181	1
65	479	1
65	44	2
660	182	1
660	45	3
660	226	2
660	53	1
660	112	1
660	81	1
660	340	1
660	1012	1
661	862	12
661	1386	3
661	948	1
661	99	1
661	723	1
661	172	1
661	1268	2
661	474	1
661	492	1
661	170	1
661	1005	1
661	1473	1
661	126	3
661	684	9
661	174	2
661	182	1
661	51	4
661	722	26
661	602	3
661	223	26
661	932	1
661	1044	2
661	1115	1
661	535	3
661	266	1
661	769	1
661	428	7
661	225	1
661	11	34
661	816	22
662	340	1
662	1541	1
662	569	1
662	1464	2
662	498	1
662	1324	1
662	44	1
663	1238	1
663	837	1
663	507	1
663	777	3
663	173	5
663	467	2
663	228	15
663	40	1
663	585	1
663	451	1
663	196	1
663	123	7
663	739	3
664	702	1
664	1295	1
664	386	1
664	158	2
664	1344	1
664	520	1
664	862	1
664	491	1
664	223	1
664	435	1
665	6	1
665	630	4
665	227	2
665	45	6
665	481	1
665	195	14
665	99	7
665	44	1
665	1282	2
665	589	1
665	130	1
665	1056	1
665	169	3
665	656	2
665	679	4
665	1260	12
665	1058	1
665	799	1
666	112	1
666	45	1
666	226	4
666	253	2
666	903	1
666	264	1
666	1005	1
666	39	1
666	953	1
666	739	1
666	680	1
666	427	1
666	1183	1
666	650	2
667	1031	1
667	649	1
667	310	1
667	137	2
667	1103	1
667	1386	1
667	45	5
667	970	2
667	134	5
667	405	1
667	514	2
667	52	1
667	247	1
667	677	1
667	421	8
667	125	1
667	917	3
667	1065	1
667	31	1
667	771	1
667	44	2
667	600	2
667	877	1
667	878	1
667	1235	1
667	1189	1
667	1513	1
667	115	4
667	648	1
667	726	1
667	1250	1
667	356	1
667	217	1
667	871	1
667	813	1
667	1274	1
667	435	1
668	103	1
668	1005	2
668	1528	1
668	684	1
668	171	1
668	764	1
668	316	1
668	1197	1
668	268	1
668	1547	1
668	1192	1
668	1293	1
668	1163	2
668	278	4
668	198	1
668	130	1
668	401	1
668	621	2
668	44	3
668	1051	2
668	7	1
668	741	1
668	402	1
669	45	5
669	14	3
669	83	4
669	1070	1
669	1137	1
669	179	2
669	217	3
669	115	2
669	948	1
669	851	1
669	101	1
669	674	1
669	1526	2
669	871	2
669	1446	2
669	916	1
669	257	9
669	285	7
669	1522	1
669	66	1
669	39	1
669	1161	3
669	872	1
669	918	2
669	578	2
669	913	1
66	77	3
66	589	1
66	1057	1
66	906	1
66	491	1
66	7	1
66	489	1
66	358	1
66	1124	1
66	58	1
670	828	1
670	103	1
670	146	1
670	673	1
670	126	1
670	260	1
670	234	1
670	622	1
670	487	1
670	662	1
670	44	4
670	253	1
671	1034	1
671	223	1
671	265	2
671	748	1
671	1316	1
671	1369	1
671	11	2
671	44	4
671	205	1
671	1020	2
671	472	1
672	1322	1
672	118	1
672	144	1
672	968	2
672	44	4
672	645	1
672	761	1
672	712	1
673	1204	2
673	654	1
673	53	1
673	1132	1
673	99	1
673	679	1
673	112	2
673	533	9
673	823	2
673	169	1
673	227	7
673	147	1
673	844	3
673	217	1
673	871	1
673	1070	5
673	401	1
673	621	1
674	18	1
674	146	1
674	45	1
674	517	1
674	32	1
674	707	1
674	370	1
674	208	1
674	728	2
674	725	1
674	589	1
674	472	2
674	312	1
674	150	1
674	133	1
674	487	1
674	673	1
674	388	1
674	328	1
674	1204	1
674	263	1
674	851	2
674	227	3
674	289	4
675	1058	1
675	236	2
675	1213	1
675	189	1
675	210	1
675	45	12
675	343	3
675	227	4
675	147	3
675	413	1
675	919	1
675	278	2
675	1122	1
675	181	2
675	1163	2
675	152	1
675	371	1
675	1120	1
676	79	1
676	44	2
676	22	1
676	749	1
676	902	1
676	727	2
676	456	1
677	76	1
677	481	1
677	444	1
677	827	1
677	184	1
677	948	1
677	871	1
677	324	1
677	1379	1
677	1192	3
677	1309	1
677	45	2
677	1069	1
677	808	1
677	249	1
677	435	1
677	410	1
677	156	1
677	913	1
677	90	1
677	421	1
677	729	1
677	376	1
677	549	1
677	341	1
677	611	6
677	1082	1
678	305	3
678	54	2
678	129	1
678	472	1
678	1034	1
678	1253	1
678	491	1
678	1069	1
678	593	2
678	224	1
678	44	1
678	146	1
678	994	1
678	1304	1
678	809	1
678	387	1
678	716	1
678	928	1
678	208	1
678	479	1
678	265	1
679	868	2
679	270	1
679	1323	1
679	1218	2
679	730	3
679	220	1
679	536	1
679	258	1
67	669	1
67	78	1
67	1075	2
67	453	3
67	160	1
67	705	1
67	573	1
67	1147	1
67	1024	1
67	45	1
67	3	2
67	646	1
67	1242	1
67	1146	1
67	819	1
67	507	10
680	537	1
680	849	1
680	666	46
680	1172	1
680	769	2
680	432	1
680	567	1
680	187	1
681	499	7
681	7	2
681	589	1
681	118	21
681	491	2
681	1490	1
681	1379	1
681	141	1
682	617	1
682	1227	1
682	1409	1
682	1058	1
682	133	1
682	863	1
682	174	1
682	838	2
682	181	1
682	1073	1
682	1140	1
682	211	1
682	1608	1
682	1406	1
682	44	2
682	805	1
682	731	6
682	472	1
682	294	5
682	75	1
682	422	1
683	1012	1
683	837	1
683	83	1
683	65	11
683	99	1
683	45	9
683	181	2
683	133	2
683	14	1
684	1328	1
684	226	1
684	591	1
684	58	1
684	641	1
684	1582	1
684	885	4
685	486	1
685	1204	1
685	494	1
685	543	1
685	319	1
685	1324	2
685	1230	1
685	22	1
685	161	4
685	808	1
685	340	2
685	1368	1
685	553	4
685	1170	1
685	1294	2
685	964	1
685	889	1
685	30	1
685	1197	1
685	903	7
685	640	1
685	150	8
685	7	1
685	118	1
685	44	2
685	720	5
685	740	7
686	36	1
686	1460	1
686	282	7
686	1194	1
686	1300	26
686	733	1
686	827	1
686	743	1
686	1055	1
687	45	3
687	674	1
687	115	3
687	450	1
687	213	1
687	957	1
687	428	1
687	341	1
687	630	1
687	265	1
687	103	1
687	1365	1
687	1197	2
687	522	3
687	769	1
687	593	1
687	44	1
687	1199	1
687	99	3
687	60	7
687	227	1
687	150	2
688	720	1
688	1511	1
688	99	1
688	226	1
688	253	7
688	90	4
688	1241	1
688	15	1
688	371	3
688	91	1
688	323	1
688	970	1
689	620	1
689	492	1
689	989	1
689	374	2
689	226	8
689	938	1
689	710	1
689	737	1
689	260	5
689	87	1
689	45	2
689	334	1
689	223	1
689	217	1
689	1565	1
689	19	1
689	948	1
689	146	1
689	855	1
689	827	1
689	1350	4
689	1560	1
689	1024	1
689	645	1
689	412	1
689	981	1
689	1413	1
689	1106	2
689	1081	1
689	962	1
689	640	1
689	839	1
689	31	1
689	649	1
689	1060	1
68	133	1
68	80	1
68	28	73
68	109	25
68	290	113
68	182	80
68	99	10
68	49	1
68	1479	1
68	1371	1
68	1242	1
68	236	1
68	1250	3
68	137	1
68	146	1
68	344	1
68	160	1
68	548	1
68	1409	1
68	1392	1
68	212	1
68	1020	6
68	737	7
68	1065	2
690	866	1
690	408	1
690	1353	2
690	996	1
690	239	2
690	46	1
690	389	2
690	223	2
690	375	2
690	589	1
690	738	1
690	215	1
690	530	1
690	540	1
690	1116	1
690	829	1
691	855	1
691	1581	1
691	85	1
691	1416	1
691	1197	2
691	1204	1
691	112	1
691	44	3
691	58	1
691	1282	1
691	53	1
691	54	1
691	39	1
691	150	1
691	1384	1
691	641	1
691	378	2
691	650	1
691	1112	1
691	1034	2
691	146	1
691	1381	1
691	384	2
691	1549	2
691	570	1
691	1037	1
691	553	1
691	212	2
691	593	1
692	724	1
692	172	1
692	1093	1
692	273	1
692	1571	1
692	166	1
692	648	1
692	590	1
692	11	1
692	387	1
692	883	1
692	885	1
693	1565	1
693	908	7
693	974	1
693	400	1
693	454	1
693	590	1
693	650	2
693	1469	1
693	1569	1
693	645	2
693	1209	1
693	1048	1
693	724	9
694	1166	1
694	187	1
694	259	1
694	282	2
694	150	2
694	1148	1
694	161	1
694	44	3
694	208	1
694	1133	1
694	227	2
694	18	2
694	174	2
694	341	1
695	1296	1
695	406	1
695	144	1
695	917	1
695	156	2
695	277	1
695	782	1
695	1091	1
696	486	1
696	676	2
696	677	4
696	431	1
696	76	3
696	744	3
696	1457	24
696	90	3
696	42	1
696	519	1
697	1034	1
697	1231	1
697	263	1
697	5	1
697	334	1
697	37	1
697	589	3
698	724	7
698	1569	1
698	250	1
698	999	2
698	1573	3
698	1565	5
698	1157	1
698	1535	1
698	90	1
698	547	1
698	197	1
699	558	2
699	699	2
699	383	1
699	99	1
699	44	2
699	1413	1
699	453	1
699	458	1
699	90	4
699	682	2
699	848	2
69	81	9
69	467	9
69	159	1
69	114	1
69	184	1
69	1037	1
69	862	1
69	399	1
69	154	3
6	63	1
6	7	1
6	1002	1
6	834	2
6	115	1
6	231	1
6	1183	1
700	399	1
700	358	1
700	184	1
700	179	1
700	7	1
700	32	1
700	1235	1
700	1196	2
700	1033	1
700	1065	2
700	782	1
700	524	1
700	1128	1
700	1179	1
701	45	1
701	1242	1
701	157	1
701	257	1
701	4	1
701	5	1
701	44	1
702	143	26
702	1401	3
702	57	1
702	44	1
702	923	1
702	360	1
702	668	1
702	17	3
702	1108	1
703	937	1
703	372	2
703	47	1
703	662	2
703	33	1
703	450	4
703	1414	2
703	1350	3
703	355	3
703	660	2
703	808	3
703	838	1
703	928	1
703	1021	1
703	1499	1
703	243	1
703	1044	1
703	589	1
704	1455	1
704	1530	1
704	372	2
704	45	1
704	217	1
704	578	1
704	1204	1
704	915	1
704	585	1
704	1209	1
704	749	1
705	343	1
705	903	3
705	1579	1
705	292	1
705	99	1
705	119	1
705	1213	1
705	472	1
705	169	1
705	1309	1
705	388	1
705	735	10
705	262	2
705	1543	1
705	981	1
705	750	3
705	1542	1
705	458	1
705	455	1
705	838	2
705	1546	1
705	699	1
705	323	1
705	45	2
706	1526	1
706	45	3
706	1239	1
706	698	2
706	42	1
706	1077	1
706	792	1
706	1537	1
706	83	1
706	1015	2
706	247	3
706	90	1
706	429	1
706	18	1
707	1324	1
707	1166	46
707	1562	1
707	214	1
707	829	1
707	1135	1
707	187	1
707	441	1
707	926	1
708	1578	1
708	1531	1
708	370	1
708	196	1
708	205	1
708	1572	1
708	441	1
708	466	1
708	219	5
708	428	1
709	1565	2
709	724	9
709	1209	1
709	412	1
709	1273	1
709	277	1
709	1177	1
709	206	1
709	286	1
70	86	48
70	1445	1
70	223	2
70	1059	1
70	302	1
70	239	1
70	1215	1
70	894	1
70	1451	1
710	18	1
710	1237	2
710	150	1
710	804	2
710	84	1
710	85	1
710	1328	4
710	112	4
710	1409	2
710	799	2
710	236	5
710	470	1
710	863	1
710	181	2
710	1268	3
710	564	1
710	394	1
710	75	1
711	21	1
711	1025	1
711	63	1
711	1095	1
711	862	1
711	223	2
712	249	2
712	505	3
712	85	4
712	244	1
712	1389	1
712	327	3
712	1191	2
712	1416	1
712	724	5
712	114	1
712	99	1
712	648	1
712	63	1
712	419	1
712	672	1
712	1229	1
712	311	1
712	707	1
712	340	1
713	1125	1
713	1565	1
713	446	1
713	341	1
713	1454	1
713	223	1
713	35	1
714	481	3
714	1056	2
714	217	24
714	927	1
714	1533	1
714	372	1
714	125	1
714	115	3
715	650	1
715	289	1
715	227	1
715	150	4
715	45	16
715	324	1
715	895	1
715	479	2
715	312	1
715	169	3
715	114	1
715	59	1
716	1216	1
716	992	8
716	150	3
716	45	2
716	383	3
716	279	3
716	129	2
716	133	1
716	939	2
716	181	7
717	877	2
717	587	1
717	1605	1
717	269	1
717	1383	1
717	220	1
717	1465	1
717	643	4
717	669	2
717	1391	1
717	764	1
718	1564	2
718	662	1
718	85	2
718	45	1
718	340	2
718	1210	1
718	44	1
718	34	9
718	341	1
718	862	1
718	126	1
718	4	1
719	19	9
719	246	1
719	223	14
719	1119	1
719	710	1
719	1292	1
719	1150	1
719	578	1
719	921	2
719	974	4
719	35	1
719	1	7
719	183	1
719	505	2
719	87	1
719	473	1
719	216	3
719	1547	1
719	340	13
71	88	46
71	432	1
71	1428	1
71	370	1
71	1241	1
71	1181	4
71	40	7
71	843	1
71	681	1
720	6	1
720	860	1
720	869	1
720	1282	1
720	4	1
720	422	1
720	805	2
720	171	1
720	956	2
720	698	1
720	397	1
720	90	1
720	76	1
720	27	1
720	1314	1
720	206	1
720	266	1
720	1153	1
721	1457	1
721	859	1
721	948	1
721	1093	1
721	337	6
721	37	9
721	223	3
722	864	1
722	387	2
722	1313	1
722	253	1
722	371	1
722	1178	2
722	85	1
722	222	1
722	150	2
722	1148	1
722	417	2
722	161	3
722	18	1
722	575	1
722	633	3
722	45	1
722	83	1
722	169	1
722	518	1
722	450	1
723	45	3
723	1366	2
723	213	1
723	83	1
723	14	1
723	766	1
723	1050	1
723	902	1
723	71	1
723	1047	1
723	3	1
723	333	1
723	812	1
723	130	1
724	1007	1
724	45	3
724	1120	1
724	312	1
724	474	1
724	1058	1
724	99	1
724	398	2
724	227	1
724	735	1
724	305	1
724	1526	1
724	247	1
724	886	1
724	1354	1
724	699	1
724	292	1
724	206	1
724	673	3
724	417	2
725	1339	1
725	386	1
725	1246	1
725	1181	8
725	223	1
725	454	1
725	1172	1
725	768	4
725	159	10
725	114	2
725	1176	3
725	348	1
725	110	1
725	1093	1
725	1136	1
726	18	1
726	99	2
726	291	1
726	264	2
726	181	1
726	472	1
726	165	1
726	388	3
726	45	1
726	1133	1
726	665	1
726	235	1
726	340	2
726	161	1
726	476	1
726	480	1
726	1234	1
726	826	1
726	298	5
726	1113	2
726	371	1
726	91	1
727	1049	1
727	541	1
727	1144	1
727	1445	1
727	260	1
727	585	1
727	573	1
727	1057	1
727	410	1
728	208	1
728	44	1
728	77	1
728	682	1
728	925	1
728	200	1
728	348	1
728	449	1
728	522	1
728	570	1
728	646	5
728	1034	1
728	341	1
728	205	2
728	190	2
728	1441	1
728	403	1
728	298	2
729	967	3
729	115	1
729	1538	1
729	780	1
729	179	1
729	1488	1
729	889	4
72	573	1
72	555	1
72	370	1
72	89	2
72	302	2
72	466	1
72	587	1
72	403	1
72	1136	1
72	853	1
72	371	1
72	778	1
72	1340	1
72	1566	1
730	45	1
730	1426	1
730	1351	1
730	1027	1
730	66	1
730	1183	2
730	410	1
730	956	1
730	466	1
730	1259	1
730	442	1
730	249	1
730	399	1
730	643	1
730	244	1
730	85	1
730	1127	5
730	115	3
730	543	1
730	126	1
730	892	1
730	609	1
730	774	1
730	36	1
731	440	1
731	289	1
731	1278	1
731	174	1
731	1337	4
731	1346	1
731	626	4
731	145	1
731	809	1
731	712	1
731	1027	1
731	250	1
731	288	11
731	657	1
731	1258	1
731	652	1
731	172	1
731	1587	1
731	682	1
731	708	2
731	1145	2
731	1013	1
731	427	7
731	1418	1
731	216	1
732	137	2
732	1191	2
732	164	1
732	776	1
732	658	2
732	1218	2
732	583	3
732	71	1
732	309	1
732	130	1
732	154	1
732	1508	1
732	36	1
732	35	1
732	1050	1
732	45	1
732	205	1
732	1447	1
732	106	1
732	1062	1
732	1063	1
732	594	1
732	935	17
732	89	1
732	207	1
732	1331	1
733	75	6
733	1503	1
733	546	1
733	236	1
733	1271	1
733	1288	1
733	169	4
733	14	1
733	45	4
733	114	1
733	403	1
733	1006	2
733	129	1
733	378	1
733	181	3
733	895	4
734	644	1
734	997	1
734	178	1
734	249	1
734	35	1
734	6	1
734	263	1
734	238	1
734	114	1
734	341	1
734	449	1
734	126	1
734	22	1
734	584	1
734	319	1
734	599	6
734	871	1
734	567	2
734	884	1
734	460	1
734	1192	1
734	252	1
735	89	1
735	823	1
735	1205	2
735	1073	1
735	478	1
735	45	16
736	1184	11
736	253	1
736	646	7
736	190	1
736	44	6
736	244	1
736	1324	1
736	1350	3
736	641	1
736	1572	1
736	208	1
736	33	4
736	801	1
737	125	1
737	184	2
737	769	1
737	947	1
737	1026	1
737	434	1
738	925	1
738	1110	2
738	297	1
738	83	2
738	1071	1
738	208	1
738	990	1
738	44	2
738	265	5
738	1034	1
738	205	5
738	1432	2
738	570	1
738	646	15
738	807	4
738	852	1
738	761	2
738	187	1
739	795	1
739	683	1
739	626	4
739	556	1
739	779	2
739	427	1
739	838	1
739	1027	1
739	1572	1
739	44	4
739	660	1
739	648	1
739	1265	1
739	134	1
739	405	1
739	1258	1
739	24	1
739	133	11
739	1145	6
73	395	1
73	529	1
73	255	2
73	91	1
73	140	1
73	1249	1
73	367	1
73	371	1
73	392	1
73	1063	1
73	494	1
73	40	2
73	633	3
73	1226	1
73	1172	1
73	373	1
73	889	1
73	630	1
73	1366	1
73	161	1
740	129	1
740	939	1
740	832	2
740	903	2
740	892	2
740	389	1
740	577	1
740	946	1
740	98	1
740	1333	2
740	33	1
740	521	1
740	1192	2
740	1355	1
740	85	1
740	752	3
740	1566	1
740	432	1
740	554	1
740	263	1
740	996	1
740	665	1
740	1180	1
740	76	2
740	1160	1
740	648	1
741	1064	1
741	404	2
741	519	2
741	167	1
741	539	1
741	1389	2
741	473	1
742	1456	1
742	1081	1
742	1039	2
742	945	1
742	67	1
742	630	6
742	45	1
742	999	7
742	865	1
742	1609	1
742	329	25
743	1321	1
743	724	1
743	341	3
743	324	5
743	1432	1
743	1005	1
743	196	1
743	765	1
743	500	1
744	1339	2
744	90	2
744	431	1
744	1280	1
744	259	1
744	197	1
744	206	1
744	743	1
744	558	1
744	1150	1
744	216	1
744	99	1
744	1241	4
744	1258	2
744	605	1
744	1089	1
744	1072	1
745	1467	3
745	1211	1
745	276	6
745	253	1
745	439	1
745	999	1
745	708	1
745	619	1
745	956	1
745	836	1
745	11	1
745	722	1
745	869	1
745	125	1
745	297	1
745	1084	1
745	385	1
745	637	1
745	791	1
745	410	2
746	1420	1
746	1159	1
746	764	1
746	1178	1
746	944	1
746	249	1
746	236	2
746	179	1
746	1600	1
746	378	1
746	197	1
746	682	3
746	343	1
746	467	1
746	211	1
746	243	1
746	625	1
746	187	1
746	1336	1
746	923	1
746	169	4
747	1254	3
747	249	1
747	193	1
747	72	4
747	93	2
747	696	2
747	516	3
747	509	1
747	149	1
747	1401	5
747	231	5
748	28	1
748	981	1
748	56	4
748	44	2
748	213	2
748	684	1
748	221	1
748	1392	2
748	45	3
748	236	4
748	333	1
749	1253	12
749	1464	1
749	590	1
749	45	1
749	87	1
749	1067	1
749	1438	1
749	1352	1
749	698	1
749	422	1
749	536	2
749	207	4
749	1422	1
749	259	3
749	1110	1
74	22	2
74	1320	1
74	92	13
74	144	1
74	207	6
74	209	5
74	322	8
750	499	1
750	619	7
750	708	1
750	442	1
750	674	5
750	643	3
750	776	2
750	1170	1
750	865	1
750	1077	1
750	578	1
750	117	1
750	588	1
750	1207	1
750	1143	1
750	1588	1
750	703	1
750	481	1
751	177	25
751	926	13
751	1324	2
751	125	1
751	1546	1
751	1204	5
751	32	2
751	1493	3
751	1301	1
751	766	1
751	330	1
752	45	2
752	195	1
752	1388	3
752	101	2
752	698	2
752	444	2
752	370	1
752	1274	1
752	869	1
752	888	1
752	66	1
752	263	12
752	796	8
752	44	2
753	1158	1
753	1378	1
753	35	2
753	411	1
753	420	1
753	936	1
753	253	1
753	1442	1
753	1445	1
753	223	1
753	431	1
753	117	1
753	585	1
753	1205	1
753	528	1
753	340	2
754	239	1
754	1258	1
754	613	1
754	794	1
754	99	1
754	864	1
755	398	1
755	286	1
755	1190	1
755	889	1
755	72	7
755	1603	1
755	559	3
755	509	3
755	45	1
755	99	1
755	638	1
755	1134	2
755	447	1
756	253	2
756	1299	4
756	305	1
756	3	3
756	150	1
756	479	1
756	799	1
756	378	1
756	1274	2
756	250	2
756	1472	1
756	256	1
756	708	1
756	196	4
756	160	2
756	477	2
756	1173	2
756	596	1
756	40	1
756	750	1
756	112	3
756	53	1
756	1042	1
756	307	1
756	1082	1
756	1518	1
757	110	1
757	76	1
757	886	2
757	256	1
757	453	7
757	521	2
757	234	2
757	11	1
757	480	1
757	915	1
757	633	2
757	868	1
757	173	2
757	32	1
758	403	1
758	1339	1
758	175	1
758	1022	1
758	958	1
758	1017	1
758	780	1
758	862	2
758	584	1
758	1543	1
758	173	1
758	86	2
758	205	1
758	32	1
758	1575	1
758	130	2
758	1213	1
758	45	1
758	863	1
758	4	6
759	204	3
759	1439	1
759	1073	1
759	279	1
759	412	1
759	44	1
759	600	1
759	1170	4
759	608	1
759	1280	1
759	491	1
759	578	5
759	488	1
759	12	1
75	479	1
75	94	12
75	147	99
75	227	99
75	53	102
75	343	1
75	150	6
75	958	1
75	129	1
75	754	1
75	146	3
75	413	8
75	1149	1
75	92	1
75	205	5
75	99	3
75	1505	1
75	1148	1
760	1293	1
760	712	1
760	44	3
760	802	6
760	996	1
760	1248	2
760	1282	1
760	845	1
760	265	2
760	226	2
760	646	3
760	1027	1
760	401	1
760	405	1
760	184	1
760	1184	1
760	1188	1
760	137	1
761	1060	1
761	344	1
761	1147	1
761	685	1
761	30	1
761	421	1
761	1197	1
761	1428	1
761	242	1
761	1346	1
762	1506	1
762	396	1
762	919	1
762	399	1
762	412	1
762	411	1
762	1538	2
762	1278	2
762	44	1
762	236	4
762	157	2
762	1149	1
762	54	10
762	174	1
762	49	3
762	1023	2
763	396	1
763	981	2
763	673	1
763	1238	5
763	711	1
763	226	2
763	450	1
763	387	2
763	376	1
763	427	2
763	150	5
763	1318	1
763	28	1
763	45	3
763	542	2
763	147	1
763	169	9
763	800	1
763	146	5
763	75	1
763	625	2
763	115	1
764	1008	1
764	45	2
764	99	2
764	1584	1
764	779	1
764	1448	2
764	38	1
764	564	1
764	427	2
764	250	2
764	1037	3
764	967	1
764	146	1
764	1503	1
764	630	1
764	300	2
764	939	1
764	1197	1
764	701	3
764	1498	4
764	769	1
764	852	1
764	1394	2
764	222	1
764	148	1
764	169	3
764	112	1
764	474	1
764	226	2
765	1298	10
765	1430	1
765	1602	1
765	1512	1
765	708	1
765	547	1
765	341	1
765	480	1
765	386	1
765	862	1
765	334	1
765	1388	40
765	926	1
765	217	2
765	871	2
765	73	1
766	410	3
766	35	1
766	898	2
766	63	2
766	151	1
766	1156	1
766	1290	1
767	134	1
767	1469	5
767	397	1
767	142	4
767	1380	3
767	596	1
767	1593	1
767	700	3
767	724	1
767	688	14
768	528	1
768	235	13
768	550	2
768	99	1
768	45	1
768	823	1
768	604	1
768	710	1
768	1107	1
768	923	2
768	227	3
768	147	1
768	630	1
768	277	1
768	1257	1
768	591	1
768	593	1
768	828	5
768	236	1
768	181	1
768	80	1
768	340	1
769	851	1
769	53	1
769	761	2
769	174	5
769	150	1
769	1417	2
769	45	1
769	765	1
76	95	2
76	1285	1
76	375	1
76	1061	2
76	1491	1
76	1605	1
76	341	4
76	117	1
76	867	1
76	1060	1
76	644	1
76	249	1
76	11	3
76	403	1
76	126	1
76	417	1
76	155	1
770	252	1
770	800	3
770	971	3
770	236	1
770	495	2
770	1252	3
770	389	1
770	490	2
770	44	1
770	725	1
770	1236	3
770	99	1
770	375	1
770	21	1
770	653	1
770	154	1
771	404	4
771	263	1
771	826	1
771	1349	2
771	167	2
771	815	1
771	11	1
771	1382	1
771	434	1
772	144	1
772	1217	1
772	1065	1
772	1064	1
772	1244	1
772	1055	2
772	922	1
772	1151	1
772	560	1
772	1235	1
773	173	1
773	549	1
773	1109	1
773	1237	1
773	829	1
773	249	1
773	218	1
773	1467	1
773	1177	1
773	489	1
773	1519	1
773	434	1
773	1098	1
773	141	1
773	811	2
773	97	2
774	846	1
774	45	1
774	587	1
774	584	2
774	1191	1
774	137	1
774	85	1
774	114	1
774	764	1
774	1270	1
774	223	7
775	1099	1
775	134	1
775	524	2
775	1331	1
775	21	1
775	769	1
775	36	3
775	1404	1
775	597	1
776	1143	1
776	925	1
776	803	24
776	403	1
776	794	2
776	1015	1
776	39	1
776	1024	1
777	121	2
777	404	1
777	379	1
777	191	1
777	960	2
777	705	6
777	58	1
777	1462	1
777	410	1
777	312	1
777	1450	1
778	1039	1
778	684	1
778	950	1
778	178	1
778	739	1
778	1543	4
778	1541	1
778	430	2
778	248	2
778	439	1
778	657	1
778	121	27
778	44	1
778	1017	1
778	929	1
778	918	1
778	45	1
778	226	1
778	712	1
778	18	1
778	169	1
778	0	2
778	274	1
779	176	1
779	1369	3
779	1110	1
779	682	1
779	1541	1
779	633	2
779	273	2
779	790	1
779	820	1
77	253	1
77	96	3
77	491	1
77	967	1
77	643	1
77	1579	1
77	1592	1
77	1556	1
77	276	1
77	1517	1
77	667	1
780	388	8
780	1408	1
780	253	1
780	76	1
780	133	7
780	895	2
780	1385	1
780	450	2
780	35	1
780	477	1
780	99	2
780	567	1
780	432	1
780	821	8
780	134	1
780	44	1
780	1501	2
781	813	1
781	276	1
781	919	1
781	1583	1
781	410	1
781	134	2
781	125	2
781	1107	1
781	150	9
782	50	1
782	187	1
782	825	3
782	614	1
782	45	1
782	1373	1
782	77	1
782	589	2
782	1209	1
782	1509	1
782	163	1
782	868	1
782	1413	1
782	1266	2
782	1607	1
782	368	1
782	698	1
782	684	2
782	317	1
783	44	1
783	1251	1
783	600	1
783	900	1
783	677	1
783	1553	1
783	1069	1
783	578	1
783	1221	5
783	391	3
783	444	1
783	826	1
783	428	1
783	403	1
783	562	1
783	244	1
783	611	1
784	500	2
784	1432	6
784	633	1
784	53	1
784	236	8
784	928	3
784	557	2
784	3	1
784	44	1
784	227	1
784	196	11
785	465	4
785	688	1
785	974	1
785	281	4
785	724	1
785	647	1
785	516	1
785	714	1
785	197	1
785	23	1
785	190	1
785	682	1
785	323	1
785	307	1
785	385	1
785	1024	1
785	417	1
785	928	1
785	99	1
786	1580	2
786	916	1
786	438	2
786	134	4
786	546	1
786	63	7
786	829	1
787	591	1
787	58	1
787	336	1
787	1034	1
787	514	1
787	177	1
787	1586	2
787	227	1
787	1589	1
787	1604	1
787	1568	1
787	174	1
787	45	4
787	378	1
787	53	1
788	3	2
788	823	2
788	1446	1
788	196	1
788	1240	1
788	1473	1
788	1430	1
789	617	1
789	253	1
789	227	2
789	208	1
789	1138	1
789	1099	1
789	53	1
789	223	1
789	472	1
789	1225	1
789	748	1
789	898	1
789	44	3
789	1197	1
789	99	4
789	679	1
789	654	4
789	45	4
789	1085	1
78	758	2
78	98	1
78	1403	1
78	1470	1
78	425	1
78	607	1
78	464	1
790	1309	1
790	1060	1
790	266	1
790	769	1
790	682	1
790	915	3
790	467	1
790	471	1
790	1024	1
790	722	1
790	185	1
790	11	9
790	403	3
790	572	1
790	161	1
790	433	1
790	259	1
790	1338	1
790	637	2
790	115	1
790	101	1
790	432	1
790	567	1
790	341	2
790	781	1
790	95	3
790	826	1
790	602	1
791	1591	1
791	341	1
791	1518	1
791	166	1
791	96	1
791	1168	3
791	481	1
791	595	1
791	1566	1
792	851	1
792	150	1
792	1568	1
792	673	1
792	99	1
792	129	1
792	928	1
792	127	1
792	153	1
792	1519	1
793	1044	1
793	533	1
793	225	4
793	229	5
793	95	1
793	1170	1
793	627	4
793	857	1
793	654	1
793	221	1
793	863	1
793	376	1
794	682	1
794	578	1
794	245	1
794	1061	1
794	1599	1
794	584	2
794	1536	1
794	206	1
794	1099	2
794	1055	1
794	1120	1
794	239	1
794	1233	1
794	58	1
794	1083	1
794	1431	2
794	833	1
794	244	1
794	523	1
794	943	1
794	980	1
794	1470	1
794	1447	1
794	4	1
794	137	2
794	767	1
794	106	1
794	676	1
794	970	1
794	1068	1
794	115	1
794	125	1
795	1017	1
795	150	2
795	958	1
795	864	1
795	253	1
795	1413	1
795	37	1
795	1138	1
795	683	1
795	1377	1
795	159	1
795	1411	1
795	1021	1
796	249	4
796	603	1
796	200	1
796	87	2
796	710	1
796	1180	2
796	260	1
796	1391	1
796	187	1
796	219	1
796	784	1
796	672	1
797	1067	1
797	1061	4
797	400	3
797	331	1
797	966	1
797	611	1
797	442	2
798	663	5
798	1471	1
798	22	1
798	399	1
798	446	1
798	125	6
798	1253	3
798	703	1
798	115	12
798	391	1
799	263	1
799	310	1
799	834	1
799	1276	1
799	125	1
799	410	1
799	791	1
799	619	1
799	655	1
799	290	1
799	740	1
799	973	2
799	1423	1
799	779	1
79	99	1
79	483	3
79	1275	2
79	683	2
79	1279	1
79	35	1
79	491	1
79	578	1
79	318	3
79	732	1
7	8	6
7	249	1
7	287	1
7	345	1
7	161	2
7	25	2
7	21	1
7	820	1
7	197	1
7	1583	1
7	593	1
7	45	2
7	426	1
800	936	1
800	1316	1
800	711	1
800	45	10
800	174	1
800	213	1
800	371	1
800	1214	1
800	122	1
800	196	2
800	257	1
800	895	5
800	44	1
800	1274	1
800	1444	1
800	379	1
801	1466	4
801	1416	1
801	1129	1
801	601	1
801	1536	1
801	766	1
801	749	5
801	213	1
801	268	1
801	587	1
802	206	1
802	808	1
802	863	1
802	316	1
802	259	1
802	47	1
802	1154	1
802	515	2
802	1003	1
802	450	2
802	1117	1
802	1310	1
802	1239	1
803	1342	1
803	1176	1
803	135	1
803	590	1
803	410	2
803	587	1
803	867	2
803	200	2
803	830	2
804	1431	1
804	253	3
804	1579	1
804	181	7
804	244	1
804	939	1
804	591	1
804	39	1
804	539	1
804	399	1
804	625	1
804	80	1
804	44	1
804	1369	1
804	196	1
804	45	6
804	169	2
804	983	1
804	510	1
804	112	3
804	1358	1
804	129	7
804	378	1
804	99	1
804	236	5
804	659	1
804	227	7
804	654	2
804	18	1
804	12	1
805	226	1
805	68	1
805	1114	10
805	862	1
805	253	1
805	903	1
805	554	1
805	228	1
805	1349	1
805	1241	1
805	884	1
805	184	1
805	701	1
806	11	1
806	423	1
806	447	1
806	45	1
806	1319	1
806	90	1
806	261	1
806	943	1
806	682	1
807	959	2
807	655	1
807	1399	1
807	413	2
807	45	6
807	1091	1
807	803	1
807	1397	1
807	659	1
807	226	1
807	492	1
807	154	1
807	146	1
808	1061	1
808	866	1
808	965	2
808	587	1
808	745	19
808	223	2
808	1289	1
808	1342	2
808	271	3
808	404	1
808	1138	1
808	1084	2
808	797	1
808	414	1
808	1580	1
808	769	3
808	244	6
808	13	1
808	274	1
808	11	2
808	403	4
808	555	1
808	1093	1
808	1021	1
808	261	3
808	36	1
808	19	2
808	1182	1
808	296	2
808	85	1
808	260	7
809	989	1
809	90	1
809	190	2
809	1120	1
809	1212	1
809	99	2
809	226	3
809	828	1
809	1375	1
809	1444	1
809	517	14
809	301	1
809	737	1
809	1242	1
809	181	1
809	76	1
809	502	2
809	1433	3
809	735	1
809	458	1
809	1391	3
809	567	1
809	432	1
809	305	3
80	44	4
80	100	4
80	630	1
80	33	2
80	669	1
80	985	1
80	759	1
80	1193	8
80	807	1
80	428	1
80	14	1
80	427	1
80	205	9
80	646	12
810	1135	2
810	923	2
810	227	2
810	472	2
810	169	6
810	807	1
810	1516	1
810	53	1
810	1040	1
810	235	1
810	129	4
810	878	1
810	32	1
810	269	1
810	274	2
810	181	1
810	264	1
810	1504	1
810	75	1
810	828	1
811	707	1
811	410	1
811	721	1
811	87	1
811	769	1
811	717	1
811	688	1
812	44	3
812	226	1
812	45	1
812	1559	1
812	341	1
812	260	1
812	440	1
813	569	1
813	1272	3
813	904	4
813	184	1
813	599	1
813	326	4
813	474	2
813	227	1
813	112	1
814	452	1
814	669	3
814	44	1
814	375	2
814	491	3
814	378	1
814	936	1
814	169	1
814	129	1
814	553	1
814	941	1
814	965	1
814	625	1
814	855	1
815	154	1
815	637	1
815	959	1
815	779	1
815	1438	1
815	869	1
815	412	1
815	403	1
815	341	1
815	1495	1
815	491	1
815	284	1
815	300	1
816	250	1
816	463	1
816	1320	1
816	1065	1
816	389	1
816	887	5
816	1487	4
816	105	7
816	986	1
816	445	1
816	439	2
817	1191	1
817	466	2
817	780	1
817	1144	4
817	1489	2
817	21	1
817	274	1
817	878	1
817	755	1
817	1344	1
817	1402	1
817	793	3
817	827	1
818	31	1
818	657	1
818	250	1
818	1581	1
818	959	3
818	300	9
818	1573	1
818	132	2
818	701	4
819	45	3
819	50	1
819	49	1
819	508	1
819	1004	1
819	125	1
819	253	1
819	661	1
819	1148	1
819	1473	1
81	250	1
81	1092	1
81	101	1
81	161	1
81	286	1
81	87	1
81	255	1
81	610	1
81	259	1
81	223	2
81	399	1
81	187	1
81	340	2
81	549	2
81	700	2
81	829	1
81	923	1
81	1246	4
81	110	1
81	1117	1
81	1410	1
81	748	1
81	769	2
820	45	4
820	260	1
820	683	1
820	1377	1
820	483	6
820	324	3
820	325	3
820	759	62
821	861	1
821	395	1
821	677	8
821	558	2
821	91	1
821	879	11
821	58	1
821	44	1
821	1240	1
821	679	1
821	45	2
821	195	1
821	208	1
821	903	1
821	3	1
821	76	6
821	161	1
821	340	1
821	277	1
821	253	1
821	929	1
821	1387	1
821	112	1
821	213	1
821	453	1
821	1193	1
822	1060	1
822	1182	1
822	187	1
822	475	1
822	1198	1
822	682	1
822	185	1
822	1093	2
822	484	1
822	970	1
822	870	1
822	444	1
822	862	1
822	403	3
823	1293	1
823	687	1
823	252	7
823	1230	2
823	779	1
823	1524	1
823	943	1
823	433	1
823	1202	1
823	182	1
824	145	3
824	260	3
824	550	1
824	249	1
824	205	1
824	364	1
824	206	1
825	329	1
825	390	1
825	35	1
825	1156	1
825	36	1
825	733	1
826	73	1
826	416	1
826	323	2
826	407	1
826	633	1
826	1311	1
826	371	2
826	76	1
826	558	1
826	96	1
826	247	1
827	1536	1
827	648	1
827	862	1
827	432	2
827	558	2
827	914	1
827	757	1
827	448	1
827	1333	1
827	467	2
827	1440	1
827	867	1
827	223	2
827	826	2
828	1348	2
828	1532	1
828	729	6
828	260	2
828	214	2
828	658	3
828	716	2
828	337	1
829	1533	1
829	264	1
829	44	1
829	517	1
829	966	1
829	450	3
829	99	1
829	122	2
829	929	1
829	169	5
829	282	2
829	708	1
82	231	3
82	102	16
82	342	8
82	402	5
82	138	1
82	193	1
82	0	10
82	668	1
82	74	1
82	380	1
82	93	7
82	512	13
82	559	7
82	72	8
82	509	5
82	1190	3
82	833	1
82	1279	1
82	516	1
82	151	1
82	277	1
82	1067	2
82	638	2
82	591	1
830	368	1
830	171	3
830	150	2
830	146	1
830	1544	1
830	126	1
830	1604	1
830	1589	1
830	133	1
830	378	1
830	33	1
830	625	1
830	181	4
831	497	2
831	587	1
831	6	1
831	495	1
831	982	1
831	271	1
831	1172	2
831	1162	1
831	220	1
831	1184	4
831	467	1
831	988	1
832	549	5
832	144	1
832	663	1
832	22	2
832	874	1
832	672	2
832	187	2
832	1039	1
832	6	2
832	1438	1
832	366	2
832	590	1
832	183	1
832	493	2
832	1236	1
832	223	1
832	206	1
832	1088	1
832	454	1
832	258	1
832	529	1
832	1025	1
832	682	2
832	1602	1
832	201	4
832	846	1
832	41	1
832	340	6
832	528	1
832	589	1
832	624	2
832	1431	1
833	44	1
833	99	2
833	410	1
833	328	1
833	1049	1
833	421	1
833	1096	2
834	1433	1
834	439	1
834	652	1
834	212	2
834	49	1
834	68	1
834	133	11
834	181	3
834	39	1
834	1163	1
834	1479	1
834	165	2
834	278	1
834	147	5
834	1071	1
834	279	1
834	18	1
834	112	2
834	139	4
834	99	3
834	1154	1
834	335	1
834	1250	1
834	457	2
834	1549	1
834	134	1
834	538	1
834	1006	1
834	169	3
834	533	1
834	919	1
834	119	1
834	912	3
834	908	2
834	725	1
835	121	2
835	1363	1
835	1039	1
835	45	3
835	1022	1
835	198	1
835	399	2
835	412	1
835	965	1
835	18	1
835	174	1
835	971	1
835	44	1
835	146	2
835	305	2
835	1113	1
835	157	4
835	49	1
835	689	2
835	54	2
835	1362	1
835	561	1
835	196	4
835	1268	1
836	525	2
836	1303	1
836	1291	2
836	862	1
836	1201	1
836	223	2
836	1147	1
836	590	2
836	1136	1
836	341	1
836	199	1
836	382	3
836	115	1
836	1221	1
837	817	1
837	1604	3
837	1293	1
837	866	1
837	182	1
837	838	1
837	1284	1
837	45	2
837	1395	1
837	1148	1
837	769	1
837	125	1
837	595	1
838	6	1
838	45	1
838	1516	1
838	1094	3
838	1141	1
838	1482	1
838	542	1
838	480	1
838	282	4
838	210	1
838	742	2
838	932	1
838	873	1
839	1207	1
839	1279	1
839	115	2
839	916	1
839	126	1
839	223	3
839	1415	1
839	1179	1
839	676	1
839	420	1
839	37	1
839	19	1
839	36	3
839	263	1
839	1378	1
839	872	1
83	1331	1
83	263	1
83	1378	1
83	103	1
83	161	1
83	222	2
83	235	2
83	11	1
83	1424	1
83	387	1
83	450	3
83	591	1
83	58	1
83	287	1
83	1593	1
83	489	1
83	150	2
83	343	1
83	264	2
83	197	1
83	769	1
83	757	1
83	932	1
83	327	2
840	282	3
840	247	1
840	371	1
840	315	1
840	1341	1
840	673	1
840	410	1
840	292	1
840	1309	1
840	458	1
840	133	1
840	549	1
840	23	1
840	75	2
841	699	4
841	1584	1
841	314	1
841	901	2
841	253	2
841	91	1
841	432	2
841	1333	1
841	1082	1
841	89	1
841	1201	1
841	1308	1
841	1413	2
841	323	2
841	903	3
841	140	1
841	99	1
841	227	1
841	150	1
841	181	1
842	437	1
842	823	1
842	18	1
842	731	1
842	578	1
842	1005	1
842	728	1
842	1212	1
842	44	11
842	1086	1
842	507	1
842	130	1
842	1473	1
842	160	2
842	782	1
842	410	1
842	169	3
842	1549	1
842	983	1
842	984	1
842	551	1
842	872	1
842	1037	1
842	1550	1
842	456	1
842	312	1
842	53	6
842	45	7
842	1543	2
842	1430	1
842	278	3
842	1122	1
842	112	1
842	184	2
843	403	1
843	1201	1
843	1158	3
843	1547	1
843	1140	1
843	11	6
843	206	1
843	108	1
843	53	2
843	112	1
843	260	1
843	713	1
843	396	1
843	413	1
843	1102	1
843	375	1
843	1339	1
843	1136	1
843	672	1
844	779	4
844	184	3
844	212	3
844	1436	1
844	1026	1
844	132	1
844	248	6
844	250	9
844	866	1
844	986	8
844	99	1
844	396	1
844	336	1
844	44	1
844	657	2
844	176	1
844	682	1
844	187	1
844	672	1
844	923	1
844	1234	1
844	37	1
844	1092	1
844	47	1
844	315	1
844	701	3
844	1231	11
844	439	11
844	320	1
844	45	2
844	1238	1
844	1037	4
844	489	1
845	799	3
845	80	2
845	174	1
845	129	3
845	203	1
845	945	1
845	146	3
845	99	3
845	472	1
845	1363	3
845	1036	1
845	1309	1
845	208	1
845	181	5
845	264	1
845	961	5
845	845	1
845	133	5
845	383	2
845	44	3
846	368	2
846	308	1
846	45	13
846	654	1
846	44	2
846	83	3
846	14	1
846	359	1
846	195	1
846	226	1
846	427	1
846	653	1
846	260	1
846	1198	1
846	698	1
846	53	1
846	805	2
846	786	1
846	137	1
847	921	2
847	1332	1
847	974	2
847	26	2
847	1064	1
847	216	1
847	273	2
847	141	1
847	11	2
847	491	1
847	1114	1
847	1397	1
848	25	1
848	8	3
848	824	2
848	197	1
848	87	1
848	1234	1
848	187	2
848	862	1
848	662	1
848	182	1
848	164	1
848	769	2
848	161	1
849	735	1
849	90	1
849	3	2
849	416	2
849	1299	1
849	994	1
849	417	1
849	886	22
849	453	8
849	40	1
84	104	72
84	701	1
84	439	1
84	578	1
84	491	1
84	4	1
84	35	1
84	117	1
84	250	1
84	600	1
84	1581	1
850	192	1
850	683	2
850	1496	1
850	698	7
850	669	1
850	32	1
850	1525	1
850	888	1
850	842	1
850	483	1
850	731	1
851	45	1
851	366	1
851	341	1
851	44	1
851	1496	1
851	51	6
851	403	1
852	1572	3
852	613	1
852	1184	3
852	1117	1
852	792	1
852	297	1
852	768	1
852	554	1
852	1312	1
852	219	1
852	704	1
852	1262	1
852	432	1
852	403	1
852	91	1
852	1375	2
852	646	1
852	624	1
852	260	1
852	253	1
852	622	1
852	450	1
852	1082	1
853	1500	1
853	260	1
853	207	1
853	1306	1
853	106	2
853	130	1
853	646	1
853	357	1
854	1197	1
854	1538	2
854	823	4
854	168	1
854	112	2
854	45	2
854	205	1
855	1106	1
855	223	3
855	678	1
855	878	2
855	399	1
855	412	1
855	209	1
855	661	1
855	144	2
855	389	1
855	1010	1
855	137	1
855	1257	1
855	409	1
855	36	1
855	410	1
855	115	1
855	769	1
855	726	1
855	362	1
855	73	1
855	1086	4
856	739	5
856	986	1
856	701	2
856	893	3
856	44	2
856	685	1
856	3	3
856	1317	1
856	960	1
856	1072	1
856	777	15
856	173	4
856	184	1
857	253	3
857	1565	1
857	1350	8
857	736	1
857	454	1
857	1138	1
857	825	1
857	1413	2
857	339	2
858	76	1
858	223	1
858	1252	1
858	786	1
858	1552	2
858	489	1
858	746	1
858	814	1
859	560	2
859	498	1
859	370	1
859	670	1
859	1440	1
859	611	1
859	810	1
859	1427	1
859	872	1
859	997	1
859	1249	1
859	643	1
859	255	1
85	243	1
85	817	3
85	820	1
85	105	15
85	442	1
85	1259	1
85	375	2
85	1027	2
85	1445	1
85	403	1
85	611	1
85	244	2
85	610	1
85	589	2
85	587	1
85	595	1
85	682	1
860	630	3
860	3	2
860	208	1
860	673	8
860	292	1
860	23	1
860	1053	3
860	304	1
860	735	2
860	1592	2
860	945	3
860	357	1
860	1267	1
860	44	1
860	1212	1
860	1358	1
860	174	1
860	479	14
860	169	1
860	227	1
860	45	1
860	99	1
860	453	2
861	657	1
861	212	1
861	986	3
861	701	2
861	680	1
861	1234	1
861	435	1
861	539	1
861	609	1
861	250	2
862	18	2
862	397	1
862	227	1
862	1526	4
862	647	9
862	601	4
862	151	1
862	39	1
862	64	14
862	1334	1
862	179	1
863	427	1
863	494	1
863	223	1
863	608	1
863	718	1
863	45	3
863	1237	1
864	1591	2
864	964	2
864	989	1
864	22	1
864	928	1
864	145	1
864	305	2
864	615	1
864	45	7
864	674	1
864	489	1
864	236	1
864	860	2
864	748	1
864	1197	4
864	1434	1
864	1394	1
864	1347	1
864	1538	1
864	1278	2
864	227	1
864	648	1
865	573	1
865	36	1
865	208	1
865	18	1
865	321	1
865	858	1
865	722	1
865	862	1
865	260	1
865	1336	1
865	269	1
865	1116	2
866	1495	1
866	800	1
866	611	1
866	1054	2
866	1314	1
866	1425	1
866	349	1
866	370	1
866	367	1
866	331	1
866	676	1
866	600	1
866	12	1
866	205	1
866	288	1
866	18	1
866	1145	1
867	46	1
867	188	1
867	620	1
867	898	1
867	1005	2
867	492	3
867	45	4
867	38	4
867	71	2
867	1210	1
867	819	1
867	63	1
868	87	1
868	1245	1
868	682	2
868	31	1
868	481	1
868	410	2
868	46	1
868	871	2
869	95	1
869	1481	1
869	182	1
869	1381	1
869	981	2
869	573	2
869	345	1
869	608	1
869	1334	1
869	1012	7
869	385	1
869	208	1
869	1315	1
869	45	3
869	806	1
869	14	1
869	421	1
869	733	1
86	94	14
86	217	2
86	782	1
86	1081	1
86	36	2
86	644	1
86	1476	1
86	35	1
86	669	1
86	340	1
86	1166	1
870	213	2
870	417	1
870	479	5
870	75	7
870	928	2
870	1227	1
870	133	1
870	341	1
870	23	3
870	1205	2
870	828	1
870	1067	1
870	1348	1
870	924	9
870	453	1
870	394	1
870	99	1
870	115	1
870	919	1
870	169	2
870	735	1
870	558	1
870	416	1
870	903	1
870	236	3
870	1501	1
871	684	1
871	90	2
871	431	1
871	371	1
871	1228	2
871	1177	1
871	67	1
871	600	1
871	1493	1
871	20	1
871	851	2
871	174	1
871	205	1
871	966	1
871	444	1
871	153	1
871	948	1
871	460	1
872	1229	1
872	45	3
872	389	2
872	144	2
872	1374	6
872	36	1
872	35	1
872	1179	1
872	226	2
872	1260	3
872	1315	2
872	1063	1
872	685	1
872	1062	1
872	906	1
872	676	2
872	948	1
872	1352	1
872	488	1
872	340	2
872	223	2
872	1453	1
872	672	1
872	682	1
872	584	1
872	922	2
872	156	3
872	612	1
872	1492	1
872	1553	1
872	544	1
873	575	1
873	869	1
873	173	3
873	340	1
873	205	1
873	45	1
874	684	1
874	308	1
874	981	1
874	939	1
874	1129	1
874	1292	1
874	507	3
874	312	1
874	1464	1
874	871	2
874	1164	3
874	491	2
874	417	1
874	951	1
874	823	1
874	174	1
874	45	9
874	453	2
874	22	1
874	472	3
875	641	2
875	471	1
875	1464	2
875	370	1
875	11	1
875	22	1
875	454	2
875	1433	1
875	832	3
876	1065	1
876	1581	1
876	1573	1
876	1565	1
876	697	2
876	1008	2
876	947	1
877	146	1
877	67	1
877	45	2
877	119	1
877	1444	1
877	889	1
877	687	1
878	837	1
878	370	8
878	32	3
878	454	1
878	125	1
878	1565	1
878	1599	2
879	216	1
879	711	1
879	936	2
879	1173	1
879	568	1
879	761	2
879	681	1
879	760	1
879	650	1
879	1197	1
879	1578	1
87	106	1
87	659	1
87	1065	4
87	1099	1
87	685	2
87	578	1
87	45	2
87	366	1
87	420	1
87	410	1
87	843	1
87	654	1
87	399	1
87	335	1
87	771	1
87	1307	1
880	243	1
880	1470	1
880	126	1
880	952	1
880	1378	1
880	1235	4
880	115	1
880	409	1
880	36	2
880	223	1
880	35	3
880	1490	1
880	21	1
880	827	1
881	763	1
881	115	2
881	546	1
881	694	2
881	421	1
881	1475	1
881	927	1
881	1049	1
881	410	1
881	125	1
881	35	1
881	76	3
881	1336	2
881	266	1
881	646	1
881	578	1
881	796	1
881	481	1
881	1502	1
881	571	1
881	73	2
881	975	1
881	813	1
881	414	1
881	1067	1
881	277	1
881	948	3
881	1398	1
882	174	1
882	305	1
882	99	1
882	533	1
882	1030	1
882	364	1
882	227	1
882	630	2
882	15	1
882	134	1
882	415	1
882	621	1
883	875	1
883	278	1
883	128	1
883	1099	3
883	827	1
883	324	3
883	45	5
883	38	1
883	174	1
884	1002	1
884	1249	1
884	849	1
884	90	3
884	996	1
884	1050	1
884	125	1
884	589	1
885	817	1
885	300	1
885	1423	1
885	130	2
885	615	1
885	975	3
885	85	2
885	1293	1
885	1310	3
885	1188	2
885	1427	1
885	1510	2
885	919	1
885	4	1
885	651	2
885	250	4
885	184	1
885	400	1
885	1029	1
885	316	1
885	340	1
885	210	1
885	779	1
885	410	1
886	949	2
886	685	1
886	344	1
886	1284	4
886	614	1
886	1327	1
886	394	5
886	45	1
886	1088	5
886	109	13
887	774	1
887	83	2
887	239	1
887	771	1
887	965	1
887	261	1
888	428	1
888	676	1
888	115	1
888	590	1
888	410	7
888	1014	1
888	490	1
888	184	3
888	1560	1
889	720	1
889	662	1
889	1180	1
889	1027	1
889	161	1
889	803	6
889	125	1
889	45	1
889	1010	1
889	6	1
889	410	1
889	35	4
889	263	1
889	169	1
889	239	1
889	150	1
889	227	1
889	794	2
889	1034	1
889	11	1
88	576	1
88	342	1
88	107	1
88	142	1
88	193	12
88	93	1
88	102	11
88	0	12
88	775	6
88	353	1
88	773	4
88	57	10
88	9	8
88	72	1
88	559	1
88	151	1
88	516	4
88	668	2
890	90	2
890	453	1
890	1241	1
890	699	2
890	375	1
890	274	1
890	371	1
890	1069	1
890	578	1
890	277	1
890	1341	1
890	1557	1
890	45	2
890	169	3
890	340	1
890	608	1
891	169	1
891	221	1
891	45	2
891	99	4
891	517	1
891	871	1
891	812	1
891	630	4
891	75	1
892	1192	1
892	505	1
892	50	1
892	164	1
892	83	1
892	909	1
892	410	1
892	782	1
892	546	1
892	38	1
892	189	1
892	1253	2
892	115	1
892	1023	4
892	174	2
892	1386	2
892	1148	1
892	182	1
892	265	1
892	190	1
892	45	2
892	1221	2
893	1160	1
893	526	1
893	1271	1
893	427	2
893	962	1
893	1507	1
893	1540	1
893	44	5
893	182	2
893	1366	1
893	686	1
893	949	1
893	1429	1
893	45	2
893	845	2
893	38	2
893	928	4
893	181	3
893	83	1
893	669	1
893	112	1
894	1167	1
894	739	5
894	1543	5
894	1264	1
894	247	1
894	467	1
895	364	1
895	958	1
895	646	4
895	219	1
895	1571	1
895	45	2
895	115	1
895	676	2
895	205	1
895	989	1
895	926	3
895	491	1
895	530	1
895	1105	2
895	1049	1
895	675	1
895	762	2
895	180	3
895	1560	1
895	645	2
895	1026	1
895	423	1
896	1603	1
896	1329	1
896	678	1
896	1081	1
896	430	1
896	946	1
896	1074	1
896	35	1
896	1415	1
897	420	1
897	902	1
897	223	1
897	200	2
897	27	1
897	1379	1
897	1502	1
897	1078	1
897	1077	1
897	614	1
897	1088	1
897	1445	1
897	578	1
897	310	1
897	1031	1
897	389	1
897	1574	1
897	1157	1
898	763	3
898	1463	1
898	412	1
898	446	1
898	1209	1
898	220	1
898	1119	1
898	682	1
898	399	2
899	378	1
899	1358	1
899	196	2
899	150	2
899	205	1
899	1363	1
899	418	1
899	388	1
899	28	1
899	171	1
899	929	14
899	44	2
899	226	1
899	469	1
899	673	2
899	1053	1
899	253	1
899	1472	1
899	169	3
899	50	1
899	1371	1
899	99	3
899	465	4
899	294	2
899	479	3
899	692	2
899	3	11
899	82	1
899	368	1
899	417	5
899	1051	1
899	951	1
899	643	2
89	110	8
89	714	4
89	327	4
89	87	5
89	475	1
89	515	1
89	263	1
89	187	1
89	252	1
89	1414	3
89	249	7
89	889	1
89	1166	1
89	523	1
89	255	1
89	1236	1
8	9	3
8	253	1
8	453	2
8	223	1
8	562	1
8	23	5
8	3	2
8	75	2
8	1512	1
8	1602	1
8	661	2
8	632	1
8	593	1
8	777	2
8	243	1
8	692	1
900	817	1
900	447	1
900	244	1
900	179	1
900	505	1
900	640	1
900	1069	1
900	1157	1
900	44	4
900	226	1
900	1310	1
900	925	1
900	564	1
901	513	1
901	151	1
901	360	1
901	445	1
901	546	1
901	742	1
901	423	1
901	1292	1
901	933	5
901	341	1
902	1243	1
902	415	1
902	1288	1
902	111	1
902	1222	1
902	45	3
902	240	1
902	992	1
902	934	9
903	1575	1
903	513	1
903	1074	1
903	1389	1
903	126	1
903	669	1
903	1530	1
903	223	1
903	1436	1
903	200	1
903	846	1
903	948	2
903	703	1
904	289	2
904	98	3
904	77	3
904	907	1
904	981	1
904	1371	1
904	965	1
904	163	1
904	1203	1
904	955	1
904	625	1
904	650	4
904	801	4
904	756	1
904	274	2
904	1527	2
904	795	4
904	1393	1
905	587	1
905	115	1
905	444	1
905	2	1
905	484	3
905	334	1
905	969	2
905	498	5
905	857	1
905	389	1
905	490	1
905	85	1
905	1429	1
905	813	1
905	1312	3
905	1321	1
905	806	1
905	1249	1
906	11	1
906	85	1
906	1102	1
906	733	1
906	566	1
906	589	1
906	341	1
907	650	1
907	1274	3
907	1282	1
907	510	1
907	399	2
907	45	6
907	563	1
907	1412	1
907	631	1
907	1112	1
907	1213	3
907	479	2
907	195	1
907	1222	2
907	112	3
907	417	1
907	226	18
907	1073	1
908	476	1
908	1167	1
908	1044	1
908	923	1
908	1546	3
908	45	2
908	895	1
908	264	2
908	1263	1
908	291	2
908	169	2
908	53	3
908	112	3
908	838	2
908	75	1
908	213	1
909	264	2
909	38	1
909	169	1
909	253	1
909	903	1
909	343	1
909	165	1
909	699	5
909	112	3
909	181	4
909	129	1
909	99	1
909	146	1
909	826	1
90	390	1
90	130	1
90	111	1
90	372	1
90	408	7
90	1386	1
90	957	1
90	769	1
90	46	7
90	419	2
90	489	1
90	77	1
90	322	1
910	575	1
910	669	1
910	1121	1
910	87	1
910	161	4
910	611	1
910	269	1
910	610	1
910	593	1
910	585	1
910	1484	1
910	769	2
910	1547	1
910	103	4
910	395	1
910	1114	2
910	36	1
910	4	1
910	117	1
910	1293	1
911	699	1
911	1314	1
911	1390	1
911	179	2
911	1462	1
911	525	1
911	1188	1
911	35	1
912	399	1
912	1233	1
912	24	1
912	544	1
912	81	2
912	211	2
913	591	1
913	540	1
913	410	2
913	1446	2
913	115	1
913	101	1
913	398	1
913	1387	2
913	1263	2
913	396	1
913	169	1
913	851	1
913	45	4
913	247	1
913	882	1
913	90	2
913	76	4
913	297	1
913	264	1
913	253	2
913	615	1
913	903	4
914	948	1
914	98	1
914	410	3
914	1057	1
914	265	1
914	399	1
914	411	1
914	427	1
914	1068	1
914	1475	1
914	414	1
914	683	4
914	623	1
914	1590	1
914	156	1
914	297	1
914	45	4
914	44	1
914	682	2
914	273	1
914	197	1
914	925	1
914	257	2
914	913	1
914	949	1
914	1329	2
915	444	1
915	833	1
915	927	1
915	517	1
915	1001	1
915	85	2
915	200	1
915	212	1
915	915	1
915	340	1
915	344	1
915	578	3
915	491	2
915	1154	1
915	269	1
915	341	1
915	371	1
916	1200	1
916	968	1
916	285	1
916	257	1
916	441	1
916	154	1
916	44	1
916	125	1
916	1477	1
916	1369	2
916	410	7
916	1210	1
916	341	4
917	250	1
917	1423	2
917	503	5
917	986	3
917	664	1
917	58	1
917	779	5
917	1231	11
917	900	1
917	906	1
917	870	1
917	1450	1
917	1076	1
917	959	1
917	526	1
917	439	1
918	1548	1
918	289	1
918	14	1
918	809	1
918	387	4
918	393	1
918	521	1
918	45	2
918	1258	2
918	161	1
918	476	1
918	452	1
918	1027	1
918	660	1
918	436	3
918	648	1
918	133	4
918	662	1
918	1203	6
918	1390	5
919	117	1
919	22	1
919	764	1
919	1276	1
919	491	1
919	1535	1
919	1202	1
919	872	1
919	410	1
919	341	1
91	1063	2
91	113	12
91	1364	1
91	514	2
91	962	3
91	1277	2
91	1062	3
91	1332	1
91	840	5
91	1307	1
91	917	1
91	1232	1
920	1462	1
920	1119	1
920	223	1
920	658	1
920	1027	1
920	872	1
920	77	1
920	645	1
920	682	1
921	45	1
921	488	1
921	44	1
921	740	1
921	1361	1
921	844	1
921	1099	1
921	4	1
921	5	1
921	1294	1
921	517	2
921	611	1
921	266	1
921	1067	2
921	1526	1
921	281	2
921	388	1
921	1206	1
922	129	2
922	169	2
922	156	1
922	662	2
922	862	1
922	341	1
922	1494	1
922	321	1
922	480	1
922	334	1
922	215	1
922	722	1
922	114	1
923	1512	1
923	410	3
923	909	1
923	571	1
923	548	1
923	42	1
923	1191	1
923	600	1
923	44	1
923	968	3
923	134	1
923	549	1
923	115	1
923	283	1
923	614	1
923	1086	1
923	22	1
924	157	3
924	1505	1
924	1267	1
924	22	2
924	397	3
924	320	3
924	720	1
924	1002	3
924	364	1
924	821	1
924	1237	1
924	499	1
924	44	1
924	422	1
924	1170	5
924	611	1
924	45	5
924	97	1
924	1293	1
924	1464	1
924	796	1
924	227	1
924	451	1
924	903	7
924	542	2
924	421	3
924	410	2
924	1388	1
925	417	3
925	465	2
925	99	1
925	45	1
925	44	1
925	3	2
925	1351	1
925	111	1
925	173	13
925	243	1
925	1261	1
925	226	1
926	1204	1
926	177	1
926	32	4
926	1334	1
926	360	2
926	977	1
926	688	1
926	321	1
926	516	1
927	200	1
927	316	2
927	12	1
927	1025	1
927	1223	1
927	440	1
927	216	1
927	1445	1
927	922	1
927	867	1
927	11	4
927	1527	1
927	223	2
927	20	1
927	797	1
928	998	1
928	756	1
928	1223	1
928	1193	1
928	114	1
928	1104	1
928	1233	1
929	1169	1
929	258	2
929	282	1
929	611	1
929	421	1
929	6	1
929	676	1
92	707	1
92	454	1
92	727	1
92	1191	1
92	137	1
92	6	2
92	218	1
92	97	1
92	1010	1
92	1160	1
92	114	1
92	126	24
92	431	2
92	1520	2
92	873	2
92	223	7
92	99	1
92	1513	1
92	1012	1
92	310	1
92	471	1
92	45	1
92	1242	1
92	1263	1
930	826	1
930	1441	1
930	85	2
930	837	1
930	205	1
930	646	2
930	1185	1
930	1552	1
930	403	2
930	977	1
930	100	1
930	1319	2
930	190	1
930	11	3
930	39	1
930	45	1
930	704	1
930	590	1
930	573	1
930	44	1
930	855	1
930	27	1
931	368	1
931	1015	4
931	323	1
931	522	1
931	888	1
931	853	1
931	449	1
931	90	1
931	469	2
931	99	2
931	706	1
931	371	2
931	42	1
931	91	1
931	812	1
931	150	1
931	378	1
931	957	1
931	958	6
931	488	4
932	1396	1
932	173	1
932	453	1
932	692	1
932	716	1
932	903	1
932	890	1
932	76	2
932	469	5
932	91	1
932	223	1
932	44	2
932	585	1
932	385	1
932	1031	2
932	1438	1
932	1354	1
932	330	1
932	1443	1
932	1408	1
932	632	1
932	247	3
933	1089	2
933	928	1
933	169	2
933	174	1
933	171	1
933	570	1
933	706	1
933	1242	1
933	323	1
933	1241	1
933	1326	1
933	679	2
933	44	1
933	769	2
933	226	2
933	112	1
933	798	1
933	99	4
933	470	1
933	673	1
934	226	1
934	75	1
934	68	3
934	674	1
934	1546	1
934	27	1
934	67	1
934	1026	1
934	1209	1
934	399	1
934	645	1
934	598	1
934	885	1
934	1411	1
935	78	1
935	763	1
935	1355	1
935	1024	1
935	6	1
935	1324	1
935	223	1
935	494	1
935	904	1
935	173	1
935	87	1
935	184	4
935	590	1
935	382	1
935	409	1
935	205	1
935	99	1
935	3	1
935	1130	1
936	72	1
936	74	2
936	1255	2
936	4	1
936	491	1
936	1157	2
936	454	1
936	143	1
936	512	8
936	559	3
936	516	2
936	696	3
936	0	2
936	57	1
937	766	1
937	587	1
937	1325	1
937	35	1
937	1464	8
937	468	1
937	36	1
937	922	1
938	833	1
938	192	1
938	544	1
938	445	1
938	444	1
938	421	1
938	694	1
939	320	20
939	57	5
939	17	1
939	341	2
939	640	1
939	886	1
939	773	1
939	93	4
939	402	3
939	516	3
939	1220	1
939	876	1
93	268	1
93	115	1
93	195	1
93	126	1
93	428	1
93	399	1
93	375	1
940	389	1
940	1103	1
940	767	2
940	46	2
940	1513	1
940	70	3
941	250	1
941	248	1
941	1113	1
941	815	10
941	1289	1
941	1030	1
941	157	1
942	420	1
942	604	1
942	687	2
942	351	1
942	724	1
942	1445	1
942	859	1
942	454	1
942	764	1
942	931	1
942	258	1
942	682	1
942	505	1
942	390	1
942	498	1
942	1182	1
943	45	8
943	1432	1
943	44	2
943	252	1
943	1560	1
943	600	1
943	608	1
943	174	1
943	112	1
943	472	2
944	219	1
944	1114	1
944	722	1
944	853	1
944	491	1
944	611	10
944	1080	2
944	243	2
944	739	1
944	144	1
944	27	1
945	1073	1
945	1054	1
945	790	1
945	1348	1
945	147	1
945	187	1
945	235	1
945	282	2
945	1110	1
945	829	1
945	584	1
945	317	4
945	32	2
945	1174	1
946	1189	1
946	377	1
946	928	1
946	129	1
946	169	4
946	929	2
946	99	1
946	150	1
946	122	1
947	676	1
947	1139	1
947	445	1
947	546	2
947	649	1
947	192	1
947	1475	1
948	1571	3
948	1139	1
948	399	1
948	1565	1
948	1170	1
948	263	1
948	1088	1
948	484	1
948	442	1
948	1292	1
948	134	1
948	1185	1
949	250	18
949	703	1
949	54	6
949	49	10
949	236	5
949	44	1
949	157	1
949	184	4
949	109	1
949	823	1
949	637	3
949	174	1
949	895	1
949	1392	2
94	672	4
94	117	2
94	1153	1
94	1076	1
94	13	1
94	1176	1
94	612	2
94	73	5
94	782	3
94	1067	1
94	1195	1
94	1369	1
94	421	6
94	948	2
94	1244	1
94	76	2
950	682	1
950	1599	1
950	589	1
950	204	1
950	650	1
950	340	1
950	374	1
951	1350	3
951	121	1
951	494	1
951	905	1
951	355	2
951	1589	1
951	606	1
951	339	1
951	403	2
951	200	1
951	674	1
951	350	1
951	663	1
951	244	1
951	481	4
951	572	1
951	137	2
951	387	1
951	1117	1
951	391	1
951	460	1
952	1536	1
952	1583	2
952	719	1
952	261	2
952	239	1
952	809	1
952	244	2
952	938	1
952	587	1
952	1223	1
952	830	2
952	421	1
952	531	1
952	4	1
952	578	1
952	732	1
953	1363	1
953	1412	1
953	1058	1
953	654	1
953	236	1
953	492	3
953	508	1
953	1362	1
953	45	12
953	442	1
953	83	2
954	1562	1
954	829	1
954	354	1
954	898	1
954	274	2
954	176	1
954	1097	1
954	518	1
954	672	1
954	464	1
954	421	1
954	45	1
954	50	1
954	925	1
954	1174	1
954	432	2
954	661	3
954	220	1
954	769	3
954	315	1
954	554	1
955	801	1
955	217	1
955	565	1
955	1265	1
955	1149	2
955	347	1
955	378	1
955	645	1
955	32	2
955	948	1
956	64	10
956	516	1
956	87	1
956	340	1
956	1107	1
956	837	1
956	151	2
956	921	1
956	974	1
956	397	1
956	578	1
956	491	1
956	1157	1
956	1144	1
957	1182	1
957	1060	1
957	63	1
957	233	1
957	1324	1
957	179	1
957	1395	1
957	329	1
957	871	1
958	77	1
958	590	1
958	1349	1
958	134	1
958	724	3
958	44	1
958	1057	1
958	840	1
958	1278	4
958	459	1
958	1185	1
958	1429	6
959	724	1
959	103	1
959	565	1
959	169	1
959	454	1
959	182	1
959	1358	2
959	56	1
959	343	1
959	129	1
959	174	3
959	1052	1
959	75	3
959	157	1
959	109	2
959	130	3
959	165	2
959	264	4
959	456	2
959	799	2
959	1164	1
959	133	3
959	244	2
959	828	5
95	1164	1
95	257	2
95	118	1
95	92	1
95	205	1
95	1010	1
95	477	1
960	82	1
960	103	1
960	364	2
960	1231	1
960	250	1
960	1549	2
960	983	1
960	984	1
960	133	1
960	150	1
960	414	1
960	551	2
960	1037	2
960	184	1
960	145	1
960	388	1
960	147	1
960	1317	4
960	1036	2
960	239	2
960	1060	1
960	45	4
960	958	1
960	317	1
960	628	1
960	146	4
960	570	1
960	1384	14
960	777	14
960	733	3
960	687	2
960	784	1
960	903	1
960	558	1
960	873	1
960	932	2
960	1195	1
960	436	1
960	769	1
961	146	1
961	980	1
961	646	8
961	1478	1
961	125	1
961	1563	1
961	216	1
961	974	1
961	937	1
961	1098	1
961	960	1
961	779	1
961	212	1
961	892	1
961	132	1
961	195	1
961	383	1
961	44	1
962	1003	1
962	1376	1
962	1128	1
962	1358	1
962	717	1
962	142	1
962	1293	1
962	343	1
962	1540	1
962	937	1
962	44	1
962	998	1
962	611	1
962	144	3
962	294	1
962	542	1
963	693	1
963	76	1
963	508	2
963	897	1
963	698	1
963	750	1
963	146	1
963	299	1
963	1560	1
964	1439	1
964	45	5
964	669	1
964	1256	1
964	1109	1
964	431	1
964	982	1
964	1061	1
964	663	1
964	301	1
964	659	1
964	274	1
964	898	1
964	578	1
964	195	1
964	249	1
964	432	1
964	192	1
965	549	1
965	240	1
965	578	1
965	491	1
965	433	1
965	144	1
965	1141	3
965	721	5
965	581	1
966	669	1
966	85	1
966	1191	1
966	1489	1
966	81	1
966	451	6
966	767	3
966	263	3
966	676	1
967	503	2
967	87	1
967	455	1
967	206	3
967	880	2
967	243	1
967	866	1
967	160	1
967	986	1
967	184	6
967	1448	1
967	105	2
967	1092	1
968	103	1
968	161	1
968	343	2
968	227	1
968	264	1
968	169	1
968	866	1
968	260	1
968	223	1
968	479	1
968	399	1
968	44	1
968	58	1
968	544	1
968	562	2
968	806	1
968	1149	1
968	45	3
968	1491	2
968	748	1
968	134	1
968	621	2
968	1514	2
968	611	1
968	959	1
968	1472	1
968	467	1
968	994	1
968	115	1
968	884	1
968	150	1
969	1565	1
969	1492	1
969	85	1
969	271	1
969	797	1
969	763	1
969	1223	1
969	862	1
969	1104	1
969	184	1
969	1449	1
969	14	1
969	525	1
96	120	10
96	145	3
96	611	1
96	1299	1
96	901	1
96	554	1
96	1308	1
970	73	1
970	1230	1
970	241	1
970	103	1
970	1366	1
970	115	1
970	174	1
970	963	1
971	586	1
971	743	3
971	41	2
971	612	1
971	1056	1
971	934	1
972	566	1
972	561	1
972	250	1
972	248	1
972	223	1
972	197	1
972	672	1
972	184	2
972	340	1
972	104	1
972	584	1
972	971	1
972	413	1
972	278	1
973	1300	1
973	1588	1
973	44	1
973	685	1
973	257	1
973	247	2
973	76	8
973	1123	1
973	42	1
973	371	1
973	1082	1
973	1457	1
973	90	4
973	1455	1
973	1264	2
973	431	1
973	848	1
973	197	1
974	611	13
974	87	1
974	225	2
974	223	1
974	35	1
974	36	1
974	1191	1
974	137	1
974	85	1
974	82	1
974	373	1
974	192	1
974	445	1
974	435	1
974	682	1
974	925	1
974	841	1
974	1069	1
975	960	1
975	771	1
975	491	1
975	578	1
975	844	1
975	1410	1
975	247	1
976	1155	1
976	1453	1
976	504	1
976	454	2
976	892	2
976	625	2
976	85	1
977	1191	1
977	21	1
977	284	1
977	114	1
977	427	1
977	316	2
977	20	1
977	75	1
977	678	1
978	115	1
978	1120	1
978	535	1
978	878	1
978	523	1
978	87	2
978	337	1
979	1242	1
979	418	6
979	517	3
979	834	1
979	683	4
979	1263	1
979	1351	1
979	322	1
979	527	2
979	1352	1
979	420	1
979	171	1
979	50	1
979	97	1
979	1420	1
979	168	1
979	958	1
979	1238	4
979	227	3
979	511	1
979	14	1
979	164	1
979	800	1
979	453	1
979	371	1
979	735	1
979	53	5
97	157	1
97	343	2
97	1507	1
97	67	1
97	226	2
97	121	19
97	279	1
97	146	1
97	1240	1
980	407	1
980	1119	1
980	132	1
980	114	1
980	389	2
980	757	1
980	399	1
980	98	1
980	725	1
980	857	4
980	69	4
980	602	1
980	1024	1
980	480	1
981	1092	1
981	184	4
981	195	1
981	210	3
981	1305	1
981	691	1
981	1423	1
981	454	1
981	50	1
981	133	1
981	1528	1
981	1098	1
981	701	3
981	935	1
981	905	1
981	272	1
981	282	1
981	420	2
981	1386	2
981	45	5
981	684	4
981	1295	1
981	73	1
981	217	1
981	895	1
981	919	2
981	602	1
981	124	1
981	1130	2
982	33	1
982	1350	5
982	11	1
982	45	2
982	734	1
982	445	1
982	1126	1
982	387	2
983	764	1
983	643	2
983	1545	5
983	79	1
983	1536	2
983	1182	2
983	335	1
984	1573	1
984	1565	1
984	126	2
984	657	1
984	410	1
984	637	1
984	948	1
984	184	1
984	1210	1
984	933	1
984	724	1
985	643	3
985	146	1
985	974	2
985	611	2
985	150	1
985	122	1
985	388	1
985	147	1
985	633	2
985	1444	1
985	39	1
985	1409	1
985	750	1
985	461	1
985	516	1
985	273	1
985	196	2
985	1284	1
985	195	1
985	630	1
985	1542	1
985	839	3
985	205	3
985	268	1
986	375	1
986	830	1
986	952	1
986	1086	1
986	491	4
986	1244	1
986	126	1
986	216	1
986	35	1
986	462	1
986	447	1
986	1431	1
986	410	1
987	134	1
987	621	1
987	389	1
987	302	1
987	523	1
987	1154	2
987	1055	1
987	1511	1
987	491	1
987	414	1
987	1279	1
987	106	1
987	341	1
987	952	1
988	1140	1
988	389	1
988	490	3
988	829	1
988	110	8
988	269	2
988	1208	5
988	682	6
988	608	1
988	1173	3
988	430	2
988	925	3
988	658	1
988	223	1
988	585	1
988	770	1
989	1099	1
989	616	1
989	145	2
989	1369	1
989	4	1
989	239	1
989	920	10
989	662	1
989	14	2
989	407	1
989	625	1
989	375	2
989	1352	1
989	1542	1
989	903	1
989	45	5
989	1511	1
989	1473	1
989	99	1
98	123	29
98	132	13
98	175	12
98	105	1
98	1317	5
98	1039	1
98	232	3
98	188	1
98	172	1
98	341	1
98	781	1
98	1382	1
98	428	1
98	223	3
98	1226	1
98	317	1
98	197	1
98	266	1
98	715	1
98	1067	2
98	419	2
98	672	1
98	173	1
98	682	2
98	170	1
98	593	1
98	457	1
98	186	1
98	708	1
98	150	2
98	227	1
98	99	1
98	45	2
98	831	1
98	491	2
98	732	1
98	578	1
98	985	3
990	814	1
990	1079	1
990	414	1
990	1438	1
990	1086	1
990	676	1
990	1156	2
990	1010	13
990	125	1
990	1326	1
990	35	2
990	1243	1
990	410	3
990	391	1
990	916	1
991	395	2
991	782	1
991	580	1
991	665	2
991	354	1
991	1097	3
991	1350	1
992	658	1
992	1247	1
992	614	1
992	218	1
992	897	1
992	108	1
992	535	1
992	1511	1
992	600	1
992	387	5
992	1218	4
993	607	1
993	526	1
993	250	1
993	1092	1
993	517	4
993	44	1
993	687	1
993	489	1
993	218	1
993	417	1
993	181	2
993	45	1
993	150	1
993	205	1
993	169	1
993	883	1
993	310	1
993	454	1
993	724	1
993	142	1
994	11	1
994	432	1
994	1279	1
994	351	1
994	1187	1
994	566	2
994	36	2
994	619	1
994	669	1
994	1331	1
994	77	1
994	1131	2
994	190	2
994	655	1
994	675	1
994	147	1
994	45	1
994	1343	1
994	654	2
994	871	1
995	1027	1
995	341	1
995	344	1
995	1430	1
995	126	1
995	200	3
995	239	3
996	1321	1
996	1429	2
996	134	2
996	542	3
996	417	1
996	44	2
996	1316	1
996	1545	1
996	1035	1
996	410	1
996	738	1
997	1335	1
997	448	1
997	1225	1
997	427	1
997	45	7
997	83	1
997	94	2
997	189	1
997	293	1
997	265	1
997	157	2
997	35	1
997	117	1
998	45	1
998	615	1
998	1071	1
998	399	1
998	226	1
998	1576	1
998	687	4
998	305	2
998	293	2
998	1473	1
998	289	1
999	427	1
999	1166	1
999	45	1
999	1112	1
999	942	1
999	319	1
999	277	1
999	654	1
999	1097	1
99	171	1
99	558	1
99	453	1
99	1264	2
99	90	3
99	1354	1
99	124	1
99	147	2
99	150	1
99	157	2
99	172	1
99	378	1
99	1015	1
99	253	1
99	1413	1
99	247	1
99	505	1
99	1576	1
99	274	1
99	985	1
99	114	2
9	10	1
9	708	2
9	745	1
9	79	1
9	1279	1
9	378	1
9	970	1
9	410	1
