0	0	1514769881.0
1	1	1514770344.0
1	2	1514770884.0
2	3	1514775408.0
3	4	1514824186.0
3	5	1514824975.0
4	6	1514825623.0
5	7	1514827145.0
6	8	1514830676.0
6	9	1514831228.0
7	10	1514837311.0
8	11	1514838061.0
8	12	1514838118.0
9	13	1514838473.0
10	14	1514838812.0
9	15	1514838824.0
9	16	1514838933.0
11	17	1514839025.0
9	2	1514839036.0
9	18	1514839117.0
9	19	1514839218.0
9	5	1514839302.0
9	20	1514839428.0
9	21	1514839509.0
12	22	1514840444.0
13	23	1514843405.0
13	24	1514843834.0
14	25	1514845668.0
14	26	1514852279.0
15	27	1514854726.0
9	28	1514861188.0
0	29	1514863774.0
16	30	1514864802.0
16	31	1514865092.0
16	32	1514865191.0
17	33	1514866910.0
18	34	1514890051.0
19	35	1514904319.0
20	36	1514904584.0
21	37	1514905336.0
22	38	1514909610.0
22	39	1514912821.0
23	40	1514912908.0
24	34	1514914180.0
25	41	1514915362.0
26	20	1514922818.0
22	20	1514923224.0
26	42	1514923484.0
26	43	1514923548.0
26	44	1514924069.0
26	21	1514924113.0
26	45	1514924334.0
26	46	1514924605.0
26	47	1514924749.0
26	48	1514925001.0
27	49	1514925156.0
26	50	1514925232.0
27	51	1514926037.0
3	52	1514928021.0
28	53	1514928683.0
29	29	1514928986.0
30	54	1514929306.0
30	55	1514929480.0
22	56	1514933112.0
31	57	1514941091.0
32	58	1514943517.0
31	59	1514946121.0
33	39	1514946695.0
12	60	1514947008.0
34	61	1514947525.0
35	62	1514956711.0
36	57	1514977605.0
37	63	1514983952.0
21	64	1514984540.0
38	65	1514988115.0
38	7	1514988358.0
22	66	1514989985.0
22	67	1514990955.0
22	68	1514991654.0
39	41	1514994793.0
40	69	1514995026.0
41	70	1514999067.0
42	71	1515001587.0
43	72	1515007619.0
37	73	1515010616.0
44	74	1515011589.0
44	75	1515012087.0
44	76	1515012677.0
8	77	1515013911.0
45	78	1515015184.0
3	79	1515016012.0
46	33	1515019180.0
47	80	1515019350.0
48	43	1515020366.0
49	81	1515024525.0
50	82	1515025692.0
51	83	1515028081.0
50	84	1515030405.0
52	85	1515030767.0
53	86	1515031096.0
50	71	1515031627.0
54	87	1515032299.0
55	88	1515032514.0
56	89	1515033355.0
57	90	1515033827.0
32	91	1515034389.0
32	92	1515035562.0
32	93	1515036300.0
32	94	1515037188.0
32	95	1515037552.0
58	96	1515038256.0
58	36	1515038367.0
58	97	1515038441.0
58	38	1515038685.0
58	28	1515038744.0
58	50	1515038901.0
58	98	1515038954.0
58	99	1515039047.0
58	100	1515039291.0
58	101	1515039347.0
59	102	1515040649.0
60	103	1515044659.0
61	20	1515079333.0
62	104	1515079723.0
61	105	1515080194.0
29	106	1515083926.0
56	107	1515084692.0
29	108	1515084792.0
63	109	1515085584.0
56	110	1515085853.0
64	78	1515088539.0
65	32	1515090429.0
66	9	1515093487.0
67	111	1515093672.0
4	112	1515094572.0
68	113	1515095883.0
69	114	1515097647.0
14	115	1515097867.0
69	116	1515098090.0
67	106	1515098094.0
14	93	1515098492.0
70	117	1515098811.0
68	5	1515098902.0
69	118	1515098943.0
68	119	1515098992.0
68	120	1515099176.0
68	20	1515099671.0
68	121	1515099727.0
71	122	1515099748.0
68	88	1515099784.0
68	114	1515099866.0
68	48	1515099991.0
1	41	1515100771.0
1	123	1515100920.0
1	29	1515101252.0
72	54	1515103694.0
73	124	1515103725.0
50	34	1515106984.0
50	125	1515107607.0
74	126	1515108725.0
75	127	1515110493.0
65	128	1515111727.0
65	129	1515113934.0
75	130	1515114973.0
76	131	1515116016.0
0	131	1515118253.0
0	45	1515119113.0
0	132	1515119461.0
77	54	1515121530.0
78	133	1515121983.0
79	134	1515122450.0
80	135	1515147566.0
81	43	1515158024.0
82	136	1515159346.0
81	137	1515159718.0
39	99	1515166573.0
83	138	1515177466.0
67	139	1515181747.0
29	140	1515183827.0
67	141	1515184034.0
19	142	1515184129.0
84	143	1515186932.0
85	144	1515191153.0
86	145	1515193348.0
8	10	1515196635.0
87	146	1515196982.0
88	147	1515198421.0
88	30	1515199032.0
88	17	1515199790.0
89	148	1515202795.0
68	149	1515203180.0
90	150	1515204910.0
81	151	1515207263.0
91	152	1515212432.0
25	48	1515213552.0
25	153	1515213765.0
25	32	1515213833.0
92	131	1515214072.0
93	127	1515226945.0
93	72	1515227415.0
93	154	1515228618.0
93	155	1515228779.0
21	156	1515245748.0
94	157	1515247279.0
95	33	1515247636.0
96	158	1515253895.0
89	47	1515254783.0
55	159	1515256312.0
92	160	1515259580.0
97	31	1515260866.0
4	95	1515261721.0
98	31	1515261724.0
99	161	1515262963.0
32	162	1515263069.0
89	163	1515265458.0
100	61	1515265551.0
89	164	1515265964.0
89	165	1515266424.0
101	166	1515268632.0
102	61	1515269755.0
103	167	1515270373.0
103	120	1515272011.0
104	104	1515272406.0
35	168	1515273511.0
96	1	1515278042.0
105	71	1515278690.0
105	169	1515279724.0
106	170	1515283911.0
100	171	1515285253.0
8	99	1515285510.0
100	129	1515287038.0
100	172	1515287432.0
107	173	1515288480.0
35	174	1515291807.0
103	175	1515293033.0
106	176	1515294722.0
106	132	1515295649.0
106	177	1515295770.0
106	178	1515295929.0
106	179	1515296029.0
106	180	1515297054.0
51	181	1515297295.0
92	182	1515302389.0
108	183	1515304510.0
109	184	1515307688.0
110	185	1515310193.0
111	120	1515322187.0
111	90	1515322435.0
111	186	1515322976.0
105	187	1515329482.0
36	188	1515335765.0
79	54	1515338176.0
112	100	1515339367.0
113	144	1515340399.0
30	189	1515342001.0
32	112	1515342510.0
114	14	1515345721.0
100	34	1515345959.0
114	23	1515346012.0
13	190	1515346477.0
100	191	1515346567.0
24	192	1515349362.0
115	193	1515358097.0
116	56	1515362703.0
85	194	1515365451.0
117	184	1515365898.0
118	160	1515370161.0
119	195	1515371431.0
120	6	1515372134.0
120	147	1515372380.0
121	196	1515376271.0
122	17	1515377769.0
76	197	1515377840.0
123	40	1515378789.0
124	194	1515379723.0
125	198	1515382580.0
125	199	1515383500.0
126	200	1515384723.0
119	201	1515390439.0
35	56	1515392741.0
35	202	1515398180.0
127	197	1515420831.0
128	83	1515421672.0
129	135	1515423957.0
24	203	1515425335.0
130	85	1515428650.0
131	43	1515429116.0
132	204	1515429637.0
133	97	1515431871.0
134	205	1515433480.0
135	206	1515433752.0
88	207	1515436931.0
131	21	1515437177.0
136	147	1515439617.0
4	139	1515440525.0
71	208	1515442242.0
137	28	1515443618.0
137	209	1515444825.0
137	201	1515444890.0
137	120	1515445561.0
100	210	1515447790.0
6	143	1515448892.0
3	211	1515449892.0
137	212	1515450301.0
137	213	1515450903.0
130	145	1515457293.0
119	47	1515461287.0
138	214	1515464887.0
139	215	1515465129.0
140	216	1515465635.0
140	217	1515465749.0
139	126	1515466537.0
32	218	1515469519.0
52	114	1515470433.0
137	47	1515471927.0
141	219	1515474827.0
49	17	1515476377.0
88	163	1515479553.0
88	220	1515480085.0
88	221	1515481412.0
142	222	1515514049.0
143	223	1515516412.0
144	224	1515522952.0
145	61	1515525988.0
146	225	1515527027.0
147	226	1515531759.0
148	20	1515537356.0
149	227	1515543875.0
150	50	1515550217.0
150	28	1515550608.0
151	175	1515552039.0
92	179	1515559311.0
92	31	1515559507.0
152	69	1515591091.0
37	56	1515597986.0
64	17	1515599764.0
65	128	1515599766.0
153	228	1515603229.0
154	229	1515606698.0
155	157	1515611244.0
55	152	1515612754.0
156	230	1515617053.0
157	156	1515621412.0
157	231	1515621971.0
35	56	1515623136.0
157	232	1515623893.0
158	160	1515627107.0
159	95	1515628805.0
93	233	1515628954.0
160	167	1515635302.0
161	31	1515638502.0
162	234	1515638947.0
68	53	1515640169.0
68	235	1515640243.0
68	153	1515640277.0
160	2	1515642225.0
160	236	1515642473.0
160	36	1515643085.0
160	237	1515643502.0
160	238	1515643629.0
163	239	1515643658.0
160	23	1515643754.0
160	5	1515643913.0
160	240	1515645478.0
24	206	1515682063.0
19	241	1515686123.0
164	242	1515691568.0
4	243	1515692534.0
165	0	1515702369.0
118	112	1515726754.0
166	244	1515728926.0
167	245	1515731405.0
168	58	1515733495.0
144	113	1515734213.0
68	246	1515765351.0
169	226	1515767590.0
170	247	1515770848.0
171	248	1515777521.0
172	249	1515778839.0
173	250	1515779134.0
174	128	1515782455.0
40	251	1515787193.0
85	252	1515790395.0
29	237	1515793100.0
7	253	1515795565.0
175	136	1515798300.0
176	254	1515807317.0
177	171	1515812225.0
178	255	1515813799.0
72	256	1515814558.0
179	102	1515817073.0
0	257	1515818631.0
0	20	1515821119.0
180	143	1515833271.0
181	63	1515847323.0
181	25	1515847658.0
155	136	1515853972.0
182	184	1515866069.0
80	17	1515866580.0
183	258	1515867127.0
184	98	1515867195.0
183	259	1515868516.0
100	260	1515869053.0
100	62	1515869743.0
160	57	1515879835.0
185	261	1515884086.0
186	262	1515885976.0
5	263	1515886718.0
187	54	1515887039.0
188	97	1515887259.0
52	264	1515888119.0
5	121	1515888254.0
187	169	1515888332.0
189	240	1515888374.0
5	169	1515888515.0
5	34	1515889522.0
190	265	1515890848.0
191	63	1515892841.0
192	266	1515901995.0
193	50	1515907117.0
194	267	1515914309.0
194	53	1515914425.0
194	268	1515914639.0
195	269	1515940217.0
196	84	1515940589.0
100	270	1515940910.0
197	271	1515946481.0
198	272	1515949560.0
56	21	1515950147.0
55	273	1515950195.0
199	274	1515954876.0
199	20	1515955081.0
199	275	1515955276.0
200	276	1515956128.0
199	244	1515959376.0
199	264	1515959785.0
1	277	1515961542.0
84	278	1515962359.0
168	58	1515962824.0
201	279	1515963647.0
18	267	1515965838.0
85	5	1515970368.0
71	17	1515972361.0
202	29	1515973067.0
202	275	1515973294.0
202	280	1515973627.0
203	281	1515974468.0
204	46	1515975813.0
205	282	1515977769.0
176	283	1515977998.0
176	284	1515978894.0
181	160	1515979557.0
8	285	1515980254.0
206	286	1515982464.0
200	287	1515983947.0
111	288	1515983982.0
172	251	1515986724.0
202	289	1515987329.0
79	44	1515987720.0
95	112	1515989556.0
105	290	1516019359.0
207	84	1516023024.0
207	291	1516023386.0
208	292	1516026481.0
209	106	1516027154.0
54	293	1516034862.0
39	294	1516036123.0
39	158	1516036395.0
131	295	1516038104.0
77	296	1516041670.0
210	77	1516043993.0
161	196	1516048339.0
45	297	1516048703.0
161	176	1516049684.0
106	298	1516050099.0
161	299	1516050531.0
102	108	1516052635.0
105	300	1516054390.0
102	283	1516054846.0
105	269	1516055791.0
211	128	1516060108.0
152	62	1516064678.0
18	301	1516065467.0
178	302	1516068395.0
35	206	1516069914.0
161	303	1516070319.0
137	195	1516073007.0
212	304	1516073633.0
182	305	1516074204.0
49	7	1516078007.0
21	242	1516104318.0
213	297	1516112158.0
172	306	1516114679.0
120	307	1516115010.0
120	308	1516115272.0
214	102	1516115302.0
214	309	1516115416.0
214	310	1516115548.0
214	311	1516115916.0
214	94	1516115961.0
214	235	1516116007.0
214	251	1516116187.0
130	312	1516116970.0
24	267	1516118895.0
41	313	1516119592.0
215	225	1516121148.0
88	175	1516124224.0
169	206	1516125079.0
216	314	1516127213.0
217	238	1516128318.0
216	315	1516129968.0
214	316	1516130330.0
218	37	1516131319.0
152	317	1516131517.0
218	249	1516131544.0
219	318	1516141440.0
220	137	1516143553.0
115	319	1516144135.0
115	179	1516144310.0
221	320	1516149170.0
222	175	1516150037.0
106	119	1516150689.0
106	140	1516150913.0
212	321	1516150915.0
106	76	1516151054.0
106	322	1516151315.0
106	323	1516151427.0
223	29	1516151427.0
102	177	1516152259.0
224	61	1516153126.0
224	324	1516153202.0
225	325	1516153538.0
224	57	1516154149.0
79	296	1516155469.0
226	326	1516159971.0
29	251	1516200625.0
29	179	1516201357.0
52	2	1516211822.0
219	327	1516213020.0
57	328	1516213801.0
219	329	1516216796.0
66	205	1516218475.0
227	330	1516218854.0
115	87	1516220114.0
120	126	1516220423.0
228	42	1516221335.0
24	287	1516222698.0
115	30	1516223817.0
113	331	1516224153.0
19	36	1516225076.0
229	206	1516228523.0
229	32	1516228622.0
106	97	1516229684.0
230	332	1516235885.0
231	43	1516238275.0
207	333	1516240196.0
222	317	1516245140.0
232	237	1516250431.0
232	131	1516252109.0
40	334	1516283259.0
39	335	1516288041.0
42	317	1516289370.0
29	45	1516290323.0
233	43	1516293053.0
234	67	1516295170.0
231	131	1516295556.0
157	336	1516296458.0
157	337	1516296840.0
128	57	1516297196.0
235	305	1516297589.0
235	30	1516298214.0
231	272	1516298594.0
199	338	1516299122.0
43	191	1516299150.0
235	339	1516299943.0
33	340	1516302088.0
236	334	1516302713.0
237	341	1516303678.0
218	342	1516307755.0
224	36	1516309786.0
238	343	1516320152.0
238	344	1516320758.0
238	345	1516321406.0
238	186	1516321966.0
239	207	1516324782.0
240	49	1516326170.0
241	6	1516327891.0
160	285	1516330610.0
242	346	1516331331.0
106	155	1516331628.0
182	347	1516339615.0
92	348	1516340699.0
92	160	1516342391.0
92	206	1516345826.0
92	108	1516345929.0
92	32	1516346403.0
92	31	1516346437.0
92	349	1516346863.0
110	56	1516346874.0
92	350	1516347299.0
243	351	1516370854.0
165	352	1516372387.0
244	212	1516381587.0
245	119	1516384545.0
21	353	1516384942.0
245	282	1516385098.0
244	61	1516386365.0
245	291	1516391086.0
246	5	1516392259.0
247	147	1516400724.0
248	48	1516402783.0
131	348	1516409219.0
131	354	1516409756.0
131	355	1516410056.0
75	356	1516412785.0
249	289	1516413472.0
249	341	1516414013.0
250	357	1516414195.0
75	127	1516415743.0
178	237	1516420981.0
75	358	1516424589.0
145	359	1516450442.0
145	89	1516451219.0
251	84	1516458026.0
35	132	1516458534.0
193	360	1516458653.0
123	131	1516459416.0
132	152	1516459922.0
132	30	1516460155.0
131	206	1516461282.0
232	331	1516463061.0
209	361	1516463339.0
232	19	1516463743.0
252	255	1516464651.0
161	362	1516466620.0
253	347	1516467972.0
161	334	1516468110.0
161	153	1516469661.0
131	292	1516470536.0
202	138	1516475465.0
189	278	1516477022.0
189	82	1516477598.0
123	363	1516480169.0
254	34	1516483475.0
185	364	1516483682.0
250	259	1516485115.0
252	365	1516487007.0
189	201	1516489001.0
255	334	1516489112.0
71	222	1516489898.0
189	140	1516491481.0
256	41	1516492176.0
153	366	1516492372.0
178	165	1516496086.0
256	367	1516497626.0
193	325	1516498115.0
256	284	1516501178.0
35	193	1516502222.0
113	368	1516506657.0
76	350	1516508190.0
181	369	1516509046.0
257	370	1516509372.0
258	371	1516509416.0
259	372	1516509529.0
190	331	1516515012.0
260	373	1516537759.0
260	374	1516539302.0
261	265	1516543392.0
14	119	1516544221.0
262	143	1516551701.0
263	225	1516552904.0
33	239	1516560221.0
128	369	1516560770.0
14	375	1516562641.0
181	204	1516563839.0
120	265	1516570662.0
178	147	1516571249.0
200	10	1516571812.0
193	297	1516572034.0
264	376	1516575950.0
191	20	1516577021.0
265	284	1516578043.0
265	104	1516578330.0
119	235	1516578458.0
266	276	1516580766.0
266	163	1516580936.0
266	179	1516581524.0
266	309	1516581754.0
267	377	1516581865.0
266	7	1516581913.0
57	237	1516583893.0
268	331	1516585207.0
18	301	1516585934.0
18	325	1516586285.0
153	285	1516588573.0
153	140	1516588845.0
153	378	1516589059.0
44	372	1516594606.0
269	84	1516596902.0
270	360	1516600706.0
52	297	1516627150.0
271	117	1516630689.0
106	198	1516632598.0
24	325	1516632607.0
120	84	1516637019.0
272	379	1516637069.0
39	334	1516641079.0
225	48	1516642639.0
233	59	1516645376.0
233	2	1516645966.0
273	312	1516650119.0
19	275	1516651447.0
83	5	1516653056.0
91	184	1516655625.0
157	56	1516656517.0
194	40	1516662084.0
274	184	1516662250.0
275	84	1516663219.0
275	198	1516663363.0
276	334	1516665411.0
277	84	1516668359.0
277	198	1516668820.0
278	84	1516671628.0
278	31	1516671699.0
204	28	1516671715.0
279	380	1516675175.0
223	339	1516677170.0
280	67	1516677604.0
102	3	1516678042.0
145	184	1516679063.0
102	381	1516679803.0
281	335	1516680370.0
282	1	1516680706.0
38	382	1516707644.0
21	110	1516721234.0
151	120	1516721634.0
283	383	1516721845.0
4	230	1516726823.0
239	384	1516730235.0
217	115	1516730770.0
284	90	1516731266.0
246	211	1516735047.0
246	179	1516735931.0
67	29	1516735992.0
246	45	1516736446.0
285	340	1516738245.0
286	266	1516740395.0
40	53	1516740452.0
145	260	1516742020.0
81	368	1516749406.0
81	198	1516749710.0
287	242	1516751186.0
48	242	1516751514.0
255	385	1516752898.0
288	314	1516754439.0
96	84	1516755688.0
289	266	1516756481.0
290	142	1516758265.0
291	115	1516758753.0
19	237	1516759455.0
178	12	1516762557.0
155	222	1516763928.0
168	386	1516764091.0
270	236	1516767533.0
92	327	1516768370.0
92	40	1516768729.0
35	387	1516768798.0
141	234	1516770211.0
75	285	1516773722.0
21	388	1516791402.0
42	84	1516804435.0
69	389	1516805072.0
39	84	1516806031.0
292	297	1516812540.0
76	366	1516812775.0
293	84	1516817422.0
293	179	1516817831.0
293	6	1516818126.0
106	390	1516818189.0
293	251	1516818574.0
242	17	1516818964.0
293	43	1516819058.0
294	357	1516820524.0
27	391	1516822166.0
295	131	1516826403.0
295	287	1516826513.0
296	115	1516840344.0
296	392	1516840412.0
70	393	1516847234.0
297	394	1516853259.0
298	395	1516857091.0
191	354	1516882789.0
299	396	1516884388.0
96	397	1516893581.0
165	398	1516906769.0
139	177	1516911178.0
139	25	1516911987.0
139	81	1516912617.0
139	399	1516913330.0
139	282	1516913703.0
300	104	1516922599.0
301	400	1516924149.0
302	401	1516933089.0
2	402	1516937298.0
303	43	1516937904.0
304	141	1516938982.0
304	268	1516939235.0
304	179	1516939603.0
304	32	1516939871.0
181	331	1516941129.0
4	181	1516975937.0
286	36	1516976626.0
238	244	1516978483.0
277	297	1516979105.0
263	326	1516980375.0
305	403	1516984719.0
306	404	1516991352.0
306	201	1516991499.0
306	329	1516991682.0
306	79	1516991762.0
76	405	1517004290.0
113	141	1517017004.0
60	359	1517017314.0
178	115	1517018112.0
113	279	1517019496.0
307	218	1517021644.0
308	184	1517022563.0
34	297	1517024017.0
34	157	1517024379.0
269	236	1517028697.0
214	53	1517030076.0
203	406	1517031445.0
309	407	1517060461.0
267	101	1517061891.0
309	210	1517063351.0
310	41	1517063847.0
289	160	1517064157.0
309	43	1517064589.0
123	408	1517064931.0
160	160	1517067314.0
285	409	1517071494.0
309	410	1517071985.0
52	119	1517073945.0
311	57	1517074206.0
16	43	1517074701.0
16	411	1517075916.0
16	41	1517076080.0
36	405	1517076298.0
270	41	1517076814.0
201	412	1517079965.0
201	222	1517080267.0
309	382	1517081493.0
312	413	1517085670.0
313	414	1517086072.0
313	415	1517088945.0
313	357	1517089749.0
313	254	1517089838.0
20	331	1517090375.0
314	226	1517092308.0
315	57	1517092795.0
315	5	1517092914.0
92	268	1517093544.0
131	106	1517094018.0
315	198	1517095112.0
315	80	1517095182.0
131	416	1517095934.0
202	417	1517098246.0
202	348	1517098414.0
309	418	1517100561.0
185	419	1517100837.0
68	57	1517101291.0
68	420	1517101557.0
309	150	1517101900.0
282	421	1517104437.0
282	7	1517104574.0
282	287	1517104861.0
316	206	1517105003.0
282	422	1517105135.0
309	423	1517106747.0
317	386	1517107682.0
167	424	1517108852.0
167	327	1517109112.0
318	28	1517109625.0
319	347	1517111405.0
256	425	1517112655.0
76	346	1517114271.0
320	378	1517114628.0
321	14	1517147874.0
322	426	1517152373.0
187	427	1517153065.0
239	428	1517153559.0
323	401	1517153921.0
323	281	1517154272.0
324	41	1517154283.0
239	207	1517154455.0
324	0	1517155189.0
323	100	1517155872.0
252	155	1517157201.0
323	201	1517157416.0
323	57	1517157977.0
323	5	1517158688.0
311	110	1517160023.0
311	429	1517161799.0
325	430	1517162789.0
326	5	1517165366.0
119	431	1517165604.0
326	57	1517167654.0
282	334	1517168959.0
157	432	1517171726.0
202	433	1517174214.0
327	392	1517175888.0
200	36	1517176521.0
102	10	1517181010.0
55	319	1517181461.0
55	393	1517182410.0
328	285	1517185302.0
328	201	1517185537.0
116	279	1517187761.0
329	80	1517188424.0
330	23	1517189866.0
247	84	1517192503.0
331	43	1517194595.0
256	326	1517195864.0
85	51	1517196523.0
92	131	1517196810.0
119	434	1517200512.0
157	276	1517200874.0
157	346	1517201050.0
35	9	1517201178.0
332	435	1517202732.0
311	386	1517206814.0
333	176	1517233729.0
156	369	1517237495.0
119	139	1517238816.0
156	436	1517239193.0
334	150	1517241218.0
334	28	1517241598.0
334	338	1517242273.0
120	20	1517244050.0
121	309	1517244523.0
66	368	1517245507.0
335	210	1517246422.0
336	6	1517249718.0
35	409	1517249977.0
337	385	1517253685.0
62	136	1517256078.0
338	152	1517256492.0
92	221	1517265070.0
252	345	1517265856.0
35	437	1517266407.0
55	438	1517268024.0
339	439	1517269936.0
340	115	1517271265.0
93	159	1517271864.0
35	440	1517275224.0
111	47	1517275645.0
327	331	1517275703.0
341	41	1517275916.0
324	2	1517277817.0
280	62	1517281900.0
75	31	1517282534.0
342	285	1517283368.0
343	72	1517288715.0
343	80	1517288838.0
269	166	1517326845.0
105	298	1517327621.0
344	118	1517330745.0
164	194	1517333351.0
149	441	1517337885.0
181	442	1517339458.0
55	191	1517340009.0
344	267	1517342503.0
340	416	1517344865.0
340	443	1517346196.0
252	331	1517346380.0
252	114	1517348954.0
53	148	1517355399.0
343	26	1517355948.0
343	283	1517356052.0
343	444	1517356292.0
68	445	1517358422.0
35	42	1517367763.0
339	183	1517368290.0
345	115	1517369023.0
344	446	1517369628.0
235	264	1517370159.0
346	447	1517374383.0
235	251	1517374429.0
347	448	1517375218.0
92	315	1517375664.0
92	26	1517375982.0
348	324	1517391587.0
339	167	1517402041.0
339	54	1517402799.0
320	206	1517406019.0
130	19	1517406692.0
130	239	1517407326.0
328	235	1517410197.0
304	273	1517412835.0
304	104	1517413073.0
39	78	1517413788.0
349	126	1517423254.0
350	95	1517423349.0
349	325	1517423474.0
351	449	1517424061.0
333	295	1517424372.0
349	202	1517424906.0
349	450	1517425033.0
4	77	1517425231.0
312	84	1517425273.0
55	214	1517426066.0
150	184	1517428368.0
352	451	1517428604.0
73	91	1517440679.0
353	344	1517449793.0
354	57	1517452810.0
354	452	1517453077.0
354	171	1517453150.0
354	10	1517453258.0
354	2	1517453354.0
354	5	1517453438.0
355	17	1517458765.0
355	453	1517459555.0
355	317	1517460341.0
355	142	1517460840.0
355	169	1517462117.0
355	176	1517463213.0
85	206	1517495623.0
25	450	1517499799.0
25	230	1517499873.0
344	454	1517504508.0
70	36	1517507264.0
356	289	1517512167.0
83	78	1517514143.0
357	256	1517514989.0
358	417	1517519037.0
340	435	1517523644.0
340	240	1517523841.0
359	64	1517525038.0
360	321	1517528279.0
52	455	1517528475.0
361	192	1517540292.0
242	327	1517542130.0
362	456	1517560439.0
362	412	1517560831.0
362	317	1517561192.0
362	32	1517561498.0
362	457	1517562004.0
362	458	1517563103.0
362	19	1517563372.0
362	402	1517564030.0
123	459	1517578823.0
363	31	1517580964.0
363	26	1517581046.0
363	108	1517581186.0
280	460	1517583497.0
40	256	1517584485.0
169	303	1517584638.0
169	461	1517585140.0
4	462	1517586309.0
364	256	1517587167.0
113	266	1517589684.0
228	352	1517597074.0
177	292	1517597256.0
330	463	1517601093.0
252	369	1517602070.0
330	464	1517606670.0
365	41	1517606943.0
76	64	1517612942.0
366	391	1517613596.0
366	465	1517613868.0
367	195	1517618410.0
136	10	1517622808.0
87	152	1517628839.0
368	266	1517633073.0
369	306	1517659023.0
369	36	1517659441.0
370	466	1517661915.0
207	58	1517663028.0
218	304	1517664254.0
362	401	1517665277.0
60	176	1517668364.0
371	125	1517670284.0
289	269	1517674888.0
297	84	1517674962.0
308	59	1517676533.0
245	417	1517678362.0
55	426	1517683049.0
324	108	1517692091.0
277	467	1517694618.0
248	423	1517695095.0
372	98	1517695286.0
256	398	1517696537.0
291	32	1517697403.0
8	25	1517699138.0
89	449	1517700438.0
13	331	1517705974.0
357	168	1517709038.0
346	434	1517710662.0
324	11	1517710878.0
60	124	1517712419.0
40	41	1517713010.0
32	468	1517753989.0
181	4	1517756337.0
181	469	1517756531.0
252	363	1517759305.0
373	239	1517761946.0
365	350	1517765592.0
304	470	1517765688.0
304	471	1517765843.0
374	322	1517766394.0
375	120	1517768789.0
375	472	1517768935.0
375	206	1517770844.0
15	43	1517792419.0
125	178	1517796070.0
125	25	1517796834.0
125	36	1517797203.0
294	114	1517802164.0
294	473	1517804016.0
368	152	1517805598.0
366	441	1517838406.0
40	405	1517840155.0
376	58	1517851746.0
252	474	1517852047.0
376	475	1517852150.0
35	295	1517856889.0
252	23	1517860900.0
233	476	1517861992.0
233	177	1517863359.0
24	192	1517863477.0
252	367	1517864887.0
206	163	1517873522.0
256	463	1517873709.0
156	336	1517879727.0
358	316	1517881812.0
102	112	1517882856.0
377	108	1517884325.0
377	179	1517884473.0
314	229	1517905942.0
378	309	1517916847.0
39	477	1517928850.0
39	478	1517930620.0
39	479	1517931168.0
4	281	1517932830.0
67	480	1517938971.0
331	52	1517941594.0
379	427	1517944613.0
380	280	1517945905.0
172	386	1517947539.0
252	119	1517949790.0
346	243	1517950339.0
225	399	1517953795.0
8	135	1517956329.0
118	57	1517958644.0
381	481	1517959764.0
341	224	1517963208.0
160	482	1517972598.0
307	345	1517973618.0
370	414	1517976225.0
332	483	1517977959.0
380	87	1517986591.0
380	148	1517986735.0
380	484	1517986941.0
93	255	1517987118.0
380	292	1517987307.0
176	86	1518007948.0
23	28	1518011379.0
382	251	1518018453.0
140	58	1518021708.0
200	485	1518022835.0
200	3	1518023131.0
200	368	1518024030.0
287	403	1518033293.0
156	87	1518034157.0
383	486	1518034804.0
332	487	1518040576.0
36	95	1518044909.0
358	488	1518049344.0
384	78	1518049647.0
126	78	1518050409.0
126	224	1518051615.0
182	245	1518052055.0
385	84	1518053951.0
161	2	1518054608.0
161	67	1518055120.0
161	0	1518056788.0
314	288	1518058531.0
155	26	1518059257.0
339	35	1518102226.0
386	96	1518104822.0
274	489	1518110524.0
387	30	1518112478.0
387	475	1518114475.0
387	152	1518114745.0
38	136	1518115949.0
250	490	1518117705.0
252	378	1518121001.0
179	225	1518124304.0
152	204	1518133992.0
318	491	1518149104.0
125	292	1518152173.0
287	65	1518152681.0
388	3	1518175125.0
389	179	1518190350.0
390	247	1518201679.0
365	38	1518203398.0
191	258	1518203688.0
373	14	1518206728.0
381	481	1518207771.0
391	492	1518208078.0
272	276	1518208258.0
297	71	1518210239.0
113	304	1518221247.0
115	449	1518222741.0
392	493	1518224949.0
268	426	1518228426.0
314	362	1518230101.0
393	449	1518230110.0
393	494	1518230573.0
393	391	1518230724.0
393	495	1518231593.0
202	273	1518232750.0
202	496	1518232937.0
218	99	1518234891.0
394	53	1518238475.0
124	459	1518238547.0
394	182	1518240777.0
394	205	1518243091.0
298	497	1518247784.0
395	152	1518270399.0
395	48	1518271082.0
395	184	1518271514.0
395	421	1518272064.0
395	30	1518273039.0
131	498	1518275170.0
326	31	1518280122.0
97	93	1518288143.0
396	253	1518288442.0
396	118	1518288889.0
252	60	1518290270.0
358	40	1518293079.0
183	246	1518293577.0
183	60	1518294385.0
183	499	1518295843.0
161	242	1518297229.0
397	104	1518297651.0
183	500	1518297797.0
151	501	1518299986.0
130	179	1518302137.0
339	262	1518304263.0
208	80	1518305297.0
364	43	1518306142.0
118	319	1518306299.0
364	403	1518306486.0
224	95	1518309669.0
224	360	1518311447.0
224	254	1518312926.0
394	41	1518315051.0
224	463	1518315685.0
394	57	1518316769.0
398	20	1518317229.0
366	290	1518319779.0
35	120	1518320862.0
320	308	1518323671.0
399	407	1518325777.0
239	439	1518352723.0
400	245	1518353168.0
239	30	1518355289.0
401	206	1518355870.0
122	231	1518358646.0
402	84	1518361643.0
403	502	1518362613.0
392	273	1518364949.0
404	130	1518365695.0
405	503	1518366691.0
405	475	1518366855.0
406	504	1518367369.0
407	206	1518368050.0
257	275	1518368089.0
224	352	1518368469.0
406	454	1518368494.0
240	19	1518375291.0
408	505	1518382109.0
252	149	1518382270.0
409	506	1518382478.0
410	57	1518383136.0
205	501	1518383319.0
411	257	1518385844.0
223	507	1518385971.0
411	58	1518386055.0
411	508	1518386384.0
411	71	1518386654.0
412	32	1518388578.0
339	477	1518388583.0
413	23	1518389671.0
413	47	1518390480.0
266	436	1518391003.0
178	372	1518391059.0
345	477	1518391368.0
345	262	1518391506.0
345	163	1518391921.0
1	509	1518393169.0
412	510	1518393436.0
139	2	1518395591.0
414	324	1518397833.0
414	32	1518398044.0
407	511	1518398947.0
415	84	1518400259.0
415	240	1518400302.0
264	135	1518401261.0
323	512	1518401672.0
293	180	1518401810.0
295	394	1518401979.0
416	247	1518402910.0
417	39	1518403063.0
416	184	1518403680.0
115	513	1518404124.0
416	48	1518405007.0
297	92	1518417865.0
274	10	1518419275.0
5	254	1518437054.0
37	500	1518441920.0
260	514	1518443215.0
320	41	1518444918.0
304	113	1518447642.0
149	370	1518448400.0
418	6	1518455943.0
199	499	1518461282.0
199	515	1518461527.0
33	187	1518463534.0
419	177	1518465564.0
420	248	1518468739.0
252	7	1518471292.0
19	242	1518472960.0
115	516	1518473637.0
191	517	1518474155.0
115	47	1518475263.0
294	518	1518484532.0
248	84	1518484580.0
248	4	1518485237.0
181	423	1518485676.0
320	2	1518489599.0
55	519	1518489924.0
320	520	1518489987.0
95	191	1518490161.0
200	346	1518490486.0
115	177	1518490838.0
419	266	1518492992.0
419	404	1518493147.0
419	287	1518493328.0
141	521	1518493411.0
278	64	1518526174.0
278	203	1518526275.0
278	355	1518526621.0
419	100	1518535898.0
419	522	1518536858.0
419	264	1518537032.0
392	120	1518540712.0
377	64	1518545083.0
377	520	1518545279.0
421	126	1518545827.0
421	152	1518546163.0
421	185	1518546811.0
163	275	1518547159.0
421	317	1518547162.0
165	297	1518547467.0
126	523	1518552657.0
35	223	1518554132.0
157	524	1518558343.0
246	29	1518558951.0
278	211	1518559141.0
278	76	1518559524.0
278	28	1518559626.0
278	179	1518560011.0
278	525	1518560121.0
278	238	1518560252.0
278	351	1518560402.0
375	295	1518561020.0
35	526	1518561913.0
375	425	1518562301.0
218	352	1518562810.0
377	351	1518564851.0
246	251	1518567664.0
246	106	1518569370.0
213	3	1518569383.0
63	284	1518569651.0
422	20	1518580426.0
222	393	1518615566.0
423	394	1518616750.0
423	190	1518617083.0
423	28	1518617176.0
424	41	1518619420.0
19	100	1518621563.0
106	351	1518622865.0
425	386	1518624768.0
373	36	1518624879.0
335	87	1518625071.0
425	177	1518625169.0
146	428	1518633585.0
232	505	1518634491.0
426	273	1518635875.0
426	380	1518636087.0
146	524	1518636319.0
281	527	1518637897.0
427	99	1518647022.0
427	57	1518647104.0
146	9	1518648238.0
199	528	1518650470.0
428	354	1518651228.0
407	115	1518662137.0
202	368	1518662755.0
407	170	1518662789.0
202	247	1518662946.0
422	107	1518664054.0
422	44	1518664905.0
413	84	1518665455.0
422	126	1518665552.0
104	17	1518666012.0
91	177	1518671705.0
145	281	1518675499.0
157	128	1518675831.0
4	242	1518707741.0
126	218	1518708412.0
392	28	1518709419.0
77	378	1518709719.0
77	170	1518712256.0
429	4	1518713120.0
22	529	1518714244.0
85	530	1518715938.0
188	510	1518716985.0
188	434	1518717601.0
126	100	1518718268.0
430	19	1518722094.0
431	414	1518723862.0
39	2	1518729184.0
252	531	1518731687.0
293	267	1518732267.0
432	152	1518734451.0
10	332	1518738641.0
115	88	1518742242.0
350	532	1518742511.0
340	179	1518742617.0
339	101	1518742965.0
22	201	1518744195.0
62	39	1518746044.0
79	378	1518750326.0
419	387	1518755194.0
419	206	1518755254.0
419	192	1518755422.0
419	533	1518755562.0
419	534	1518755781.0
419	12	1518756061.0
419	535	1518756271.0
419	536	1518756432.0
419	198	1518756709.0
419	21	1518756791.0
433	131	1518770516.0
68	39	1518784655.0
68	206	1518784700.0
68	436	1518785200.0
128	469	1518791139.0
258	537	1518795673.0
172	214	1518800679.0
128	20	1518804193.0
340	44	1518812114.0
57	538	1518812334.0
252	84	1518813191.0
81	67	1518813890.0
281	424	1518815004.0
252	370	1518817496.0
252	539	1518817727.0
243	466	1518820708.0
328	299	1518821692.0
432	60	1518821767.0
432	213	1518822080.0
328	465	1518822191.0
328	540	1518822906.0
328	198	1518823148.0
328	362	1518823545.0
328	264	1518824075.0
328	211	1518824751.0
328	341	1518825203.0
434	470	1518825508.0
136	541	1518828477.0
136	31	1518828990.0
13	53	1518833359.0
350	342	1518835101.0
414	181	1518836411.0
85	467	1518838772.0
435	414	1518840589.0
435	48	1518840825.0
243	341	1518842187.0
16	405	1518844531.0
318	341	1518844977.0
298	10	1518848760.0
193	341	1518860293.0
275	81	1518870736.0
23	338	1518878608.0
252	348	1518879493.0
181	251	1518879568.0
181	177	1518879633.0
188	20	1518880013.0
86	435	1518881316.0
241	108	1518882575.0
241	30	1518882689.0
241	2	1518882771.0
435	23	1518887069.0
32	214	1518887140.0
435	267	1518887577.0
435	236	1518888124.0
435	240	1518888409.0
214	31	1518888690.0
224	34	1518893322.0
377	244	1518893683.0
436	481	1518896384.0
79	261	1518897997.0
277	542	1518898926.0
255	319	1518899054.0
32	403	1518901219.0
182	245	1518901286.0
179	543	1518901540.0
32	127	1518901599.0
256	239	1518902140.0
437	265	1518910888.0
74	305	1518910914.0
437	544	1518911375.0
437	2	1518911739.0
74	331	1518911784.0
358	1	1518912188.0
437	31	1518912752.0
437	33	1518913522.0
413	284	1518914023.0
438	545	1518914425.0
437	546	1518914838.0
437	53	1518915092.0
403	325	1518916756.0
202	547	1518934262.0
439	24	1518936484.0
439	264	1518936767.0
181	548	1518957978.0
154	100	1518960219.0
304	157	1518964560.0
34	520	1518968678.0
324	308	1518969986.0
54	363	1518970400.0
324	493	1518970761.0
54	205	1518971265.0
54	549	1518971681.0
218	11	1518973678.0
252	101	1518975331.0
207	345	1518977342.0
440	31	1518978611.0
323	63	1518978728.0
441	39	1518981876.0
323	36	1518982070.0
263	317	1518984501.0
409	145	1518984520.0
325	268	1518984810.0
326	452	1518985427.0
366	57	1518991238.0
208	378	1518991520.0
169	62	1518993519.0
279	89	1518994308.0
85	422	1518996619.0
442	342	1518997552.0
443	120	1518997562.0
443	143	1518997680.0
443	41	1518997801.0
443	140	1518997890.0
443	541	1518997975.0
443	199	1518998087.0
443	247	1518998220.0
443	550	1518998330.0
181	186	1518999339.0
444	120	1518999737.0
151	346	1519004450.0
199	488	1519005487.0
204	24	1519005916.0
445	404	1519006275.0
204	468	1519006945.0
445	204	1519007733.0
444	50	1519007979.0
444	143	1519008109.0
444	247	1519008298.0
444	41	1519009088.0
444	541	1519009240.0
52	325	1519009407.0
444	140	1519009468.0
444	394	1519009579.0
52	5	1519009957.0
444	284	1519010684.0
444	199	1519010865.0
445	337	1519010966.0
380	160	1519011988.0
409	334	1519012486.0
446	551	1519013245.0
212	355	1519014127.0
212	84	1519014281.0
92	544	1519015047.0
447	291	1519017264.0
278	354	1519043011.0
278	2	1519043115.0
278	43	1519043408.0
149	341	1519048599.0
40	168	1519051160.0
55	164	1519054447.0
14	547	1519056795.0
39	161	1519056829.0
103	195	1519059389.0
183	151	1519062711.0
448	160	1519064922.0
448	503	1519065560.0
40	271	1519069971.0
139	264	1519070529.0
139	175	1519071720.0
449	18	1519072088.0
284	152	1519072351.0
340	552	1519077667.0
172	368	1519077922.0
71	57	1519079630.0
71	20	1519079987.0
91	430	1519080761.0
172	546	1519081401.0
450	410	1519082035.0
451	345	1519082084.0
450	488	1519082612.0
435	184	1519083847.0
447	349	1519085083.0
452	553	1519085717.0
452	303	1519087328.0
453	88	1519087899.0
454	131	1519091101.0
454	554	1519091357.0
454	147	1519091589.0
455	555	1519092815.0
138	12	1519094293.0
210	201	1519095002.0
71	503	1519100336.0
145	102	1519106826.0
311	327	1519111564.0
456	2	1519132953.0
457	556	1519135669.0
39	11	1519139574.0
458	185	1519139942.0
459	341	1519141099.0
454	269	1519141865.0
115	69	1519147462.0
40	557	1519147940.0
263	417	1519150298.0
460	114	1519151085.0
197	228	1519151197.0
460	177	1519151216.0
197	497	1519151735.0
197	358	1519151845.0
461	350	1519151849.0
461	137	1519152333.0
197	293	1519152586.0
228	236	1519155887.0
461	20	1519156415.0
462	479	1519157424.0
461	369	1519157617.0
461	368	1519158017.0
463	317	1519158440.0
340	447	1519161680.0
340	245	1519162396.0
411	206	1519163514.0
464	117	1519164727.0
464	36	1519165924.0
465	558	1519167339.0
246	108	1519170014.0
466	21	1519173921.0
298	443	1519184358.0
110	532	1519194696.0
447	266	1519199156.0
467	275	1519219160.0
377	20	1519223110.0
377	206	1519223249.0
377	24	1519223342.0
467	132	1519225624.0
333	559	1519228076.0
468	560	1519234689.0
59	92	1519238177.0
191	95	1519240216.0
340	459	1519241642.0
85	366	1519241795.0
340	24	1519243312.0
340	1	1519244398.0
421	153	1519245312.0
180	85	1519245327.0
437	293	1519246473.0
421	276	1519251069.0
358	278	1519256789.0
161	561	1519272797.0
454	378	1519273746.0
282	177	1519296908.0
403	499	1519299150.0
199	226	1519303537.0
288	39	1519306866.0
215	6	1519309954.0
469	562	1519314406.0
469	525	1519315882.0
82	268	1519316761.0
19	394	1519318589.0
115	311	1519319263.0
459	331	1519322361.0
311	47	1519325139.0
411	137	1519325993.0
470	37	1519326495.0
227	118	1519326739.0
411	0	1519326912.0
332	200	1519330687.0
243	101	1519332319.0
471	139	1519335959.0
454	160	1519338170.0
391	563	1519338324.0
391	544	1519338440.0
391	564	1519339552.0
472	120	1519343879.0
473	198	1519343929.0
441	41	1519344435.0
75	26	1519353829.0
140	309	1519355201.0
124	289	1519358141.0
474	283	1519359574.0
475	84	1519359826.0
474	177	1519360426.0
474	302	1519361833.0
92	2	1519363242.0
370	414	1519399706.0
327	235	1519403411.0
12	492	1519403648.0
42	20	1519403839.0
421	520	1519403848.0
421	157	1519403919.0
218	486	1519404429.0
402	23	1519410680.0
379	375	1519410697.0
402	58	1519410900.0
273	420	1519425922.0
433	293	1519428502.0
411	301	1519429431.0
131	71	1519432291.0
51	482	1519437129.0
136	72	1519437311.0
476	565	1519438929.0
476	152	1519439078.0
476	363	1519439285.0
476	129	1519440591.0
477	44	1519442604.0
85	547	1519444624.0
447	515	1519446228.0
71	30	1519446708.0
352	416	1519448932.0
124	79	1519453474.0
352	206	1519468045.0
478	23	1519481079.0
369	566	1519482670.0
218	96	1519482929.0
178	567	1519487156.0
120	135	1519488500.0
120	31	1519488852.0
120	201	1519488975.0
479	568	1519489370.0
464	60	1519494453.0
480	407	1519494471.0
273	378	1519495683.0
273	2	1519496159.0
432	152	1519497641.0
312	140	1519498910.0
392	15	1519499944.0
161	542	1519502062.0
75	569	1519502449.0
324	206	1519506128.0
414	570	1519506439.0
414	288	1519506666.0
481	264	1519507860.0
115	378	1519507926.0
85	61	1519510185.0
10	233	1519513717.0
470	230	1519520704.0
289	512	1519524170.0
289	266	1519524365.0
454	20	1519527945.0
329	571	1519567547.0
482	572	1519569774.0
482	334	1519570022.0
482	266	1519570513.0
272	56	1519572885.0
155	32	1519574090.0
151	573	1519574268.0
339	456	1519576094.0
269	574	1519577404.0
252	100	1519578327.0
483	95	1519580890.0
466	57	1519581452.0
466	23	1519581627.0
466	206	1519581778.0
484	556	1519586841.0
273	317	1519587994.0
312	98	1519588027.0
457	31	1519589037.0
68	179	1519591797.0
68	575	1519592089.0
201	267	1519594380.0
478	214	1519595476.0
161	108	1519596152.0
115	74	1519598588.0
408	521	1519599083.0
175	181	1519599454.0
485	31	1519601893.0
403	282	1519602971.0
403	142	1519603050.0
412	576	1519603779.0
486	577	1519607670.0
55	449	1519608196.0
294	133	1519608686.0
487	101	1519609788.0
487	226	1519609905.0
403	578	1519610283.0
487	89	1519610327.0
403	26	1519610345.0
175	327	1519611928.0
488	575	1519612341.0
330	238	1519613043.0
489	101	1519613283.0
75	80	1519614503.0
0	579	1519614796.0
22	54	1519616946.0
22	137	1519617338.0
340	580	1519617631.0
81	286	1519649673.0
458	581	1519654147.0
126	114	1519654671.0
280	400	1519656986.0
421	415	1519657128.0
39	379	1519658147.0
39	502	1519658319.0
483	58	1519659517.0
13	17	1519660431.0
456	336	1519663632.0
456	416	1519663782.0
456	179	1519664272.0
456	387	1519665923.0
59	403	1519666806.0
456	437	1519669189.0
55	257	1519670594.0
345	437	1519672500.0
456	248	1519672586.0
204	43	1519674638.0
461	354	1519674846.0
456	21	1519676308.0
59	428	1519676350.0
483	354	1519676495.0
247	266	1519677610.0
379	317	1519679768.0
490	2	1519681821.0
490	102	1519682234.0
167	413	1519683865.0
491	201	1519685458.0
163	582	1519691320.0
456	177	1519691523.0
172	227	1519698337.0
22	219	1519700453.0
22	580	1519701196.0
419	354	1519705445.0
355	583	1519710618.0
156	584	1519720078.0
156	264	1519722365.0
433	179	1519725383.0
433	30	1519725533.0
433	87	1519725881.0
285	585	1519736005.0
269	574	1519737980.0
13	275	1519744891.0
55	310	1519749532.0
199	410	1519750013.0
461	342	1519758522.0
486	330	1519759743.0
461	29	1519759831.0
88	132	1519760494.0
40	504	1519761967.0
492	30	1519762015.0
493	582	1519762587.0
250	133	1519763031.0
250	586	1519763142.0
494	271	1519767388.0
494	177	1519767529.0
456	24	1519772959.0
74	275	1519777212.0
456	191	1519780017.0
115	216	1519780696.0
359	372	1519783201.0
416	485	1519783990.0
413	363	1519795258.0
495	413	1519800996.0
199	560	1519820595.0
4	240	1519827078.0
30	330	1519828557.0
25	287	1519830962.0
292	103	1519833642.0
145	407	1519833882.0
40	56	1519834633.0
145	587	1519835094.0
380	17	1519838720.0
380	273	1519838960.0
228	287	1519840865.0
496	201	1519840888.0
456	491	1519844253.0
456	588	1519844894.0
497	30	1519845395.0
498	160	1519845475.0
424	374	1519845842.0
499	31	1519854806.0
499	198	1519855997.0
499	375	1519857228.0
499	34	1519858136.0
499	557	1519858415.0
499	211	1519858710.0
499	206	1519859221.0
500	31	1519860033.0
499	24	1519860673.0
499	45	1519861500.0
499	108	1519862093.0
325	589	1519862592.0
499	295	1519863268.0
499	113	1519863866.0
327	530	1519872678.0
255	247	1519873005.0
339	16	1519873434.0
374	333	1519885872.0
134	29	1519911653.0
426	326	1519915513.0
456	264	1519916045.0
327	38	1519916584.0
352	519	1519916927.0
327	131	1519917217.0
228	292	1519918769.0
282	113	1519921390.0
327	28	1519925364.0
340	515	1519926146.0
501	160	1519931154.0
382	272	1519932674.0
178	348	1519936067.0
178	547	1519936178.0
70	551	1519937078.0
502	67	1519941435.0
502	57	1519941870.0
290	160	1519944604.0
440	317	1519944896.0
454	113	1519945067.0
440	428	1519945099.0
440	57	1519945198.0
1	270	1519950959.0
503	34	1519953946.0
503	590	1519954057.0
503	177	1519954356.0
483	305	1519954823.0
297	265	1519960703.0
95	160	1519961059.0
490	505	1519966809.0
492	210	1520003114.0
80	325	1520011420.0
80	366	1520011674.0
238	257	1520012128.0
456	254	1520013316.0
504	23	1520013371.0
476	275	1520021857.0
178	416	1520023994.0
113	17	1520027104.0
252	41	1520027295.0
174	31	1520029315.0
492	428	1520031628.0
505	591	1520041326.0
506	507	1520043085.0
507	276	1520085312.0
224	113	1520087158.0
507	378	1520088053.0
372	225	1520088345.0
508	592	1520090022.0
507	307	1520092478.0
509	328	1520095039.0
189	186	1520095389.0
509	429	1520095598.0
55	475	1520095737.0
509	240	1520095922.0
509	593	1520096063.0
507	523	1520096356.0
92	268	1520102027.0
298	544	1520105081.0
507	464	1520108756.0
55	503	1520110680.0
507	212	1520111259.0
507	24	1520112010.0
207	98	1520116587.0
350	112	1520118938.0
88	336	1520120589.0
504	131	1520121805.0
483	6	1520122134.0
487	57	1520122867.0
285	594	1520125526.0
503	270	1520125895.0
504	470	1520127036.0
242	432	1520128459.0
231	281	1520130140.0
231	107	1520132252.0
269	328	1520132464.0
440	160	1520138333.0
181	44	1520165392.0
181	112	1520165640.0
199	277	1520174309.0
73	41	1520174957.0
34	584	1520175581.0
34	595	1520176566.0
392	17	1520177959.0
510	199	1520178661.0
511	41	1520179130.0
30	0	1520181185.0
355	92	1520181318.0
224	479	1520181702.0
494	135	1520182794.0
494	106	1520182966.0
375	9	1520182972.0
512	61	1520183414.0
482	149	1520185015.0
202	376	1520186067.0
5	41	1520188226.0
507	27	1520189905.0
232	175	1520191482.0
513	445	1520192359.0
366	269	1520193476.0
507	112	1520193549.0
238	479	1520194043.0
513	596	1520194068.0
496	143	1520194348.0
496	262	1520194630.0
454	354	1520195929.0
282	382	1520196331.0
120	60	1520200784.0
120	597	1520201076.0
202	135	1520203701.0
132	469	1520203806.0
2	36	1520203836.0
452	517	1520205199.0
452	440	1520205798.0
174	36	1520207243.0
34	108	1520209540.0
34	98	1520210611.0
440	275	1520210853.0
503	385	1520211145.0
514	181	1520221541.0
515	598	1520230783.0
515	151	1520230994.0
92	369	1520231927.0
515	527	1520239621.0
91	449	1520246419.0
516	599	1520252830.0
516	391	1520253012.0
227	55	1520257231.0
227	261	1520257876.0
126	95	1520260688.0
265	460	1520260844.0
231	420	1520262274.0
228	17	1520264161.0
517	503	1520264960.0
34	2	1520265242.0
517	2	1520265305.0
34	318	1520265499.0
517	264	1520265538.0
517	282	1520265713.0
517	56	1520266360.0
34	311	1520266404.0
517	28	1520266566.0
517	283	1520268024.0
461	378	1520268465.0
223	332	1520270211.0
4	600	1520271478.0
134	125	1520274216.0
134	601	1520274642.0
518	370	1520275274.0
518	390	1520275730.0
188	145	1520276146.0
177	602	1520276181.0
188	23	1520276384.0
252	257	1520276621.0
188	71	1520276675.0
40	245	1520277831.0
519	603	1520278489.0
384	349	1520278809.0
490	84	1520280309.0
490	198	1520280429.0
490	203	1520280557.0
67	359	1520281731.0
364	216	1520282329.0
39	195	1520282496.0
280	139	1520282518.0
292	502	1520285447.0
391	604	1520285795.0
391	223	1520286058.0
340	359	1520288901.0
91	587	1520300223.0
69	605	1520302511.0
250	523	1520302811.0
69	245	1520303207.0
242	149	1520305109.0
114	136	1520312049.0
232	576	1520340504.0
40	366	1520347128.0
421	326	1520347366.0
421	606	1520347738.0
461	183	1520359131.0
88	372	1520360901.0
520	161	1520368421.0
225	110	1520369620.0
225	170	1520369700.0
225	177	1520369834.0
520	607	1520371353.0
278	311	1520374794.0
278	397	1520375218.0
226	336	1520385846.0
226	261	1520386216.0
226	87	1520387530.0
69	186	1520391933.0
71	107	1520392418.0
51	327	1520393439.0
436	57	1520395346.0
144	435	1520397930.0
492	162	1520433806.0
80	416	1520435741.0
271	556	1520436440.0
405	608	1520437513.0
405	5	1520437735.0
172	256	1520441792.0
363	609	1520444752.0
456	105	1520447134.0
418	272	1520447392.0
323	150	1520447944.0
458	252	1520449457.0
257	402	1520450839.0
311	582	1520451023.0
521	424	1520451456.0
522	125	1520452750.0
522	610	1520454260.0
443	201	1520454296.0
443	211	1520454415.0
443	24	1520454531.0
443	284	1520454645.0
443	206	1520454740.0
247	394	1520456284.0
456	519	1520457166.0
69	404	1520457265.0
522	611	1520457685.0
63	460	1520458748.0
63	321	1520458977.0
522	612	1520461083.0
522	419	1520462107.0
124	296	1520462335.0
276	36	1520462395.0
522	317	1520462667.0
366	266	1520471049.0
505	295	1520471060.0
201	167	1520471457.0
523	244	1520481107.0
210	583	1520483052.0
102	2	1520484468.0
375	41	1520493663.0
375	336	1520493892.0
278	30	1520512232.0
496	99	1520514788.0
423	613	1520516288.0
392	614	1520520349.0
165	85	1520520801.0
382	615	1520523174.0
483	250	1520525007.0
69	616	1520528908.0
139	53	1520531612.0
524	617	1520531620.0
108	47	1520535158.0
108	247	1520535399.0
69	39	1520539162.0
340	484	1520541818.0
178	468	1520544479.0
381	239	1520545865.0
91	76	1520546862.0
290	314	1520551031.0
176	194	1520551415.0
19	511	1520555559.0
525	435	1520557717.0
525	185	1520561576.0
255	36	1520565705.0
269	331	1520568989.0
298	549	1520569031.0
278	34	1520599685.0
227	106	1520601781.0
526	31	1520602622.0
264	517	1520603834.0
246	414	1520604570.0
494	306	1520606796.0
525	618	1520609344.0
527	619	1520613822.0
135	61	1520614127.0
135	490	1520615999.0
242	491	1520616820.0
528	58	1520617880.0
135	179	1520617934.0
331	16	1520618032.0
259	179	1520621929.0
69	501	1520622673.0
529	317	1520623148.0
529	201	1520623367.0
85	89	1520624853.0
517	270	1520628088.0
517	620	1520628466.0
525	6	1520632478.0
528	619	1520633004.0
530	417	1520633432.0
81	36	1520635907.0
242	10	1520643854.0
525	316	1520644845.0
60	509	1520646042.0
116	274	1520646875.0
350	423	1520649127.0
435	106	1520658607.0
435	84	1520659422.0
435	363	1520660244.0
481	85	1520661545.0
435	427	1520662981.0
435	57	1520663749.0
435	30	1520664728.0
369	241	1520685481.0
204	4	1520685731.0
507	267	1520690491.0
507	113	1520691532.0
507	5	1520692577.0
233	20	1520695750.0
357	621	1520697565.0
357	618	1520699385.0
174	36	1520703939.0
435	326	1520704011.0
531	622	1520704301.0
122	76	1520710154.0
532	32	1520715634.0
392	267	1520717308.0
525	515	1520728611.0
357	204	1520729223.0
533	371	1520733284.0
12	276	1520733512.0
2	623	1520733647.0
113	193	1520735459.0
161	348	1520735574.0
12	215	1520735758.0
161	147	1520736043.0
12	131	1520736643.0
161	14	1520737099.0
426	206	1520737654.0
350	239	1520740648.0
60	160	1520742239.0
16	264	1520773636.0
16	71	1520773782.0
16	20	1520774160.0
245	264	1520774595.0
534	287	1520775838.0
534	68	1520776303.0
456	126	1520782490.0
325	624	1520785028.0
139	92	1520785128.0
139	605	1520786237.0
519	480	1520789955.0
362	317	1520800499.0
283	94	1520805424.0
524	481	1520806652.0
70	370	1520809060.0
70	175	1520810450.0
535	116	1520811096.0
445	286	1520813816.0
339	203	1520814628.0
0	529	1520814681.0
446	625	1520815320.0
172	233	1520817368.0
536	239	1520818875.0
478	626	1520819560.0
441	619	1520819780.0
441	31	1520819844.0
441	627	1520819920.0
441	360	1520820309.0
300	417	1520825559.0
343	157	1520837982.0
343	410	1520838025.0
343	31	1520838206.0
95	242	1520850196.0
537	138	1520852750.0
537	135	1520853028.0
228	287	1520860354.0
538	23	1520863096.0
461	60	1520868597.0
367	125	1520869479.0
461	102	1520869543.0
367	612	1520869775.0
219	369	1520871986.0
39	628	1520872006.0
39	56	1520872237.0
539	120	1520875867.0
539	108	1520876125.0
539	7	1520876866.0
222	78	1520877707.0
44	525	1520878352.0
222	157	1520878389.0
457	629	1520879535.0
253	86	1520882205.0
540	513	1520882790.0
340	484	1520882921.0
308	446	1520884435.0
107	630	1520885653.0
134	314	1520886135.0
96	225	1520894167.0
515	514	1520894419.0
115	37	1520897113.0
541	10	1520899256.0
541	623	1520899597.0
542	191	1520902029.0
69	98	1520904955.0
95	266	1520905854.0
69	513	1520905947.0
515	38	1520906121.0
22	444	1520908442.0
370	430	1520913309.0
183	251	1520939044.0
124	203	1520941642.0
154	360	1520942059.0
154	619	1520942745.0
279	537	1520943935.0
515	530	1520945446.0
340	362	1520946031.0
25	59	1520948072.0
399	2	1520950054.0
399	206	1520950171.0
14	489	1520952485.0
543	598	1520954818.0
544	226	1520956858.0
544	249	1520957791.0
228	309	1520963227.0
459	369	1520964035.0
459	334	1520965282.0
436	576	1520971125.0
68	268	1520971859.0
545	423	1520972037.0
382	232	1520973065.0
278	367	1520975761.0
246	140	1520978647.0
117	426	1520980012.0
546	67	1520980374.0
541	410	1520980794.0
452	551	1520982356.0
509	189	1520984789.0
515	98	1520988243.0
547	611	1520989060.0
390	631	1520990545.0
340	379	1520990612.0
411	135	1520990877.0
411	305	1520991380.0
230	89	1520991426.0
325	194	1520991891.0
411	267	1520992860.0
411	632	1520993015.0
411	354	1520993350.0
411	633	1520994026.0
162	190	1520994145.0
411	627	1520994835.0
297	556	1520998697.0
524	248	1521001083.0
300	201	1521008209.0
544	376	1521018987.0
134	556	1521035766.0
14	125	1521044195.0
14	36	1521045983.0
518	211	1521047023.0
283	58	1521048731.0
19	328	1521049431.0
252	472	1521054345.0
419	121	1521057248.0
317	372	1521057362.0
458	623	1521059307.0
518	58	1521060663.0
340	471	1521063737.0
525	359	1521066590.0
529	43	1521067300.0
548	266	1521068113.0
436	443	1521070192.0
525	67	1521070877.0
436	634	1521071060.0
242	67	1521078383.0
50	449	1521082764.0
287	0	1521084163.0
549	601	1521087884.0
549	457	1521088280.0
343	57	1521092406.0
343	211	1521092810.0
343	411	1521092853.0
343	618	1521093053.0
343	387	1521093123.0
343	154	1521093409.0
343	507	1521093668.0
343	155	1521093894.0
343	192	1521094131.0
343	520	1521094183.0
343	36	1521094338.0
343	83	1521094574.0
343	377	1521094670.0
550	635	1521103797.0
550	205	1521103983.0
550	135	1521104182.0
238	570	1521110404.0
227	41	1521116727.0
40	77	1521118252.0
164	24	1521125302.0
39	619	1521129218.0
551	36	1521129503.0
422	266	1521130139.0
419	183	1521136092.0
419	201	1521136278.0
19	636	1521142059.0
376	17	1521142694.0
392	30	1521144483.0
432	227	1521145474.0
411	372	1521146429.0
454	420	1521147802.0
443	212	1521151410.0
443	464	1521153120.0
443	50	1521153253.0
432	152	1521153380.0
248	340	1521154142.0
248	147	1521154986.0
432	47	1521157614.0
71	637	1521157974.0
279	449	1521158371.0
529	97	1521160485.0
468	223	1521161529.0
539	113	1521162154.0
539	186	1521162427.0
539	1	1521164684.0
189	378	1521165870.0
152	582	1521166085.0
189	391	1521166328.0
242	129	1521168792.0
242	135	1521169727.0
280	100	1521170915.0
549	638	1521192071.0
183	268	1521193998.0
223	256	1521210797.0
419	161	1521214386.0
10	270	1521224250.0
19	37	1521230889.0
515	427	1521233142.0
552	341	1521237756.0
14	334	1521238161.0
14	84	1521240634.0
500	511	1521241192.0
553	629	1521244593.0
553	556	1521244784.0
454	107	1521250824.0
248	528	1521251498.0
442	639	1521255657.0
481	417	1521259721.0
554	267	1521260261.0
554	329	1521260406.0
554	278	1521260515.0
554	429	1521260645.0
554	373	1521260909.0
554	469	1521261804.0
555	372	1521270939.0
320	160	1521285104.0
153	593	1521293641.0
556	108	1521294436.0
507	327	1521294756.0
32	372	1521294814.0
32	41	1521295186.0
16	211	1521297276.0
278	197	1521303679.0
441	234	1521304171.0
473	594	1521304949.0
435	449	1521305274.0
392	23	1521306963.0
19	341	1521309536.0
10	20	1521309715.0
10	334	1521310201.0
269	465	1521313871.0
239	449	1521318248.0
262	57	1521319024.0
239	396	1521319150.0
239	456	1521320149.0
432	156	1521322277.0
500	114	1521323619.0
399	43	1521328973.0
399	6	1521329346.0
432	243	1521331749.0
557	309	1521332565.0
366	120	1521334846.0
558	399	1521337070.0
414	625	1521338722.0
52	300	1521338806.0
115	514	1521342628.0
32	479	1521344091.0
233	327	1521344289.0
239	24	1521376391.0
540	126	1521378630.0
184	369	1521379163.0
173	400	1521379835.0
68	179	1521379940.0
160	433	1521381366.0
160	84	1521381749.0
224	116	1521382463.0
358	560	1521385908.0
358	278	1521386064.0
113	175	1521387966.0
142	607	1521389430.0
258	97	1521392965.0
178	276	1521399552.0
75	120	1521404075.0
75	640	1521405238.0
178	387	1521410886.0
105	365	1521413876.0
263	317	1521420971.0
202	53	1521422728.0
102	465	1521422827.0
202	624	1521422892.0
202	641	1521423054.0
202	618	1521423224.0
419	642	1521423542.0
102	643	1521423638.0
102	354	1521424031.0
102	7	1521425902.0
267	556	1521427143.0
418	365	1521427768.0
540	340	1521430608.0
157	141	1521437435.0
109	205	1521448861.0
41	637	1521458448.0
559	350	1521467515.0
560	49	1521468109.0
225	458	1521468591.0
60	418	1521469060.0
416	644	1521475001.0
416	21	1521475268.0
342	317	1521475430.0
416	598	1521475556.0
227	5	1521475631.0
416	216	1521475797.0
416	32	1521476203.0
483	331	1521476585.0
416	26	1521476778.0
540	106	1521477137.0
4	194	1521478567.0
340	278	1521480447.0
40	161	1521481462.0
126	573	1521482767.0
377	214	1521483772.0
126	132	1521484349.0
432	541	1521492913.0
432	112	1521493050.0
432	523	1521493236.0
432	118	1521495564.0
223	371	1521495609.0
366	90	1521498070.0
94	362	1521501734.0
94	256	1521502864.0
55	15	1521503297.0
213	365	1521504534.0
182	345	1521509532.0
561	348	1521511769.0
561	71	1521511883.0
561	354	1521512106.0
185	288	1521512355.0
75	135	1521512404.0
178	578	1521513879.0
489	414	1521518891.0
555	449	1521521045.0
555	276	1521522916.0
432	152	1521545454.0
37	514	1521546259.0
488	390	1521548054.0
488	410	1521548363.0
488	417	1521548500.0
488	379	1521548644.0
562	57	1521551239.0
562	89	1521552185.0
498	391	1521556088.0
498	148	1521558027.0
432	454	1521564156.0
19	5	1521568712.0
0	247	1521580415.0
0	173	1521582845.0
330	446	1521583069.0
563	17	1521584058.0
563	108	1521584633.0
563	230	1521585515.0
563	645	1521585998.0
564	188	1521587565.0
432	220	1521588363.0
492	646	1521592114.0
436	257	1521596269.0
563	86	1521596365.0
38	632	1521596968.0
308	509	1521597544.0
38	205	1521597879.0
308	647	1521598610.0
487	648	1521600205.0
563	122	1521602843.0
279	108	1521607738.0
403	191	1521633288.0
75	356	1521633635.0
339	428	1521640706.0
264	253	1521640895.0
310	283	1521642736.0
239	524	1521648560.0
250	44	1521652030.0
71	319	1521652763.0
223	560	1521653074.0
498	368	1521655682.0
325	84	1521659336.0
461	203	1521660661.0
63	58	1521660744.0
507	44	1521663202.0
179	449	1521664923.0
179	649	1521665230.0
80	99	1521666553.0
387	188	1521666806.0
6	477	1521667194.0
349	343	1521668877.0
419	371	1521669090.0
349	332	1521669274.0
162	255	1521671695.0
145	44	1521677546.0
411	253	1521682430.0
503	167	1521683429.0
411	325	1521683589.0
523	88	1521683741.0
110	481	1521699740.0
308	650	1521721048.0
308	131	1521721924.0
254	353	1521730895.0
377	206	1521732548.0
160	250	1521733463.0
308	423	1521747252.0
228	517	1521749483.0
248	160	1521755304.0
194	206	1521756742.0
194	57	1521756903.0
194	31	1521756957.0
565	510	1521759011.0
566	513	1521763152.0
419	372	1521765632.0
141	452	1521767527.0
525	547	1521769125.0
567	651	1521769396.0
555	652	1521780200.0
568	379	1521795719.0
568	296	1521796112.0
21	136	1521801569.0
424	66	1521805825.0
181	227	1521806373.0
569	446	1521812632.0
286	31	1521813901.0
570	598	1521824776.0
153	31	1521825741.0
340	611	1521829212.0
566	30	1521830111.0
369	43	1521834296.0
524	239	1521837165.0
97	595	1521837345.0
97	653	1521838052.0
257	160	1521838077.0
257	305	1521838541.0
566	654	1521840702.0
566	221	1521842193.0
308	383	1521842440.0
308	381	1521843879.0
106	92	1521846310.0
393	652	1521852987.0
393	90	1521853491.0
85	365	1521854920.0
61	5	1521855746.0
61	634	1521855974.0
61	655	1521856560.0
61	532	1521857307.0
160	296	1521857501.0
259	256	1521858052.0
178	64	1521899669.0
358	59	1521899960.0
72	43	1521904523.0
432	206	1521908822.0
432	166	1521909509.0
4	656	1521910178.0
152	256	1521910223.0
482	486	1521912300.0
482	478	1521912998.0
115	651	1521914907.0
562	112	1521918394.0
570	630	1521919100.0
324	285	1521922221.0
409	332	1521922768.0
566	586	1521923215.0
566	464	1521923310.0
369	492	1521924777.0
432	534	1521926810.0
308	422	1521928629.0
308	484	1521929331.0
566	295	1521929583.0
358	402	1521929877.0
0	602	1521931811.0
233	537	1521932446.0
335	449	1521932911.0
571	143	1521935211.0
572	284	1521938111.0
573	335	1521940296.0
566	27	1521941610.0
78	239	1521942819.0
78	32	1521942896.0
87	44	1521942973.0
455	657	1521944444.0
101	48	1521947990.0
233	350	1521952703.0
409	268	1521954261.0
464	48	1521977197.0
107	244	1521980021.0
117	373	1521980458.0
181	582	1521981692.0
507	147	1521985888.0
507	323	1521986962.0
574	143	1521987499.0
520	579	1521989192.0
520	206	1521989314.0
6	57	1521989571.0
419	477	1521989661.0
574	501	1521989751.0
392	138	1521991156.0
405	50	1521995708.0
335	132	1521995726.0
405	20	1521995827.0
405	201	1521995974.0
204	41	1521998473.0
566	108	1521998701.0
566	658	1521999162.0
204	652	1521999919.0
130	35	1522001150.0
242	289	1522003793.0
305	264	1522005008.0
321	488	1522007214.0
161	659	1522007503.0
524	152	1522010351.0
345	338	1522012043.0
70	359	1522014312.0
161	660	1522016447.0
441	335	1522018323.0
75	598	1522018737.0
62	409	1522019048.0
570	130	1522019729.0
552	400	1522019842.0
552	57	1522020064.0
552	179	1522020179.0
575	29	1522025326.0
485	577	1522025501.0
445	177	1522027285.0
485	68	1522027573.0
576	458	1522028136.0
576	41	1522028195.0
573	179	1522028772.0
573	21	1522028895.0
407	34	1522029363.0
445	512	1522029727.0
223	580	1522029820.0
445	89	1522030586.0
524	372	1522031154.0
409	290	1522031195.0
445	341	1522031331.0
445	229	1522032107.0
445	661	1522032657.0
445	303	1522033423.0
576	309	1522037471.0
570	498	1522069398.0
577	261	1522070256.0
577	635	1522071065.0
483	350	1522072859.0
254	24	1522073344.0
64	625	1522075820.0
461	400	1522076342.0
446	274	1522077820.0
446	605	1522078199.0
208	338	1522079038.0
60	394	1522083211.0
371	612	1522085286.0
133	263	1522085961.0
133	108	1522089127.0
40	445	1522089886.0
324	144	1522089985.0
393	662	1522093060.0
578	650	1522093170.0
579	27	1522095168.0
579	370	1522095214.0
579	110	1522095844.0
411	228	1522097577.0
216	42	1522104997.0
417	84	1522112084.0
352	410	1522115060.0
580	528	1522115199.0
85	663	1522119699.0
340	477	1522121838.0
412	582	1522122087.0
412	476	1522123017.0
54	114	1522131532.0
54	77	1522131878.0
464	331	1522149510.0
570	41	1522154319.0
19	528	1522158102.0
60	443	1522162090.0
579	236	1522162747.0
214	28	1522163271.0
215	413	1522164718.0
424	343	1522165916.0
129	664	1522167606.0
223	32	1522172139.0
141	34	1522173475.0
228	449	1522180759.0
312	271	1522188338.0
411	5	1522188584.0
581	206	1522189597.0
14	17	1522191136.0
581	43	1522192585.0
581	469	1522193448.0
85	515	1522197258.0
582	665	1522197556.0
281	77	1522202531.0
281	666	1522203716.0
127	667	1522208582.0
583	108	1522232725.0
583	269	1522233248.0
435	612	1522239881.0
570	188	1522240631.0
435	179	1522240670.0
392	612	1522241813.0
55	99	1522241872.0
55	245	1522242968.0
539	503	1522245402.0
539	278	1522245715.0
140	84	1522247223.0
140	464	1522247843.0
140	43	1522247912.0
140	445	1522247981.0
140	18	1522248038.0
140	177	1522248123.0
140	5	1522248240.0
140	272	1522248395.0
140	486	1522248455.0
140	0	1522248585.0
140	267	1522248642.0
140	140	1522248686.0
140	245	1522248872.0
140	16	1522248997.0
55	520	1522249088.0
140	404	1522249088.0
140	386	1522249257.0
140	89	1522249603.0
140	425	1522249709.0
140	354	1522249870.0
140	191	1522249977.0
140	668	1522250027.0
140	560	1522250129.0
140	362	1522250291.0
140	352	1522250709.0
140	171	1522250790.0
140	511	1522250862.0
140	256	1522250974.0
140	669	1522251019.0
140	521	1522251084.0
140	451	1522251161.0
140	666	1522251282.0
140	670	1522251428.0
140	259	1522251769.0
486	288	1522251844.0
140	303	1522251848.0
140	190	1522251898.0
140	258	1522251966.0
140	9	1522252167.0
140	671	1522252296.0
140	672	1522252624.0
344	21	1522256443.0
435	157	1522259067.0
37	318	1522260789.0
141	551	1522268294.0
287	490	1522272037.0
235	31	1522273035.0
454	5	1522277961.0
44	372	1522279613.0
44	203	1522281020.0
60	59	1522283834.0
79	84	1522284157.0
34	268	1522288478.0
34	473	1522288849.0
34	374	1522289373.0
91	673	1522293145.0
75	415	1522295161.0
570	206	1522329497.0
140	188	1522329664.0
324	346	1522330949.0
584	135	1522332451.0
207	188	1522335914.0
235	136	1522341657.0
574	260	1522350071.0
332	53	1522350262.0
215	539	1522357573.0
85	55	1522359860.0
256	357	1522364133.0
525	285	1522365671.0
325	184	1522366408.0
230	113	1522367183.0
205	20	1522368919.0
580	136	1522370953.0
408	242	1522371285.0
392	354	1522373666.0
369	559	1522377875.0
583	111	1522378334.0
102	674	1522378566.0
167	582	1522418046.0
200	330	1522418093.0
585	141	1522420190.0
585	36	1522421200.0
423	132	1522421493.0
483	420	1522422083.0
586	30	1522424809.0
71	328	1522426377.0
391	532	1522431436.0
391	675	1522432229.0
71	23	1522433145.0
549	73	1522433170.0
242	6	1522434271.0
200	104	1522437297.0
200	97	1522437402.0
200	449	1522437894.0
587	233	1522439921.0
587	348	1522440405.0
403	501	1522440948.0
403	485	1522441088.0
587	363	1522441318.0
435	211	1522442082.0
454	676	1522443334.0
435	228	1522443802.0
435	172	1522444609.0
588	581	1522447804.0
440	84	1522454865.0
536	520	1522456660.0
558	307	1522459313.0
102	69	1522462064.0
574	114	1522463087.0
366	434	1522463682.0
187	106	1522463997.0
105	131	1522464303.0
315	372	1522466121.0
75	239	1522466600.0
178	20	1522467960.0
127	311	1522472416.0
589	477	1522472715.0
127	394	1522472754.0
405	351	1522499185.0
60	283	1522506848.0
422	205	1522518105.0
570	677	1522521860.0
577	426	1522522663.0
392	41	1522529696.0
207	325	1522534703.0
325	589	1522535525.0
590	450	1522535772.0
590	567	1522536311.0
590	517	1522536655.0
590	105	1522537175.0
410	45	1522537768.0
590	678	1522537821.0
440	269	1522538588.0
583	582	1522539017.0
405	28	1522541159.0
432	679	1522541304.0
405	537	1522541388.0
405	177	1522541592.0
432	206	1522541850.0
49	275	1522542772.0
574	189	1522544306.0
568	303	1522547187.0
405	17	1522547339.0
568	638	1522547390.0
482	680	1522575086.0
591	141	1522589042.0
507	598	1522595169.0
507	26	1522595719.0
122	48	1522596958.0
507	156	1522597258.0
507	481	1522598342.0
300	201	1522603514.0
592	134	1522607532.0
593	6	1522608230.0
432	197	1522609734.0
405	76	1522611218.0
422	179	1522611719.0
409	400	1522612364.0
409	21	1522612587.0
122	651	1522612613.0
122	41	1522612831.0
157	346	1522613688.0
75	63	1522617071.0
413	75	1522617658.0
75	287	1522618668.0
75	147	1522619661.0
160	530	1522620437.0
160	77	1522620813.0
366	478	1522621319.0
160	246	1522621667.0
75	99	1522621986.0
366	628	1522622508.0
75	449	1522622877.0
536	32	1522623488.0
235	476	1522626069.0
64	275	1522627903.0
256	86	1522628788.0
240	225	1522629132.0
240	145	1522629229.0
594	39	1522630434.0
102	58	1522632921.0
139	187	1522637495.0
252	81	1522648500.0
252	283	1522649873.0
279	205	1522672385.0
82	513	1522672676.0
282	43	1522675148.0
400	131	1522680007.0
577	520	1522681152.0
577	579	1522681250.0
565	534	1522683233.0
163	520	1522687024.0
427	505	1522688164.0
498	539	1522689069.0
461	651	1522690797.0
285	136	1522693532.0
85	549	1522693759.0
419	378	1522694538.0
551	426	1522696270.0
498	354	1522697039.0
347	125	1522697509.0
169	60	1522698584.0
595	436	1522698809.0
595	570	1522699272.0
400	216	1522700215.0
419	275	1522700479.0
427	41	1522700823.0
427	32	1522701020.0
427	206	1522701102.0
427	160	1522701184.0
427	20	1522701393.0
427	26	1522701485.0
595	177	1522702457.0
156	357	1522703225.0
595	410	1522703382.0
427	510	1522703645.0
427	493	1522703760.0
427	201	1522703963.0
427	211	1522704070.0
427	38	1522704202.0
427	6	1522704524.0
427	592	1522704737.0
427	544	1522704875.0
427	530	1522704962.0
595	594	1522705107.0
574	352	1522708032.0
509	281	1522708618.0
509	58	1522708866.0
565	454	1522711416.0
163	147	1522712294.0
314	175	1522715698.0
596	56	1522716505.0
314	660	1522716664.0
534	25	1522724392.0
534	253	1522727457.0
252	198	1522728161.0
583	559	1522738645.0
597	681	1522740128.0
597	177	1522740594.0
570	57	1522761025.0
498	195	1522768977.0
459	594	1522770211.0
459	59	1522770952.0
90	682	1522772363.0
498	71	1522772405.0
435	6	1522775679.0
124	361	1522779401.0
373	160	1522779436.0
259	64	1522781399.0
199	626	1522782283.0
525	240	1522786736.0
525	514	1522787393.0
162	303	1522790274.0
148	127	1522793852.0
427	530	1522795404.0
583	372	1522806580.0
278	58	1522809323.0
247	413	1522809372.0
278	38	1522809578.0
252	61	1522817507.0
598	504	1522838710.0
21	17	1522842005.0
598	271	1522842240.0
599	683	1522843850.0
570	43	1522844179.0
85	395	1522847371.0
574	440	1522855441.0
139	188	1522859558.0
574	684	1522860433.0
498	468	1522860885.0
220	685	1522861294.0
90	56	1522861896.0
574	686	1522862055.0
426	687	1522863905.0
86	20	1522864076.0
405	326	1522865797.0
374	207	1522866811.0
544	517	1522870273.0
544	374	1522870562.0
30	341	1522871064.0
307	266	1522871405.0
30	201	1522871916.0
565	237	1522873706.0
454	108	1522874269.0
565	331	1522875441.0
218	688	1522879047.0
600	406	1522882902.0
229	562	1522886817.0
229	689	1522887184.0
250	612	1522887258.0
405	211	1522887492.0
574	596	1522893613.0
350	108	1522895459.0
574	688	1522895944.0
530	249	1522902682.0
530	690	1522903933.0
325	691	1522929133.0
374	92	1522933508.0
374	147	1522933535.0
394	354	1522934202.0
129	423	1522936338.0
172	152	1522959068.0
314	585	1522965616.0
601	425	1522968606.0
368	651	1522972683.0
325	589	1522974383.0
396	659	1522976227.0
238	163	1522979479.0
238	118	1522979916.0
602	130	1522982285.0
603	503	1522982742.0
242	626	1522982751.0
564	254	1522985361.0
564	20	1522985669.0
564	563	1522986514.0
564	313	1522986870.0
604	58	1522987698.0
604	23	1522987823.0
604	43	1522987944.0
604	160	1522988071.0
604	71	1522988210.0
604	20	1522988321.0
104	87	1522989196.0
565	365	1522989363.0
104	50	1522991648.0
156	357	1522998455.0
143	610	1523031741.0
519	6	1523033702.0
605	124	1523036194.0
605	34	1523036434.0
606	692	1523039189.0
605	35	1523039526.0
76	115	1523043831.0
354	219	1523050886.0
583	549	1523052709.0
464	341	1523053469.0
377	41	1523056522.0
377	177	1523056809.0
607	113	1523057407.0
607	138	1523057902.0
607	56	1523058436.0
607	237	1523058836.0
607	455	1523059092.0
607	265	1523059434.0
486	577	1523062599.0
608	307	1523069396.0
608	30	1523069561.0
608	184	1523069790.0
608	143	1523069935.0
583	384	1523073008.0
92	131	1523076999.0
92	71	1523078317.0
252	53	1523082904.0
359	26	1523107874.0
60	693	1523111621.0
60	59	1523112520.0
394	132	1523115336.0
394	519	1523121833.0
605	582	1523123379.0
394	149	1523123480.0
85	643	1523127572.0
113	405	1523130426.0
432	239	1523131339.0
602	275	1523132019.0
432	152	1523132036.0
113	651	1523132220.0
268	357	1523132759.0
602	34	1523133517.0
432	642	1523133580.0
602	79	1523134105.0
432	206	1523134215.0
359	147	1523137095.0
68	309	1523140390.0
607	174	1523141508.0
340	102	1523146327.0
605	606	1523147492.0
602	136	1523148227.0
182	267	1523149931.0
330	69	1523150118.0
330	643	1523150558.0
182	259	1523150587.0
560	60	1523153750.0
127	141	1523154846.0
127	44	1523155115.0
144	230	1523155977.0
609	575	1523157214.0
71	209	1523157675.0
292	101	1523157852.0
202	185	1523187941.0
610	232	1523190866.0
36	694	1523191300.0
267	556	1523194057.0
525	695	1523197911.0
54	449	1523199321.0
54	418	1523199949.0
204	504	1523209745.0
204	518	1523211466.0
607	696	1523211493.0
362	697	1523211886.0
607	93	1523211941.0
595	57	1523213736.0
574	498	1523214212.0
160	182	1523214705.0
160	698	1523215224.0
611	688	1523215432.0
160	33	1523215641.0
160	71	1523216289.0
612	142	1523216316.0
611	354	1523216840.0
425	38	1523217474.0
611	61	1523218092.0
289	307	1523219190.0
611	542	1523221845.0
127	1	1523223973.0
613	35	1523224129.0
48	58	1523224233.0
94	485	1523224555.0
614	198	1523226542.0
601	699	1523226603.0
605	175	1523227699.0
615	700	1523230107.0
615	223	1523230328.0
133	449	1523230630.0
583	142	1523231485.0
483	5	1523231607.0
568	676	1523235471.0
75	196	1523235641.0
106	436	1523236625.0
490	324	1523237086.0
38	394	1523237408.0
276	43	1523237524.0
38	515	1523237619.0
565	60	1523238251.0
110	575	1523240459.0
552	701	1523242523.0
552	43	1523242641.0
616	142	1523243116.0
616	154	1523243554.0
616	620	1523243640.0
616	6	1523243717.0
616	370	1523243992.0
616	485	1523244137.0
108	334	1523246656.0
108	100	1523247197.0
574	654	1523249788.0
574	280	1523255728.0
424	577	1523276370.0
598	130	1523278212.0
96	115	1523280519.0
454	538	1523283260.0
454	41	1523283420.0
164	498	1523285973.0
617	514	1523288952.0
588	702	1523290919.0
534	38	1523292626.0
143	579	1523292924.0
618	402	1523294372.0
618	637	1523294409.0
618	543	1523294846.0
605	211	1523296279.0
563	599	1523297663.0
619	131	1523300854.0
619	559	1523301439.0
619	703	1523301675.0
172	475	1523304343.0
169	221	1523304362.0
10	262	1523305290.0
250	698	1523305635.0
391	285	1523306079.0
619	257	1523306931.0
598	692	1523307122.0
619	341	1523308503.0
42	142	1523310873.0
80	136	1523312173.0
80	18	1523312340.0
80	533	1523312614.0
598	209	1523313900.0
223	420	1523315034.0
582	88	1523320014.0
75	481	1523320670.0
619	308	1523324548.0
161	195	1523325421.0
108	207	1523326018.0
71	53	1523327051.0
108	90	1523329543.0
607	231	1523330347.0
179	17	1523335323.0
403	135	1523358188.0
325	262	1523362556.0
145	575	1523362790.0
145	404	1523363241.0
145	412	1523363749.0
40	5	1523364878.0
164	50	1523370618.0
164	292	1523371750.0
605	140	1523371782.0
373	377	1523372327.0
35	678	1523379527.0
602	378	1523379662.0
338	42	1523379957.0
563	631	1523383680.0
39	142	1523389850.0
39	75	1523390382.0
583	230	1523391959.0
128	704	1523394937.0
107	89	1523404841.0
325	705	1523406869.0
178	360	1523407246.0
366	51	1523409099.0
167	39	1523410546.0
620	243	1523412914.0
405	301	1523413341.0
436	205	1523422055.0
76	268	1523442302.0
435	278	1523452040.0
14	39	1523452097.0
498	311	1523455609.0
345	538	1523459702.0
143	78	1523462904.0
40	619	1523464179.0
621	87	1523464510.0
165	60	1523467737.0
622	476	1523469544.0
622	585	1523469702.0
325	706	1523469792.0
622	625	1523469863.0
622	288	1523470025.0
622	303	1523470129.0
340	484	1523480836.0
87	551	1523486043.0
623	287	1523486322.0
419	707	1523487117.0
243	84	1523487597.0
126	32	1523488997.0
35	425	1523490231.0
325	705	1523497390.0
462	449	1523501158.0
108	104	1523502943.0
281	556	1523534419.0
13	249	1523538803.0
330	643	1523539284.0
47	2	1523539462.0
623	537	1523540457.0
623	417	1523541480.0
619	708	1523546216.0
158	39	1523546610.0
605	709	1523547566.0
93	479	1523547639.0
623	710	1523549177.0
153	34	1523551189.0
576	108	1523551359.0
576	336	1523551846.0
460	43	1523552204.0
153	346	1523552467.0
13	368	1523555153.0
108	421	1523561486.0
436	51	1523561956.0
563	382	1523566070.0
68	58	1523571684.0
68	245	1523571810.0
325	102	1523576238.0
185	625	1523576243.0
396	311	1523581336.0
624	242	1523581463.0
244	131	1523584664.0
623	141	1523585612.0
329	41	1523590887.0
554	711	1523591343.0
489	31	1523595854.0
489	34	1523596148.0
625	59	1523596906.0
625	212	1523597570.0
625	143	1523597745.0
574	591	1523614382.0
574	295	1523615040.0
78	91	1523624804.0
423	628	1523625884.0
423	565	1523626099.0
63	651	1523627468.0
551	698	1523628574.0
446	274	1523629059.0
405	79	1523629380.0
431	514	1523630119.0
602	363	1523631062.0
602	19	1523632363.0
623	107	1523632508.0
602	211	1523632833.0
5	163	1523632843.0
430	327	1523632962.0
490	423	1523633200.0
623	484	1523633232.0
623	177	1523633822.0
623	509	1523635478.0
623	383	1523636774.0
430	20	1523637254.0
623	40	1523637309.0
16	57	1523638756.0
113	501	1523639850.0
605	327	1523642894.0
574	5	1523642998.0
623	145	1523645866.0
124	16	1523647359.0
127	632	1523647839.0
431	479	1523648391.0
127	71	1523648902.0
308	447	1523653245.0
235	271	1523659262.0
208	49	1523659378.0
64	712	1523660004.0
132	428	1523661653.0
607	706	1523662539.0
63	703	1523662803.0
1	543	1523663313.0
1	456	1523663457.0
626	713	1523665166.0
34	118	1523667946.0
145	700	1523671264.0
522	35	1523671514.0
178	371	1523676495.0
627	347	1523677434.0
296	341	1523678049.0
115	372	1523678442.0
296	236	1523679096.0
296	275	1523679513.0
296	442	1523679695.0
296	47	1523680529.0
574	206	1523691071.0
312	149	1523712492.0
392	59	1523712784.0
409	53	1523716621.0
454	267	1523717853.0
628	645	1523717966.0
629	602	1523718062.0
623	23	1523719171.0
464	378	1523722565.0
224	708	1523723716.0
78	165	1523725833.0
583	28	1523726253.0
583	392	1523726799.0
337	698	1523727507.0
337	138	1523727630.0
337	1	1523727976.0
628	383	1523728415.0
127	366	1523728521.0
628	47	1523728957.0
127	204	1523729250.0
96	56	1523730964.0
351	327	1523733316.0
231	20	1523734073.0
325	197	1523734345.0
296	298	1523736526.0
577	545	1523738343.0
92	534	1523740298.0
610	234	1523740461.0
551	268	1523741929.0
250	132	1523742889.0
250	160	1523743031.0
364	129	1523743457.0
0	714	1523743886.0
583	94	1523745086.0
0	708	1523745470.0
68	84	1523746047.0
75	31	1523746840.0
504	619	1523747609.0
266	504	1523748921.0
288	101	1523751026.0
68	331	1523752932.0
195	28	1523753265.0
195	350	1523753340.0
630	108	1523755284.0
440	270	1523757510.0
631	285	1523757669.0
440	386	1523757783.0
330	143	1523760209.0
301	283	1523760801.0
298	346	1523761389.0
301	284	1523761430.0
301	26	1523761737.0
228	449	1523762652.0
298	226	1523762804.0
252	159	1523764213.0
124	211	1523772007.0
307	420	1523795342.0
632	434	1523797077.0
209	486	1523800623.0
598	411	1523801086.0
633	327	1523801466.0
480	715	1523802507.0
456	106	1523804195.0
442	716	1523804984.0
504	382	1523809618.0
611	389	1523815357.0
495	263	1523817020.0
325	454	1523817251.0
492	665	1523817456.0
441	251	1523819687.0
441	470	1523819819.0
441	179	1523820272.0
634	542	1523820357.0
512	56	1523825236.0
94	355	1523826119.0
248	63	1523826306.0
94	433	1523826370.0
366	2	1523826441.0
94	58	1523826765.0
94	605	1523826989.0
563	645	1523827133.0
94	237	1523827167.0
94	346	1523827517.0
248	359	1523827563.0
481	104	1523827957.0
233	5	1523829469.0
68	619	1523829733.0
210	214	1523831678.0
605	228	1523833287.0
178	449	1523842914.0
60	612	1523843699.0
73	272	1523845470.0
583	272	1523845506.0
73	717	1523845591.0
73	398	1523845719.0
12	582	1523846750.0
490	672	1523848929.0
626	713	1523881263.0
307	322	1523884955.0
77	183	1523885476.0
77	604	1523885955.0
623	288	1523888614.0
411	320	1523888738.0
289	312	1523890543.0
312	251	1523891009.0
120	43	1523893972.0
248	147	1523894504.0
500	71	1523895649.0
500	207	1523895860.0
31	20	1523896453.0
412	134	1523897843.0
412	434	1523897991.0
619	710	1523903724.0
418	33	1523905555.0
4	584	1523906506.0
540	79	1523907254.0
635	177	1523913738.0
635	43	1523913815.0
474	121	1523920028.0
474	332	1523922333.0
253	265	1523923145.0
474	48	1523924521.0
174	100	1523924652.0
305	385	1523924659.0
474	718	1523924838.0
253	28	1523925127.0
595	20	1523925680.0
79	477	1523927471.0
52	20	1523930630.0
230	583	1523933932.0
23	603	1523934434.0
2	56	1523936126.0
296	696	1523936979.0
57	537	1523941138.0
76	394	1523956168.0
565	592	1523969093.0
636	6	1523973921.0
254	321	1523976034.0
392	549	1523979776.0
637	514	1523984047.0
39	317	1523985045.0
638	80	1523985598.0
281	219	1523988966.0
455	440	1523989115.0
68	696	1523991024.0
68	537	1523991321.0
37	43	1523993117.0
172	39	1523996572.0
335	719	1524000691.0
639	41	1524003978.0
639	179	1524004376.0
639	32	1524004652.0
639	56	1524005009.0
640	179	1524005800.0
571	268	1524005920.0
639	598	1524006020.0
639	143	1524006297.0
639	515	1524006839.0
639	216	1524007424.0
92	131	1524008900.0
454	393	1524018716.0
454	720	1524019118.0
485	41	1524020277.0
641	29	1524020665.0
102	60	1524022342.0
280	36	1524058953.0
233	625	1524059755.0
642	221	1524060354.0
642	403	1524060509.0
642	352	1524060598.0
642	44	1524060661.0
642	105	1524060743.0
642	448	1524060788.0
642	439	1524060848.0
401	456	1524065493.0
401	264	1524065608.0
623	40	1524068477.0
590	179	1524068480.0
590	387	1524069200.0
643	632	1524073922.0
435	720	1524075663.0
172	56	1524085884.0
432	534	1524089225.0
243	574	1524099660.0
644	632	1524107078.0
108	367	1524107511.0
75	77	1524110401.0
298	687	1524117349.0
545	378	1524125295.0
591	59	1524133066.0
591	21	1524133293.0
156	617	1524138872.0
70	661	1524142868.0
574	133	1524149844.0
599	114	1524150704.0
406	350	1524150859.0
574	175	1524150963.0
143	452	1524157370.0
644	436	1524157918.0
644	630	1524158483.0
644	646	1524158776.0
611	218	1524160015.0
132	449	1524162373.0
98	372	1524162705.0
431	247	1524163088.0
644	305	1524165666.0
644	19	1524165734.0
151	264	1524168912.0
325	504	1524169219.0
325	82	1524170200.0
287	398	1524173102.0
132	90	1524174129.0
132	380	1524174462.0
140	18	1524177037.0
593	131	1524194174.0
593	57	1524194902.0
376	67	1524201085.0
604	120	1524226743.0
181	59	1524227150.0
42	528	1524232792.0
645	427	1524232934.0
140	721	1524233010.0
421	122	1524233461.0
421	19	1524233607.0
305	338	1524233882.0
645	416	1524233966.0
646	641	1524234176.0
645	206	1524234592.0
279	45	1524234669.0
498	643	1524237179.0
646	193	1524237426.0
498	37	1524238139.0
467	696	1524239061.0
476	662	1524240873.0
345	71	1524240957.0
476	166	1524241093.0
476	58	1524241710.0
139	721	1524242678.0
440	142	1524243119.0
440	722	1524243279.0
440	67	1524243697.0
295	549	1524243741.0
133	240	1524243981.0
440	97	1524244106.0
642	695	1524244242.0
642	27	1524244691.0
139	44	1524245801.0
345	183	1524248159.0
288	168	1524248823.0
628	205	1524249038.0
642	245	1524249077.0
227	633	1524249370.0
628	108	1524249585.0
282	354	1524252086.0
197	287	1524254547.0
197	169	1524254765.0
197	599	1524254876.0
197	520	1524255316.0
197	12	1524256240.0
197	309	1524256579.0
197	578	1524256690.0
197	244	1524257305.0
197	723	1524257978.0
254	166	1524263761.0
367	326	1524264801.0
315	539	1524265589.0
315	201	1524265678.0
598	500	1524267774.0
522	481	1524268271.0
188	66	1524269031.0
178	262	1524276321.0
71	651	1524277402.0
71	136	1524278997.0
647	587	1524280641.0
534	2	1524286185.0
133	59	1524295679.0
133	660	1524297243.0
133	593	1524303785.0
133	316	1524304293.0
133	699	1524304670.0
23	704	1524310925.0
36	293	1524312007.0
36	14	1524312855.0
598	355	1524314577.0
79	44	1524314761.0
324	699	1524315924.0
648	120	1524317999.0
616	560	1524319550.0
243	30	1524319968.0
476	112	1524321175.0
494	506	1524325696.0
366	347	1524325985.0
220	101	1524326326.0
96	704	1524332471.0
6	436	1524333241.0
35	322	1524334113.0
646	178	1524335020.0
35	724	1524335212.0
432	122	1524337939.0
89	249	1524338776.0
366	69	1524339042.0
432	312	1524339494.0
432	378	1524341680.0
649	346	1524349036.0
490	500	1524349786.0
645	26	1524349983.0
645	79	1524350567.0
243	363	1524354226.0
298	201	1524355927.0
534	431	1524357321.0
85	130	1524362851.0
85	528	1524363067.0
474	203	1524363311.0
525	235	1524364013.0
60	243	1524368761.0
466	20	1524369006.0
466	275	1524369344.0
466	356	1524371526.0
466	43	1524371640.0
466	71	1524371879.0
466	131	1524372020.0
77	598	1524373730.0
466	350	1524373746.0
583	160	1524374029.0
213	378	1524396544.0
650	171	1524398222.0
181	57	1524400264.0
209	499	1524404401.0
651	712	1524411431.0
651	551	1524412160.0
161	394	1524414037.0
77	206	1524414597.0
365	331	1524416277.0
649	24	1524418495.0
226	288	1524420304.0
173	372	1524421512.0
538	404	1524423420.0
610	703	1524425056.0
652	725	1524427961.0
333	226	1524429610.0
52	582	1524431224.0
54	119	1524433295.0
159	233	1524433941.0
224	2	1524434018.0
385	363	1524435109.0
181	164	1524438013.0
532	490	1524439644.0
532	108	1524439697.0
108	697	1524439729.0
108	458	1524439759.0
296	103	1524441174.0
2	208	1524441213.0
155	130	1524441887.0
535	239	1524446556.0
653	166	1524448451.0
400	294	1524449214.0
476	77	1524451634.0
476	260	1524452227.0
476	612	1524452421.0
296	494	1524452510.0
250	51	1524452747.0
419	16	1524457354.0
654	649	1524482951.0
580	645	1524482971.0
423	319	1524492444.0
642	321	1524496881.0
39	389	1524497131.0
39	675	1524497493.0
219	39	1524500131.0
430	26	1524501463.0
655	228	1524506204.0
40	56	1524506487.0
607	598	1524508008.0
656	180	1524508721.0
172	568	1524510877.0
657	128	1524511949.0
657	0	1524512094.0
25	726	1524514238.0
432	206	1524519380.0
658	275	1524520411.0
576	206	1524524628.0
68	338	1524529321.0
275	577	1524530331.0
464	481	1524530739.0
187	102	1524530773.0
398	51	1524530935.0
187	226	1524531394.0
187	131	1524532485.0
646	236	1524532802.0
366	400	1524534518.0
167	701	1524535820.0
659	366	1524536013.0
456	272	1524536980.0
145	700	1524537379.0
167	110	1524539218.0
554	646	1524539990.0
554	47	1524540185.0
654	48	1524542488.0
392	43	1524572179.0
392	131	1524577978.0
35	2	1524579714.0
164	214	1524583734.0
392	115	1524583889.0
433	169	1524586467.0
402	328	1524588016.0
350	372	1524588842.0
35	634	1524589537.0
409	96	1524592294.0
40	594	1524594741.0
200	486	1524596056.0
474	484	1524599015.0
660	30	1524605838.0
660	179	1524606306.0
660	32	1524606505.0
660	131	1524607096.0
377	282	1524614051.0
89	44	1524616552.0
494	369	1524618154.0
70	88	1524623977.0
296	408	1524627833.0
98	723	1524663422.0
543	176	1524671009.0
661	177	1524672851.0
42	308	1524672956.0
22	25	1524675212.0
642	53	1524682614.0
35	727	1524684219.0
311	350	1524687698.0
376	276	1524688945.0
290	315	1524691004.0
210	308	1524694736.0
133	41	1524702532.0
71	449	1524703309.0
662	28	1524703709.0
79	486	1524704091.0
662	157	1524705344.0
662	20	1524705883.0
490	728	1524708401.0
490	300	1524708555.0
644	19	1524709505.0
644	234	1524709706.0
625	41	1524710143.0
625	426	1524710395.0
625	108	1524710500.0
625	141	1524711407.0
625	174	1524711615.0
243	82	1524713583.0
307	349	1524741182.0
605	708	1524756239.0
588	452	1524761514.0
392	544	1524765912.0
287	212	1524768524.0
287	228	1524768596.0
271	58	1524769860.0
224	350	1524770872.0
165	57	1524771651.0
576	76	1524778707.0
647	681	1524785284.0
146	520	1524785917.0
525	471	1524787416.0
357	214	1524788319.0
178	78	1524788887.0
105	267	1524790028.0
640	538	1524791109.0
357	723	1524792309.0
534	2	1524794726.0
278	672	1524795154.0
563	449	1524795449.0
57	449	1524798260.0
161	529	1524799070.0
57	201	1524799113.0
133	20	1524802930.0
133	309	1524803475.0
298	51	1524835010.0
190	4	1524835863.0
432	116	1524837466.0
663	31	1524839684.0
663	98	1524840115.0
445	6	1524844382.0
445	227	1524844478.0
664	677	1524844796.0
557	404	1524845636.0
62	463	1524850118.0
392	0	1524850294.0
665	99	1524851047.0
150	435	1524852490.0
559	459	1524859104.0
209	84	1524863111.0
666	364	1524863185.0
435	667	1524863402.0
666	275	1524863712.0
435	297	1524864091.0
435	89	1524864702.0
265	703	1524865373.0
454	666	1524865419.0
436	599	1524865455.0
571	67	1524866294.0
183	48	1524869966.0
454	290	1524873739.0
533	7	1524877614.0
474	292	1524878165.0
397	281	1524886041.0
1	249	1524911054.0
315	92	1524916051.0
315	729	1524916201.0
205	594	1524922499.0
638	194	1524924701.0
392	20	1524925079.0
348	695	1524926318.0
431	12	1524931820.0
94	226	1524931921.0
369	14	1524932174.0
369	188	1524932421.0
485	20	1524933923.0
485	43	1524934239.0
644	298	1524934698.0
46	723	1524936003.0
117	264	1524936396.0
533	207	1524939753.0
490	71	1524952303.0
409	36	1524953699.0
592	173	1524961828.0
267	77	1524962213.0
525	486	1524969033.0
250	84	1524970862.0
16	723	1524973300.0
534	131	1524980839.0
534	350	1524983241.0
68	461	1525001291.0
512	50	1525008530.0
366	216	1525009320.0
601	59	1525010554.0
601	20	1525010894.0
289	350	1525013940.0
195	57	1525016993.0
667	56	1525017268.0
636	451	1525020642.0
668	370	1525028762.0
213	266	1525029342.0
669	426	1525029624.0
108	179	1525030927.0
645	686	1525031484.0
645	24	1525032218.0
349	528	1525032485.0
645	10	1525032579.0
588	221	1525033855.0
552	241	1525036561.0
552	191	1525036801.0
621	264	1525046338.0
533	385	1525047278.0
621	128	1525047498.0
621	599	1525048808.0
635	206	1525050192.0
562	94	1525050267.0
628	40	1525051150.0
635	23	1525051924.0
102	378	1525057038.0
250	164	1525057677.0
127	730	1525091952.0
60	61	1525093348.0
106	354	1525097837.0
599	578	1525099530.0
220	394	1525101055.0
544	723	1525101171.0
559	285	1525102469.0
431	731	1525107116.0
120	28	1525111596.0
120	386	1525111850.0
429	59	1525116463.0
458	324	1525116531.0
429	30	1525117034.0
39	309	1525117968.0
39	354	1525118076.0
224	397	1525124728.0
223	40	1525127314.0
35	723	1525127663.0
324	320	1525130395.0
77	477	1525133801.0
500	47	1525137873.0
534	48	1525142533.0
392	391	1525143100.0
149	662	1525177375.0
424	712	1525179612.0
424	216	1525180264.0
384	186	1525182606.0
296	433	1525189840.0
22	160	1525191737.0
228	85	1525192538.0
432	708	1525196005.0
181	326	1525198241.0
434	282	1525198509.0
463	644	1525199845.0
432	588	1525201426.0
463	598	1525202193.0
432	454	1525202265.0
463	32	1525203408.0
463	143	1525205664.0
98	723	1525207633.0
549	374	1525213100.0
361	349	1525215303.0
361	129	1525215588.0
361	607	1525217228.0
646	131	1525221283.0
463	216	1525221651.0
670	141	1525221991.0
155	48	1525223873.0
133	139	1525224893.0
607	175	1525225534.0
607	10	1525226566.0
607	486	1525228368.0
92	43	1525232118.0
534	305	1525232169.0
92	57	1525232528.0
92	182	1525232899.0
92	31	1525234055.0
635	180	1525259053.0
183	314	1525261208.0
252	160	1525267225.0
366	30	1525271168.0
21	89	1525272988.0
447	361	1525273854.0
79	5	1525274793.0
40	110	1525276062.0
4	577	1525276786.0
592	189	1525277250.0
65	364	1525281330.0
65	53	1525282346.0
65	580	1525284208.0
65	452	1525284400.0
61	282	1525285290.0
65	10	1525285607.0
61	264	1525285722.0
461	34	1525285862.0
324	682	1525287172.0
471	230	1525290201.0
442	195	1525290700.0
607	386	1525291796.0
625	90	1525295175.0
162	303	1525299807.0
10	65	1525304112.0
213	131	1525305406.0
556	72	1525307056.0
214	82	1525318343.0
202	499	1525351264.0
636	436	1525351354.0
671	706	1525355250.0
671	463	1525355266.0
671	321	1525356597.0
671	557	1525356599.0
671	146	1525356602.0
103	525	1525357234.0
34	122	1525358484.0
34	16	1525359203.0
30	185	1525359959.0
214	365	1525360947.0
4	732	1525362295.0
598	94	1525365444.0
408	335	1525365606.0
104	733	1525371419.0
622	680	1525371571.0
622	206	1525371699.0
622	2	1525371827.0
622	43	1525371956.0
622	143	1525372086.0
622	57	1525372149.0
85	506	1525375365.0
19	64	1525378031.0
65	499	1525379184.0
312	307	1525382533.0
370	287	1525384312.0
379	345	1525387944.0
379	412	1525388549.0
396	669	1525388753.0
672	657	1525398886.0
87	471	1525399309.0
563	284	1525401411.0
445	58	1525435130.0
445	577	1525436773.0
598	495	1525439029.0
424	625	1525445838.0
528	139	1525447981.0
673	2	1525448268.0
673	513	1525449104.0
673	439	1525449533.0
673	58	1525450287.0
54	530	1525458332.0
519	143	1525469820.0
426	273	1525481713.0
612	185	1525481917.0
178	256	1525485937.0
211	20	1525486143.0
367	372	1525488471.0
298	540	1525519553.0
218	69	1525522012.0
537	734	1525523479.0
249	456	1525524149.0
644	540	1525524453.0
298	160	1525525874.0
288	153	1525527143.0
504	57	1525528897.0
187	298	1525531530.0
636	628	1525537119.0
482	161	1525538074.0
482	183	1525538450.0
432	388	1525547924.0
644	163	1525549908.0
432	197	1525551359.0
528	603	1525551829.0
149	735	1525553448.0
298	699	1525553481.0
71	39	1525555511.0
268	5	1525556346.0
104	273	1525556941.0
673	305	1525563369.0
673	25	1525563440.0
673	0	1525563566.0
673	678	1525563759.0
366	28	1525563997.0
673	335	1525564105.0
673	238	1525564223.0
673	528	1525564455.0
673	102	1525564664.0
673	84	1525564745.0
673	696	1525564822.0
673	131	1525565062.0
565	242	1525565803.0
329	736	1525566340.0
250	273	1525567988.0
250	289	1525568065.0
277	528	1525568154.0
277	369	1525568975.0
6	517	1525570001.0
583	180	1525608727.0
583	20	1525612465.0
60	270	1525612931.0
583	544	1525615544.0
507	31	1525618274.0
36	737	1525619214.0
507	266	1525619543.0
73	7	1525624816.0
635	180	1525632506.0
674	401	1525634983.0
628	123	1525635967.0
64	664	1525637131.0
417	160	1525639167.0
213	481	1525639695.0
293	71	1525642330.0
18	737	1525642474.0
18	53	1525643031.0
456	346	1525643193.0
293	131	1525643269.0
484	239	1525643406.0
81	229	1525647624.0
81	712	1525648151.0
57	130	1525650962.0
187	492	1525651501.0
252	264	1525652218.0
205	351	1525654622.0
484	723	1525655427.0
441	303	1525656119.0
474	94	1525658144.0
211	506	1525658164.0
675	44	1525658550.0
654	703	1525658995.0
92	512	1525659391.0
105	264	1525660717.0
16	83	1525661085.0
102	370	1525661392.0
16	417	1525661622.0
16	499	1525661888.0
102	547	1525662097.0
565	363	1525664728.0
599	44	1525667886.0
18	404	1525697439.0
134	417	1525700947.0
134	508	1525701102.0
134	159	1525701291.0
538	332	1525702975.0
538	210	1525703675.0
134	723	1525707779.0
227	577	1525716398.0
131	417	1525716820.0
131	228	1525717122.0
463	21	1525718819.0
249	276	1525721528.0
676	357	1525723700.0
338	275	1525724279.0
437	436	1525731743.0
469	472	1525732803.0
63	708	1525734868.0
300	553	1525745476.0
161	28	1525750286.0
145	672	1525755245.0
350	409	1525790479.0
673	27	1525791801.0
4	738	1525793832.0
98	560	1525795966.0
98	532	1525796252.0
98	390	1525796820.0
348	112	1525798213.0
297	708	1525798896.0
524	121	1525800106.0
454	555	1525801880.0
426	206	1525807295.0
432	393	1525807531.0
366	34	1525808095.0
98	623	1525809786.0
40	409	1525810127.0
98	57	1525811131.0
370	57	1525811816.0
98	20	1525812729.0
431	367	1525812810.0
165	147	1525813196.0
432	669	1525816463.0
133	230	1525820394.0
666	555	1525821186.0
497	5	1525824733.0
497	348	1525825135.0
361	180	1525826660.0
249	364	1525828837.0
464	337	1525830947.0
177	402	1525840710.0
181	201	1525864166.0
14	385	1525872380.0
14	371	1525874404.0
287	672	1525876674.0
14	346	1525878544.0
442	289	1525878909.0
33	739	1525882386.0
391	135	1525885590.0
391	739	1525886356.0
350	251	1525888307.0
440	740	1525891952.0
677	179	1525892094.0
677	43	1525892300.0
677	264	1525892569.0
432	268	1525892780.0
432	588	1525892897.0
677	282	1525892948.0
677	232	1525893142.0
677	79	1525893318.0
677	270	1525893583.0
72	189	1525893704.0
677	456	1525893759.0
677	364	1525893877.0
677	488	1525894376.0
677	722	1525894728.0
96	152	1525895014.0
677	274	1525895963.0
103	726	1525896573.0
677	21	1525896935.0
178	542	1525898488.0
522	698	1525901905.0
132	598	1525902100.0
522	708	1525902482.0
678	598	1525902923.0
522	646	1525903015.0
277	556	1525903453.0
432	454	1525905182.0
621	20	1525906729.0
463	26	1525908509.0
628	322	1525912888.0
489	228	1525912915.0
489	76	1525913173.0
489	57	1525914160.0
14	203	1525915575.0
98	556	1525915736.0
172	488	1525916657.0
315	30	1525916803.0
315	156	1525917011.0
249	514	1525917375.0
189	435	1525923889.0
489	128	1525924909.0
156	122	1525936052.0
21	275	1525948209.0
658	276	1525955651.0
658	682	1525956402.0
658	313	1525956759.0
40	536	1525962111.0
628	141	1525973288.0
133	435	1525976365.0
133	419	1525976756.0
249	270	1525983086.0
249	143	1525983487.0
249	44	1525983925.0
579	210	1525984997.0
209	20	1525987374.0
133	20	1525997676.0
73	288	1525999000.0
224	186	1525999162.0
296	264	1526010819.0
356	23	1526012237.0
356	77	1526012607.0
145	363	1526015151.0
679	300	1526038825.0
679	237	1526039160.0
239	65	1526043973.0
239	257	1526049883.0
533	677	1526051023.0
533	385	1526051114.0
432	679	1526051129.0
432	24	1526057226.0
432	642	1526058350.0
628	549	1526060565.0
398	658	1526064457.0
42	264	1526066172.0
437	37	1526071098.0
437	93	1526071257.0
437	331	1526071551.0
437	559	1526071792.0
224	741	1526078385.0
489	140	1526082027.0
489	211	1526082537.0
369	49	1526086124.0
646	45	1526087057.0
70	189	1526088399.0
327	278	1526089483.0
36	372	1526122207.0
633	113	1526129169.0
285	294	1526131777.0
238	672	1526132479.0
524	250	1526132776.0
238	251	1526134544.0
249	171	1526134745.0
680	357	1526134769.0
680	160	1526135776.0
238	67	1526137192.0
621	703	1526140236.0
583	544	1526141227.0
621	33	1526142248.0
12	742	1526143350.0
34	30	1526153162.0
34	332	1526153507.0
34	196	1526153822.0
153	82	1526154799.0
1	43	1526155524.0
215	735	1526155860.0
664	303	1526156838.0
664	337	1526157326.0
343	741	1526158428.0
14	189	1526163270.0
149	159	1526175535.0
681	189	1526176834.0
153	198	1526177702.0
153	58	1526178049.0
153	172	1526179161.0
153	454	1526179376.0
199	294	1526181860.0
287	189	1526183475.0
493	719	1526209669.0
432	175	1526216311.0
542	189	1526218784.0
542	743	1526219046.0
542	114	1526219497.0
181	326	1526221998.0
491	26	1526222483.0
491	58	1526223007.0
597	59	1526223298.0
597	619	1526225094.0
597	700	1526227845.0
419	227	1526228521.0
448	612	1526229668.0
448	489	1526230108.0
682	50	1526230614.0
205	723	1526234054.0
77	189	1526234718.0
597	667	1526234879.0
601	6	1526235693.0
48	728	1526237468.0
14	348	1526238111.0
294	744	1526242880.0
319	736	1526245747.0
132	189	1526246334.0
161	493	1526246472.0
107	345	1526246533.0
132	104	1526246608.0
107	189	1526247194.0
161	44	1526247584.0
469	189	1526248144.0
319	13	1526249796.0
319	36	1526251317.0
319	31	1526251588.0
295	21	1526252129.0
295	0	1526252819.0
409	84	1526253765.0
295	20	1526253792.0
244	57	1526258567.0
631	39	1526259701.0
187	461	1526261778.0
550	327	1526263024.0
47	201	1526266035.0
214	177	1526268905.0
214	20	1526269073.0
300	721	1526269624.0
102	82	1526270655.0
523	645	1526273417.0
523	271	1526274570.0
674	288	1526278858.0
153	179	1526295877.0
250	386	1526297685.0
331	533	1526300438.0
128	71	1526304215.0
683	5	1526304643.0
544	119	1526307526.0
544	736	1526308626.0
467	409	1526309604.0
462	177	1526310354.0
498	182	1526310649.0
462	367	1526310692.0
498	436	1526311026.0
462	26	1526311593.0
318	237	1526312771.0
318	6	1526312833.0
498	5	1526313729.0
663	710	1526314046.0
602	252	1526314936.0
462	671	1526315884.0
39	31	1526319664.0
40	389	1526319716.0
143	488	1526319732.0
597	251	1526320030.0
676	397	1526320687.0
663	542	1526321516.0
522	6	1526321820.0
23	225	1526322112.0
522	425	1526322195.0
83	57	1526322621.0
522	58	1526322633.0
83	736	1526323070.0
83	719	1526323509.0
684	31	1526325833.0
237	364	1526331210.0
183	22	1526332718.0
21	195	1526340621.0
525	58	1526341469.0
525	260	1526342207.0
685	420	1526344663.0
489	113	1526346381.0
489	58	1526346691.0
489	393	1526348659.0
588	581	1526350551.0
153	31	1526352238.0
253	501	1526352888.0
253	657	1526353221.0
118	143	1526355756.0
124	288	1526357363.0
118	305	1526357397.0
118	495	1526359530.0
68	466	1526386864.0
68	88	1526387170.0
127	267	1526388244.0
483	172	1526388311.0
37	339	1526389260.0
686	466	1526390478.0
172	305	1526393590.0
392	731	1526394301.0
40	452	1526396759.0
338	135	1526401063.0
167	410	1526401101.0
436	745	1526401472.0
374	634	1526401864.0
290	287	1526402511.0
340	230	1526403073.0
217	299	1526404049.0
687	300	1526404311.0
43	160	1526405556.0
676	648	1526412463.0
409	584	1526413355.0
487	556	1526422957.0
336	43	1526424382.0
336	98	1526426754.0
688	6	1526430072.0
156	414	1526431452.0
102	113	1526433054.0
663	544	1526436007.0
406	338	1526437465.0
406	147	1526437598.0
414	55	1526438297.0
75	86	1526438869.0
183	160	1526463274.0
160	285	1526473663.0
160	544	1526474199.0
160	265	1526474464.0
129	377	1526475801.0
160	264	1526475919.0
497	58	1526480190.0
689	41	1526486558.0
118	327	1526487246.0
14	275	1526492004.0
287	619	1526494681.0
170	389	1526496933.0
170	175	1526497425.0
170	688	1526498014.0
153	75	1526500009.0
153	61	1526500309.0
197	367	1526501796.0
461	658	1526502097.0
199	497	1526503735.0
199	723	1526503984.0
252	341	1526504153.0
212	464	1526505747.0
334	189	1526507236.0
432	133	1526509028.0
628	59	1526509740.0
223	718	1526510875.0
676	323	1526514695.0
646	464	1526516643.0
187	227	1526518895.0
600	514	1526520565.0
80	563	1526521644.0
80	226	1526522013.0
80	651	1526522354.0
80	491	1526522671.0
318	720	1526522672.0
80	723	1526523030.0
80	501	1526524302.0
3	544	1526533844.0
343	175	1526540940.0
684	378	1526547102.0
160	20	1526556498.0
160	542	1526556657.0
224	78	1526561054.0
264	346	1526561781.0
108	179	1526569652.0
165	178	1526572416.0
118	36	1526572906.0
105	78	1526576324.0
253	127	1526577078.0
253	79	1526577704.0
253	42	1526578024.0
312	575	1526584282.0
588	463	1526586389.0
601	520	1526590485.0
288	479	1526595382.0
690	108	1526604449.0
562	12	1526610523.0
357	506	1526618434.0
227	264	1526644285.0
227	200	1526644413.0
691	421	1526646503.0
691	114	1526646697.0
519	118	1526647742.0
200	746	1526647882.0
495	354	1526651207.0
79	189	1526655754.0
264	607	1526656358.0
222	308	1526657404.0
692	24	1526658847.0
181	143	1526666883.0
301	2	1526667227.0
301	12	1526667867.0
216	214	1526668116.0
216	325	1526668793.0
645	346	1526669499.0
668	719	1526669589.0
668	596	1526669813.0
645	129	1526669984.0
272	76	1526671563.0
622	378	1526672013.0
692	512	1526672352.0
692	416	1526672443.0
692	206	1526672523.0
692	747	1526672767.0
365	327	1526673426.0
366	606	1526681569.0
535	450	1526685373.0
249	539	1526689565.0
249	142	1526690906.0
234	69	1526691117.0
234	748	1526691191.0
179	243	1526693956.0
195	510	1526694416.0
693	206	1526699798.0
693	58	1526700101.0
693	242	1526700346.0
693	372	1526700419.0
693	737	1526700739.0
693	365	1526701128.0
693	749	1526701204.0
693	395	1526701360.0
693	34	1526701551.0
693	6	1526701640.0
693	354	1526701863.0
693	377	1526701998.0
693	183	1526702224.0
693	592	1526704432.0
694	0	1526736909.0
694	326	1526739390.0
555	273	1526740270.0
555	723	1526740902.0
695	342	1526741681.0
202	718	1526744532.0
202	168	1526744768.0
696	264	1526755396.0
504	177	1526767696.0
528	293	1526771102.0
693	226	1526771853.0
693	486	1526771963.0
289	135	1526773041.0
692	234	1526774056.0
325	84	1526774689.0
226	750	1526780759.0
588	56	1526782370.0
226	68	1526782755.0
498	331	1526783220.0
226	599	1526783850.0
436	499	1526790536.0
436	313	1526795134.0
38	58	1526814610.0
489	173	1526818098.0
489	139	1526819814.0
256	106	1526822147.0
697	58	1526822568.0
697	71	1526822794.0
513	549	1526824791.0
190	317	1526824943.0
513	160	1526826942.0
220	546	1526829137.0
320	420	1526836721.0
692	463	1526838255.0
369	14	1526840054.0
369	481	1526840354.0
369	634	1526840521.0
224	697	1526841278.0
249	553	1526847221.0
366	250	1526850661.0
692	464	1526852906.0
692	133	1526853068.0
692	245	1526853170.0
646	160	1526853208.0
646	530	1526854834.0
114	36	1526857973.0
349	243	1526862462.0
607	129	1526863118.0
607	309	1526864262.0
295	482	1526865357.0
285	476	1526866522.0
53	243	1526868528.0
392	269	1526869219.0
311	275	1526870113.0
583	265	1526871559.0
155	205	1526879382.0
692	206	1526886377.0
620	703	1526899912.0
188	747	1526906029.0
188	486	1526906267.0
188	535	1526906657.0
188	233	1526906846.0
339	559	1526908758.0
392	482	1526909535.0
170	354	1526912759.0
170	348	1526914157.0
164	125	1526916613.0
698	208	1526918034.0
609	445	1526918187.0
699	49	1526918641.0
194	48	1526920399.0
98	501	1526921091.0
392	704	1526923763.0
294	649	1526924382.0
462	486	1526925280.0
39	143	1526926016.0
416	44	1526928296.0
155	452	1526928414.0
623	97	1526928651.0
426	75	1526931787.0
121	177	1526932939.0
582	51	1526933095.0
208	744	1526941944.0
250	400	1526945686.0
188	388	1526948537.0
188	119	1526948821.0
697	82	1526950065.0
697	57	1526950246.0
697	41	1526950313.0
700	340	1526951658.0
433	29	1526951723.0
188	178	1526951780.0
433	698	1526951880.0
700	160	1526954197.0
118	643	1526956331.0
23	189	1526990616.0
363	336	1526991242.0
61	488	1526993997.0
61	116	1526994522.0
216	127	1526999134.0
263	150	1527001163.0
583	12	1527001567.0
436	41	1527002123.0
436	353	1527003296.0
181	342	1527004020.0
170	671	1527009194.0
188	92	1527009444.0
188	31	1527010127.0
129	617	1527012266.0
104	86	1527012673.0
263	9	1527015047.0
188	175	1527015881.0
607	219	1527016244.0
52	157	1527020294.0
52	114	1527020717.0
673	98	1527024061.0
169	249	1527025979.0
281	161	1527039590.0
482	311	1527041631.0
701	323	1527042815.0
701	289	1527043134.0
110	120	1527043321.0
105	160	1527044563.0
515	719	1527052734.0
156	651	1527054528.0
123	40	1527073008.0
130	536	1527081201.0
252	391	1527082343.0
134	308	1527082808.0
701	751	1527083510.0
445	333	1527083854.0
701	21	1527084002.0
701	470	1527085454.0
42	752	1527086118.0
525	81	1527087718.0
698	30	1527089883.0
252	704	1527091102.0
77	481	1527091506.0
698	124	1527094163.0
608	141	1527095113.0
608	2	1527095368.0
608	354	1527095730.0
608	646	1527095913.0
608	349	1527096714.0
608	28	1527097085.0
68	753	1527101120.0
285	215	1527112188.0
665	563	1527129551.0
700	422	1527129668.0
702	360	1527130586.0
192	563	1527130989.0
192	91	1527131277.0
701	484	1527132422.0
684	334	1527132538.0
684	118	1527132672.0
621	544	1527141225.0
621	236	1527142323.0
399	606	1527159432.0
464	559	1527163408.0
188	175	1527164831.0
40	177	1527166828.0
170	189	1527171414.0
703	2	1527173548.0
703	47	1527173869.0
703	59	1527174008.0
703	201	1527174070.0
703	265	1527174329.0
30	695	1527174867.0
703	26	1527175318.0
703	30	1527176768.0
703	123	1527176983.0
442	594	1527177189.0
223	36	1527181357.0
183	723	1527181398.0
416	153	1527182234.0
703	632	1527183382.0
134	713	1527184246.0
704	147	1527184433.0
183	672	1527185196.0
704	257	1527186416.0
381	353	1527189258.0
381	191	1527189462.0
99	741	1527190007.0
505	47	1527196377.0
19	405	1527197329.0
694	38	1527199845.0
399	143	1527200214.0
694	530	1527200287.0
556	196	1527200641.0
694	432	1527200762.0
142	269	1527202099.0
432	44	1527203216.0
432	285	1527206464.0
285	223	1527211817.0
703	76	1527212145.0
703	50	1527212416.0
436	247	1527212748.0
703	662	1527213278.0
703	410	1527213680.0
703	199	1527214160.0
573	184	1527215289.0
108	28	1527219581.0
68	71	1527219880.0
68	44	1527242957.0
68	30	1527243119.0
68	721	1527243509.0
68	633	1527243609.0
68	220	1527243799.0
85	298	1527249450.0
700	267	1527253946.0
701	446	1527254502.0
25	51	1527254541.0
175	741	1527255219.0
390	391	1527259936.0
223	317	1527261140.0
634	357	1527262148.0
188	745	1527263832.0
621	85	1527266093.0
695	653	1527277596.0
432	209	1527281672.0
614	6	1527288862.0
366	78	1527294758.0
660	84	1527297019.0
298	20	1527306699.0
704	421	1527311492.0
601	465	1527331551.0
644	504	1527333879.0
254	306	1527337034.0
466	59	1527337580.0
466	136	1527338454.0
466	327	1527339291.0
484	372	1527339772.0
466	114	1527340384.0
54	342	1527341759.0
54	69	1527341905.0
466	278	1527341968.0
466	272	1527342417.0
466	251	1527343238.0
466	658	1527343877.0
684	179	1527344049.0
466	354	1527344537.0
466	596	1527344927.0
695	603	1527344951.0
466	544	1527345690.0
607	226	1527346293.0
71	544	1527347969.0
411	69	1527354764.0
705	527	1527355220.0
705	598	1527355348.0
666	692	1527357188.0
42	389	1527357840.0
706	88	1527358155.0
249	476	1527359113.0
706	108	1527359190.0
706	176	1527359451.0
706	368	1527360008.0
706	41	1527360824.0
706	254	1527361518.0
706	29	1527361733.0
706	414	1527362748.0
435	78	1527363339.0
706	26	1527365061.0
705	127	1527365992.0
706	0	1527367049.0
706	123	1527368726.0
525	96	1527373608.0
349	39	1527375554.0
320	84	1527375999.0
707	651	1527379866.0
90	536	1527383755.0
254	619	1527390535.0
708	713	1527419495.0
36	82	1527424653.0
273	61	1527424841.0
449	486	1527425897.0
545	41	1527426860.0
584	266	1527427606.0
532	122	1527429340.0
466	287	1527429513.0
297	595	1527429881.0
466	542	1527432514.0
217	56	1527436238.0
217	276	1527436582.0
329	719	1527436762.0
217	226	1527437036.0
709	706	1527438355.0
162	671	1527439132.0
79	183	1527440309.0
190	312	1527441879.0
295	182	1527443848.0
665	122	1527444690.0
162	9	1527446695.0
254	703	1527447789.0
435	619	1527450912.0
435	34	1527451601.0
38	708	1527455686.0
41	518	1527461815.0
52	365	1527462593.0
52	186	1527462746.0
432	479	1527464144.0
178	598	1527466599.0
660	23	1527481740.0
88	173	1527505706.0
307	454	1527505948.0
88	49	1527506877.0
511	42	1527507527.0
162	44	1527521404.0
399	458	1527525484.0
704	35	1527531460.0
414	330	1527533437.0
414	261	1527533624.0
414	577	1527533877.0
710	723	1527534622.0
75	656	1527535527.0
711	609	1527540752.0
224	123	1527542607.0
432	691	1527542743.0
712	234	1527543271.0
253	45	1527545581.0
253	671	1527546583.0
339	556	1527546768.0
54	575	1527550733.0
664	673	1527552334.0
176	306	1527552578.0
578	382	1527554448.0
584	287	1527559470.0
369	615	1527561960.0
369	96	1527562224.0
246	44	1527598110.0
246	328	1527598574.0
145	272	1527598827.0
246	41	1527599543.0
145	611	1527600292.0
82	741	1527600967.0
145	447	1527602069.0
636	724	1527602229.0
340	189	1527604467.0
286	142	1527604652.0
107	509	1527605164.0
402	43	1527606180.0
129	9	1527607622.0
713	274	1527608386.0
121	47	1527611625.0
411	242	1527612131.0
264	741	1527612177.0
338	123	1527613274.0
714	9	1527613685.0
338	651	1527614194.0
324	710	1527616428.0
208	186	1527620130.0
665	508	1527622938.0
391	129	1527625924.0
391	535	1527626716.0
373	283	1527629573.0
373	737	1527629834.0
715	188	1527630809.0
715	535	1527631430.0
192	508	1527632160.0
192	670	1527632271.0
716	29	1527632540.0
192	533	1527632560.0
192	47	1527632639.0
192	122	1527632916.0
178	495	1527633943.0
172	619	1527636105.0
339	131	1527641451.0
422	16	1527644444.0
156	12	1527644746.0
192	287	1527646503.0
124	357	1527646582.0
523	192	1527649417.0
246	464	1527685638.0
246	668	1527687199.0
246	64	1527688320.0
19	203	1527689521.0
717	179	1527693487.0
684	337	1527693735.0
717	322	1527695949.0
717	520	1527696740.0
170	354	1527699975.0
419	477	1527700008.0
704	34	1527700989.0
717	688	1527702049.0
717	206	1527703377.0
717	43	1527703808.0
128	718	1527705871.0
535	753	1527705975.0
390	651	1527707917.0
390	88	1527708315.0
462	104	1527708485.0
718	247	1527710955.0
718	41	1527711445.0
718	186	1527712514.0
109	47	1527713337.0
432	651	1527713967.0
432	88	1527714413.0
432	152	1527715257.0
545	650	1527717893.0
719	195	1527721141.0
384	319	1527723778.0
47	659	1527725974.0
612	400	1527727806.0
612	33	1527728753.0
612	283	1527729767.0
340	754	1527730615.0
612	545	1527730740.0
505	464	1527732493.0
717	124	1527732921.0
717	46	1527733624.0
486	9	1527733672.0
717	379	1527733877.0
717	747	1527734504.0
599	682	1527775862.0
172	736	1527781833.0
522	201	1527782094.0
254	450	1527782501.0
522	196	1527783111.0
522	51	1527785744.0
522	420	1527786439.0
522	132	1527786724.0
280	150	1527787587.0
720	755	1527790119.0
720	119	1527790150.0
720	260	1527790171.0
720	81	1527790174.0
720	743	1527790193.0
720	206	1527790286.0
720	535	1527790289.0
720	644	1527790316.0
720	26	1527790318.0
720	598	1527790341.0
720	165	1527790344.0
720	464	1527790359.0
721	670	1527792398.0
156	86	1527792720.0
722	160	1527794122.0
483	71	1527794973.0
723	125	1527798480.0
723	618	1527798985.0
254	196	1527799208.0
609	365	1527799320.0
254	36	1527799432.0
240	10	1527800208.0
621	36	1527803483.0
192	515	1527806051.0
192	242	1527806358.0
724	622	1527810042.0
723	102	1527815605.0
723	20	1527815764.0
381	306	1527816370.0
723	439	1527816612.0
695	697	1527816813.0
381	532	1527816947.0
381	14	1527817285.0
567	85	1527818358.0
113	756	1527818402.0
110	670	1527823400.0
72	19	1527824338.0
203	207	1527825536.0
60	327	1527827674.0
348	65	1527856527.0
246	47	1527861091.0
721	36	1527861400.0
246	232	1527861705.0
725	491	1527863626.0
725	587	1527864377.0
19	567	1527869442.0
522	295	1527870258.0
522	41	1527871520.0
717	757	1527872081.0
522	206	1527872756.0
721	41	1527874908.0
703	608	1527876486.0
703	82	1527876532.0
703	486	1527876579.0
722	114	1527883390.0
105	464	1527883627.0
260	189	1527883710.0
260	336	1527884220.0
431	723	1527885236.0
723	42	1527889123.0
466	396	1527889804.0
504	31	1527890349.0
504	317	1527891189.0
466	39	1527892074.0
466	36	1527892868.0
726	78	1527893288.0
432	361	1527893753.0
726	102	1527893767.0
432	201	1527894168.0
727	583	1527895867.0
685	589	1527897006.0
381	16	1527903422.0
726	7	1527903802.0
726	41	1527904458.0
726	469	1527905413.0
480	441	1527905539.0
726	2	1527906692.0
728	588	1527907191.0
726	17	1527907449.0
728	593	1527907522.0
728	509	1527907930.0
728	650	1527908106.0
157	564	1527914335.0
97	111	1527948439.0
88	738	1527951124.0
252	16	1527953770.0
667	563	1527955359.0
192	415	1527960743.0
672	657	1527963608.0
396	80	1527965039.0
432	662	1527965488.0
432	550	1527965671.0
314	625	1527976157.0
667	80	1527979777.0
454	560	1527982691.0
1	260	1527984224.0
723	698	1527986702.0
489	287	1527987785.0
723	532	1527988341.0
585	65	1527990248.0
703	238	1527998949.0
38	758	1528030307.0
244	323	1528044801.0
697	60	1528044975.0
697	735	1528045241.0
275	604	1528048393.0
715	267	1528048643.0
715	759	1528048847.0
715	302	1528049090.0
715	256	1528049915.0
715	98	1528050061.0
715	206	1528050212.0
715	263	1528050424.0
309	244	1528052173.0
651	264	1528053535.0
718	745	1528053797.0
718	646	1528054231.0
651	261	1528055929.0
718	420	1528055979.0
251	273	1528056021.0
392	735	1528057054.0
660	594	1528057240.0
726	166	1528059518.0
103	548	1528059786.0
189	643	1528059907.0
53	264	1528061803.0
545	177	1528062112.0
411	665	1528062386.0
431	56	1528066628.0
143	129	1528066870.0
646	341	1528072943.0
440	226	1528073665.0
440	488	1528073953.0
729	306	1528074587.0
725	306	1528074803.0
155	671	1528077981.0
563	508	1528079392.0
417	64	1528084662.0
729	587	1528084909.0
417	76	1528085013.0
102	366	1528085395.0
336	58	1528087668.0
82	502	1528113936.0
556	41	1528115687.0
128	293	1528119183.0
106	56	1528123147.0
39	89	1528124063.0
39	545	1528124345.0
106	372	1528124665.0
82	513	1528127301.0
164	588	1528127899.0
299	249	1528128063.0
164	159	1528128267.0
299	47	1528128565.0
621	696	1528129857.0
220	27	1528133638.0
429	122	1528134025.0
544	110	1528134645.0
728	133	1528135674.0
728	760	1528136060.0
544	217	1528136297.0
728	169	1528136615.0
684	699	1528136822.0
728	206	1528137186.0
684	131	1528137194.0
728	668	1528137461.0
462	735	1528137500.0
728	646	1528137845.0
268	28	1528139227.0
19	735	1528140379.0
439	43	1528143066.0
718	205	1528146085.0
609	696	1528146363.0
664	761	1528155020.0
664	486	1528155246.0
664	175	1528155656.0
632	134	1528157037.0
564	598	1528158831.0
564	521	1528159291.0
390	469	1528159348.0
564	57	1528159485.0
564	206	1528159581.0
730	513	1528170295.0
505	43	1528177026.0
299	60	1528211194.0
683	349	1528213458.0
683	117	1528214076.0
106	206	1528214104.0
683	726	1528214781.0
272	703	1528222385.0
272	111	1528223248.0
145	5	1528228800.0
145	354	1528229386.0
117	658	1528234958.0
496	330	1528235468.0
571	43	1528236924.0
684	204	1528237246.0
530	26	1528239588.0
689	456	1528241507.0
495	207	1528243456.0
719	669	1528246547.0
343	128	1528255731.0
253	32	1528287611.0
23	68	1528288293.0
635	76	1528288949.0
707	662	1528289159.0
68	53	1528290784.0
68	157	1528291143.0
68	696	1528291517.0
29	232	1528296367.0
29	504	1528296570.0
29	47	1528296945.0
29	211	1528297596.0
731	277	1528298002.0
495	226	1528306615.0
376	650	1528309352.0
366	204	1528312025.0
718	167	1528313075.0
718	143	1528314390.0
718	157	1528316227.0
461	27	1528316715.0
705	507	1528325725.0
321	352	1528326521.0
422	365	1528326871.0
297	95	1528328120.0
40	436	1528329061.0
390	708	1528329353.0
168	537	1528329406.0
178	155	1528330356.0
271	122	1528333734.0
635	310	1528335366.0
601	120	1528336641.0
658	301	1528336922.0
257	142	1528337792.0
110	22	1528339940.0
567	427	1528341242.0
102	94	1528342721.0
732	577	1528344449.0
505	280	1528347762.0
288	665	1528371939.0
207	238	1528375525.0
39	762	1528378044.0
719	195	1528381435.0
64	67	1528383097.0
21	741	1528383362.0
459	713	1528384052.0
459	190	1528384496.0
46	7	1528387226.0
95	36	1528390471.0
29	175	1528391830.0
74	33	1528393224.0
390	454	1528394929.0
700	31	1528397009.0
431	530	1528399019.0
602	763	1528399338.0
19	503	1528409231.0
210	439	1528415930.0
399	334	1528418058.0
484	239	1528421652.0
102	95	1528424964.0
30	616	1528451752.0
30	282	1528452444.0
697	683	1528460299.0
323	177	1528470783.0
323	385	1528474843.0
323	365	1528475199.0
568	226	1528483715.0
718	113	1528487732.0
252	368	1528488964.0
646	47	1528493656.0
722	763	1528497525.0
525	446	1528502168.0
381	486	1528505341.0
1	131	1528507759.0
1	619	1528508005.0
641	92	1528511943.0
178	272	1528513824.0
733	60	1528516598.0
315	742	1528523807.0
137	730	1528548625.0
33	353	1528552205.0
635	74	1528555461.0
591	390	1528556402.0
437	440	1528561585.0
660	288	1528561861.0
483	27	1528576923.0
734	754	1528586527.0
97	131	1528586773.0
97	386	1528587046.0
410	169	1528589104.0
673	491	1528596019.0
229	440	1528626604.0
57	417	1528629130.0
478	22	1528633590.0
325	116	1528640610.0
325	24	1528641462.0
486	521	1528642772.0
560	735	1528643773.0
486	664	1528643816.0
466	378	1528649913.0
722	285	1528654606.0
722	275	1528655336.0
142	29	1528655441.0
536	547	1528657588.0
448	160	1528659847.0
633	544	1528660559.0
684	114	1528660998.0
684	728	1528661234.0
684	670	1528661391.0
358	764	1528661930.0
130	84	1528663292.0
130	269	1528663988.0
537	153	1528665598.0
468	592	1528666930.0
281	71	1528667156.0
468	242	1528667349.0
722	434	1528670719.0
251	20	1528673532.0
281	576	1528673870.0
441	531	1528678754.0
323	161	1528680550.0
697	125	1528681765.0
607	526	1528689836.0
607	44	1528691742.0
119	267	1528720708.0
454	125	1528720745.0
27	160	1528721108.0
289	669	1528721425.0
289	421	1528721686.0
289	425	1528721892.0
39	741	1528724986.0
170	633	1528727287.0
54	372	1528731041.0
672	246	1528735662.0
672	160	1528735836.0
672	314	1528735900.0
672	48	1528736000.0
672	312	1528736067.0
732	689	1528737264.0
735	372	1528740089.0
418	36	1528740730.0
735	30	1528741565.0
138	469	1528743892.0
138	247	1528747684.0
505	662	1528751453.0
380	649	1528757197.0
380	123	1528757342.0
339	422	1528761459.0
339	688	1528761800.0
719	394	1528762976.0
736	71	1528763180.0
224	287	1528763342.0
719	211	1528764220.0
525	147	1528764552.0
719	540	1528764684.0
660	303	1528764777.0
722	264	1528766405.0
722	417	1528766947.0
737	125	1528767282.0
737	283	1528767585.0
161	23	1528772405.0
161	368	1528773171.0
161	451	1528774462.0
314	32	1528777649.0
366	6	1528779396.0
676	431	1528803973.0
732	206	1528812327.0
738	119	1528814620.0
738	354	1528815018.0
738	374	1528815642.0
579	456	1528816317.0
579	5	1528816438.0
105	348	1528818210.0
636	1	1528821582.0
284	272	1528822926.0
729	88	1528828308.0
711	76	1528831189.0
252	71	1528832347.0
224	300	1528836699.0
733	628	1528837320.0
2	522	1528838090.0
88	41	1528838159.0
248	508	1528841038.0
248	108	1528841263.0
377	107	1528845644.0
250	545	1528845876.0
573	525	1528846236.0
739	5	1528848119.0
350	96	1528850573.0
722	741	1528852792.0
637	555	1528853464.0
325	194	1528854032.0
325	735	1528854256.0
261	83	1528854377.0
660	303	1528855673.0
68	227	1528856486.0
68	180	1528856814.0
75	239	1528857492.0
731	486	1528859545.0
731	402	1528859664.0
731	560	1528859757.0
248	765	1528859780.0
676	109	1528882853.0
183	306	1528892257.0
181	20	1528893701.0
183	638	1528894571.0
40	20	1528899493.0
630	504	1528900999.0
543	554	1528902488.0
238	305	1528905180.0
722	5	1528905745.0
238	9	1528905823.0
238	176	1528906514.0
494	155	1528908231.0
717	423	1528911323.0
66	278	1528911615.0
717	354	1528911879.0
738	169	1528911884.0
738	464	1528912122.0
738	24	1528912371.0
339	688	1528914310.0
402	350	1528916984.0
85	297	1528918358.0
263	608	1528918768.0
85	264	1528919876.0
582	75	1528922056.0
182	741	1528924383.0
683	201	1528927525.0
683	735	1528927781.0
19	493	1528930434.0
740	98	1528931215.0
740	417	1528931632.0
740	68	1528931805.0
740	234	1528931958.0
740	31	1528932318.0
740	263	1528932463.0
740	128	1528933085.0
740	537	1528933317.0
741	157	1528934889.0
603	651	1528936189.0
607	456	1528939951.0
88	503	1528940938.0
108	40	1528941594.0
81	38	1528941664.0
719	118	1528943367.0
505	24	1528950111.0
599	657	1528950675.0
676	124	1528960861.0
339	477	1528980608.0
64	766	1528982187.0
98	467	1528986986.0
98	246	1528987544.0
98	684	1528989984.0
233	351	1528993819.0
80	219	1528999072.0
471	113	1528999329.0
588	17	1529002393.0
494	500	1529006858.0
80	11	1529011593.0
80	239	1529011834.0
80	502	1529011920.0
168	186	1529022354.0
646	88	1529023912.0
697	30	1529027542.0
697	244	1529028026.0
256	165	1529028955.0
600	599	1529029856.0
600	86	1529029941.0
433	52	1529036367.0
157	515	1529038605.0
157	645	1529038688.0
677	487	1529040583.0
637	211	1529066957.0
263	28	1529069938.0
256	109	1529070848.0
538	135	1529071388.0
559	5	1529073847.0
94	113	1529074994.0
94	39	1529075236.0
94	121	1529075406.0
33	767	1529075620.0
0	17	1529075920.0
686	311	1529076720.0
201	155	1529083450.0
688	317	1529085162.0
360	400	1529086065.0
719	131	1529086372.0
632	587	1529093842.0
21	768	1529094004.0
742	475	1529094379.0
742	378	1529094553.0
742	206	1529094616.0
680	417	1529095554.0
607	79	1529100293.0
736	237	1529107146.0
635	153	1529108090.0
14	67	1529112997.0
381	479	1529115296.0
126	205	1529119210.0
688	330	1529150257.0
705	691	1529150864.0
454	317	1529150973.0
454	19	1529151022.0
123	484	1529153129.0
38	148	1529153683.0
163	33	1529154902.0
35	655	1529159492.0
736	715	1529162301.0
739	108	1529162402.0
565	341	1529162524.0
548	146	1529165385.0
548	683	1529165762.0
565	749	1529165853.0
313	406	1529166238.0
505	41	1529168596.0
57	85	1529174076.0
484	111	1529181997.0
417	219	1529183796.0
582	194	1529184149.0
85	456	1529186293.0
637	580	1529187120.0
189	6	1529187912.0
630	47	1529191998.0
457	266	1529197513.0
440	231	1529200732.0
126	685	1529203800.0
719	591	1529204669.0
627	20	1529204799.0
121	769	1529206853.0
619	107	1529239157.0
513	482	1529242999.0
683	95	1529244291.0
456	411	1529246511.0
35	321	1529246578.0
14	64	1529248824.0
452	754	1529249229.0
51	640	1529250108.0
197	741	1529254914.0
197	699	1529255123.0
197	692	1529255670.0
197	736	1529256328.0
197	92	1529256657.0
197	559	1529256884.0
197	319	1529257291.0
197	423	1529257461.0
697	743	1529257499.0
697	747	1529257925.0
743	94	1529260845.0
688	6	1529261739.0
733	422	1529263694.0
366	351	1529264178.0
214	320	1529264186.0
633	2	1529265000.0
35	726	1529265883.0
641	575	1529267596.0
483	314	1529267626.0
35	115	1529267890.0
744	699	1529269103.0
744	141	1529269591.0
413	60	1529271451.0
174	481	1529271797.0
745	206	1529273465.0
582	585	1529273812.0
745	41	1529274289.0
745	179	1529275111.0
745	43	1529275987.0
745	30	1529276957.0
407	21	1529278703.0
54	5	1529279153.0
102	114	1529279175.0
224	246	1529284021.0
407	550	1529286772.0
407	45	1529287061.0
612	337	1529291530.0
746	391	1529291964.0
612	467	1529292188.0
746	92	1529292219.0
746	45	1529292293.0
746	148	1529292397.0
746	266	1529292523.0
746	368	1529292668.0
102	437	1529292736.0
746	34	1529292788.0
746	94	1529292897.0
21	166	1529324237.0
199	456	1529332729.0
722	645	1529333275.0
722	51	1529334322.0
683	53	1529336884.0
607	10	1529339580.0
81	337	1529344146.0
340	611	1529344679.0
717	486	1529348610.0
178	728	1529348944.0
747	57	1529357440.0
224	445	1529360728.0
70	53	1529362829.0
230	251	1529366362.0
719	695	1529371193.0
748	286	1529371560.0
719	533	1529372370.0
749	289	1529372440.0
142	513	1529374660.0
272	766	1529374884.0
141	689	1529375376.0
37	180	1529412450.0
286	499	1529412934.0
124	538	1529422932.0
124	179	1529424080.0
744	206	1529424606.0
744	464	1529424894.0
744	282	1529425783.0
744	44	1529426429.0
739	479	1529426512.0
603	86	1529426569.0
603	233	1529427082.0
744	686	1529427607.0
603	467	1529427664.0
744	317	1529428544.0
603	336	1529428631.0
603	346	1529428777.0
142	90	1529428859.0
744	35	1529429262.0
603	629	1529429264.0
744	211	1529429505.0
744	21	1529429857.0
252	137	1529430000.0
469	225	1529430655.0
14	623	1529431153.0
660	9	1529433211.0
744	677	1529435206.0
744	57	1529435878.0
98	768	1529436622.0
287	97	1529437961.0
744	709	1529439803.0
744	660	1529440217.0
163	481	1529442537.0
250	625	1529444837.0
366	247	1529444973.0
366	574	1529446773.0
469	436	1529449490.0
21	125	1529451572.0
685	735	1529451610.0
230	696	1529453571.0
48	97	1529456553.0
353	1	1529459203.0
14	57	1529460129.0
353	56	1529461350.0
701	85	1529462957.0
661	609	1529466013.0
332	132	1529478824.0
332	248	1529479151.0
332	100	1529479820.0
722	766	1529496721.0
430	71	1529497762.0
27	202	1529499565.0
459	750	1529502076.0
573	533	1529512448.0
40	199	1529512726.0
749	426	1529513871.0
750	651	1529515352.0
65	726	1529520069.0
563	392	1529520392.0
751	57	1529528729.0
747	131	1529530265.0
36	114	1529530690.0
148	160	1529532386.0
21	723	1529535452.0
106	233	1529537290.0
752	88	1529541541.0
707	290	1529541545.0
168	696	1529541672.0
457	317	1529543119.0
457	23	1529543193.0
457	2	1529544161.0
457	264	1529544268.0
325	408	1529544373.0
457	43	1529544464.0
42	409	1529544473.0
547	741	1529547512.0
353	199	1529547804.0
245	334	1529548919.0
753	396	1529549145.0
745	87	1529553593.0
165	235	1529582591.0
37	527	1529591315.0
754	44	1529593415.0
755	516	1529593779.0
382	545	1529594083.0
382	80	1529595767.0
744	51	1529596142.0
544	256	1529596199.0
103	770	1529596581.0
744	177	1529596887.0
744	295	1529598009.0
745	369	1529599322.0
745	338	1529601075.0
745	653	1529602341.0
745	104	1529603046.0
183	134	1529603528.0
548	97	1529612474.0
142	556	1529621478.0
376	621	1529625885.0
173	769	1529628017.0
230	157	1529628088.0
736	186	1529628842.0
494	236	1529630369.0
567	322	1529637321.0
717	267	1529672126.0
207	482	1529672255.0
717	256	1529672880.0
467	247	1529673172.0
21	246	1529673455.0
467	750	1529673802.0
167	134	1529683281.0
719	663	1529684015.0
683	120	1529687210.0
713	35	1529688704.0
555	741	1529698532.0
39	525	1529699364.0
116	722	1529700446.0
747	448	1529705657.0
457	266	1529707332.0
432	266	1529712108.0
79	234	1529712912.0
293	309	1529714406.0
733	381	1529718529.0
756	672	1529729716.0
337	84	1529730096.0
756	573	1529730306.0
352	354	1529731935.0
756	28	1529736978.0
722	703	1529760463.0
407	487	1529767832.0
288	199	1529768523.0
719	269	1529769526.0
747	31	1529770973.0
731	543	1529771692.0
731	43	1529771817.0
731	282	1529772036.0
18	338	1529772784.0
658	524	1529773284.0
248	36	1529773656.0
90	582	1529773687.0
90	0	1529774018.0
757	475	1529777052.0
483	741	1529777135.0
313	662	1529777716.0
220	648	1529779357.0
319	360	1529780046.0
758	29	1529781656.0
535	648	1529782041.0
14	437	1529783520.0
14	652	1529783756.0
390	174	1529785100.0
14	386	1529786457.0
756	706	1529786702.0
432	353	1529788464.0
253	696	1529790225.0
305	140	1529791953.0
432	78	1529794694.0
745	768	1529800524.0
307	600	1529804120.0
563	30	1529807604.0
563	28	1529808751.0
646	766	1529810054.0
646	663	1529810517.0
664	565	1529811691.0
664	53	1529812341.0
759	330	1529813262.0
719	44	1529815867.0
105	696	1529843818.0
105	73	1529845745.0
105	634	1529846267.0
711	400	1529848430.0
486	626	1529849013.0
544	670	1529851561.0
545	435	1529855362.0
644	158	1529857193.0
697	632	1529858687.0
263	288	1529859004.0
726	396	1529859498.0
248	566	1529860203.0
722	708	1529860985.0
51	168	1529862249.0
628	272	1529863510.0
365	65	1529864630.0
760	252	1529864892.0
722	270	1529865068.0
537	13	1529865376.0
594	651	1529870094.0
159	719	1529871263.0
221	142	1529872449.0
761	393	1529872475.0
542	53	1529874053.0
633	184	1529875003.0
719	549	1529875704.0
349	136	1529878515.0
361	153	1529878893.0
762	472	1529888039.0
730	69	1529888761.0
550	449	1529888862.0
459	595	1529891797.0
459	3	1529892243.0
710	672	1529892267.0
459	301	1529892470.0
447	528	1529892671.0
447	38	1529893054.0
102	579	1529893595.0
563	703	1529895913.0
548	64	1529896437.0
635	28	1529900041.0
34	458	1529931727.0
707	282	1529932271.0
164	550	1529935325.0
54	230	1529937301.0
483	391	1529938690.0
39	439	1529939311.0
39	281	1529939552.0
738	43	1529943673.0
140	412	1529944732.0
140	238	1529945036.0
309	66	1529945647.0
738	61	1529946166.0
738	549	1529947047.0
180	346	1529947694.0
447	201	1529949872.0
579	131	1529950937.0
579	363	1529951195.0
579	185	1529951899.0
763	178	1529952307.0
483	158	1529953473.0
723	694	1529954155.0
40	743	1529955337.0
700	771	1529956215.0
749	736	1529957115.0
745	44	1529957213.0
745	20	1529958122.0
158	23	1529962270.0
318	604	1529965761.0
745	131	1529966236.0
542	455	1529971973.0
105	60	1529977036.0
757	41	1529978440.0
579	757	1529979994.0
579	41	1529980150.0
756	642	1529983361.0
621	41	1529991120.0
683	143	1530013314.0
181	421	1530017114.0
145	28	1530023606.0
700	203	1530025390.0
39	107	1530026410.0
469	478	1530034468.0
764	57	1530037131.0
454	772	1530045143.0
221	433	1530045269.0
454	352	1530045285.0
454	43	1530045527.0
454	151	1530045570.0
454	386	1530045620.0
454	2	1530045716.0
454	71	1530045762.0
723	467	1530045787.0
454	177	1530045923.0
723	26	1530046298.0
505	329	1530046579.0
723	206	1530046814.0
635	211	1530048368.0
15	306	1530051274.0
250	43	1530062352.0
141	625	1530062743.0
141	57	1530063588.0
123	408	1530065505.0
36	708	1530098488.0
34	44	1530102837.0
34	143	1530103235.0
34	83	1530103963.0
34	609	1530104292.0
34	59	1530105063.0
719	631	1530107436.0
719	197	1530107836.0
142	708	1530110023.0
536	266	1530111455.0
590	390	1530114602.0
39	35	1530115384.0
36	530	1530118209.0
180	370	1530121021.0
206	255	1530121367.0
737	31	1530122286.0
267	70	1530128087.0
13	532	1530128127.0
13	2	1530128412.0
63	264	1530129662.0
265	364	1530129837.0
107	130	1530130647.0
765	312	1530131041.0
765	2	1530131541.0
164	41	1530131761.0
723	632	1530131938.0
20	130	1530132823.0
364	9	1530134298.0
582	235	1530136737.0
582	328	1530137417.0
173	503	1530137619.0
766	0	1530137642.0
766	31	1530137856.0
766	41	1530137911.0
159	97	1530140416.0
21	719	1530143628.0
47	226	1530143942.0
47	579	1530144275.0
525	149	1530146923.0
582	47	1530147805.0
195	238	1530148155.0
525	98	1530148300.0
447	311	1530156767.0
447	436	1530157892.0
447	478	1530158533.0
767	484	1530159505.0
745	565	1530161069.0
36	669	1530186014.0
240	723	1530192242.0
722	36	1530194299.0
422	204	1530196891.0
284	26	1530202613.0
420	2	1530202778.0
399	6	1530205501.0
722	735	1530206517.0
39	201	1530207044.0
717	516	1530208232.0
134	42	1530208784.0
765	84	1530210480.0
737	41	1530212532.0
340	174	1530217364.0
113	611	1530221167.0
113	381	1530221678.0
757	179	1530221695.0
113	240	1530222820.0
384	205	1530227190.0
384	20	1530227682.0
646	195	1530228456.0
646	674	1530228837.0
505	654	1530230019.0
210	287	1530243002.0
210	378	1530243083.0
141	680	1530255824.0
156	0	1530268243.0
768	745	1530273983.0
40	773	1530275305.0
40	723	1530275851.0
768	113	1530276163.0
40	407	1530276280.0
420	491	1530277950.0
77	425	1530279803.0
619	136	1530280247.0
769	71	1530280272.0
297	762	1530280506.0
769	437	1530280815.0
78	594	1530285151.0
737	157	1530285907.0
108	354	1530286443.0
144	338	1530290312.0
768	416	1530291176.0
144	78	1530291496.0
729	95	1530291579.0
144	645	1530292094.0
751	58	1530294686.0
68	442	1530301470.0
21	250	1530302245.0
732	695	1530309111.0
146	9	1530309998.0
146	757	1530310855.0
146	389	1530311633.0
732	743	1530312600.0
268	89	1530323266.0
192	10	1530331564.0
548	497	1530347631.0
299	14	1530363351.0
354	58	1530363688.0
354	36	1530363809.0
354	275	1530364399.0
722	239	1530364534.0
143	676	1530364729.0
722	281	1530364819.0
365	7	1530365298.0
722	61	1530365400.0
146	774	1530367292.0
38	710	1530368077.0
417	563	1530368093.0
146	44	1530368112.0
668	577	1530370603.0
60	359	1530370610.0
118	643	1530370721.0
770	487	1530372203.0
742	417	1530377354.0
770	198	1530377497.0
742	108	1530377530.0
742	31	1530377970.0
742	264	1530378251.0
231	312	1530381584.0
500	346	1530382766.0
231	256	1530383869.0
559	444	1530384094.0
559	731	1530384616.0
770	642	1530384936.0
770	490	1530385007.0
419	367	1530398017.0
149	195	1530398812.0
68	688	1530399675.0
114	113	1530403413.0
218	616	1530404292.0
14	148	1530404451.0
771	711	1530405194.0
711	31	1530407074.0
719	341	1530407104.0
230	29	1530407343.0
275	188	1530408309.0
178	608	1530408689.0
772	556	1530410672.0
697	439	1530417416.0
509	606	1530418891.0
746	130	1530423178.0
119	735	1530426441.0
107	500	1530442455.0
21	610	1530448129.0
271	347	1530451642.0
399	131	1530452876.0
582	245	1530455135.0
168	285	1530459627.0
537	463	1530461757.0
364	625	1530462384.0
537	214	1530462942.0
635	775	1530463407.0
537	215	1530463997.0
766	23	1530465395.0
766	179	1530465482.0
766	206	1530465626.0
707	564	1530471804.0
168	43	1530474515.0
500	30	1530478537.0
500	276	1530479022.0
646	69	1530483112.0
451	755	1530484713.0
451	598	1530484757.0
78	143	1530484969.0
323	28	1530487476.0
78	251	1530487813.0
323	495	1530488254.0
409	360	1530490046.0
146	553	1530490198.0
77	544	1530491625.0
77	741	1530491977.0
537	203	1530492050.0
325	589	1530492504.0
213	165	1530494383.0
770	738	1530494398.0
599	408	1530495308.0
518	280	1530495917.0
360	7	1530495949.0
601	114	1530498074.0
381	703	1530500086.0
756	391	1530504361.0
108	488	1530510041.0
761	146	1530532795.0
399	743	1530538306.0
164	372	1530548732.0
419	454	1530549039.0
15	96	1530552670.0
2	265	1530554367.0
429	283	1530554606.0
773	30	1530554676.0
773	681	1530555640.0
52	369	1530556149.0
429	73	1530556238.0
429	63	1530556314.0
429	272	1530556410.0
429	753	1530556825.0
134	566	1530556871.0
429	705	1530557123.0
734	735	1530557361.0
749	95	1530558126.0
224	112	1530558190.0
429	31	1530558563.0
429	332	1530558658.0
90	456	1530559259.0
429	169	1530559323.0
429	598	1530559374.0
745	268	1530563472.0
157	499	1530564394.0
745	512	1530566161.0
119	674	1530569984.0
187	22	1530572139.0
756	113	1530572351.0
702	123	1530573235.0
702	247	1530573315.0
702	207	1530573401.0
719	159	1530579646.0
187	132	1530583701.0
251	752	1530584607.0
763	88	1530586939.0
763	300	1530587279.0
763	307	1530587556.0
763	92	1530587915.0
763	206	1530588135.0
763	264	1530588323.0
763	308	1530589006.0
505	352	1530590032.0
299	20	1530617451.0
165	325	1530622805.0
770	450	1530625075.0
363	234	1530626083.0
719	295	1530630209.0
684	41	1530646232.0
697	69	1530652165.0
408	31	1530653297.0
192	371	1530654152.0
723	556	1530655621.0
2	177	1530656489.0
774	275	1530656897.0
125	73	1530657289.0
42	554	1530657362.0
247	89	1530657987.0
68	256	1530659905.0
353	433	1530665949.0
697	513	1530665955.0
15	391	1530671269.0
15	283	1530671900.0
60	609	1530675157.0
736	659	1530679343.0
736	539	1530679545.0
447	67	1530689262.0
447	732	1530689840.0
722	27	1530705720.0
1	88	1530710681.0
775	70	1530716290.0
770	498	1530716636.0
522	355	1530719667.0
522	301	1530720068.0
441	695	1530720291.0
441	765	1530720345.0
770	747	1530724442.0
770	568	1530725043.0
513	504	1530726635.0
513	111	1530728505.0
303	529	1530729962.0
303	31	1530730108.0
749	58	1530732490.0
322	746	1530733295.0
770	527	1530735240.0
217	110	1530735685.0
505	498	1530736588.0
301	57	1530737977.0
537	305	1530739376.0
217	704	1530740616.0
734	67	1530745221.0
697	89	1530749808.0
447	776	1530749910.0
470	449	1530750295.0
662	81	1530751588.0
770	259	1530755725.0
464	217	1530792644.0
128	165	1530794798.0
770	321	1530796846.0
707	564	1530799782.0
207	34	1530800392.0
24	755	1530800692.0
285	452	1530803761.0
151	275	1530804254.0
695	110	1530807889.0
423	777	1530810622.0
663	710	1530811609.0
203	560	1530812070.0
203	473	1530813222.0
773	59	1530815345.0
632	597	1530818498.0
776	102	1530819222.0
776	71	1530819593.0
551	129	1530819883.0
776	504	1530819973.0
551	275	1530821420.0
314	670	1530821736.0
776	44	1530821870.0
314	269	1530822241.0
100	160	1530824206.0
777	263	1530825634.0
582	45	1530827526.0
505	212	1530831704.0
751	501	1530835715.0
778	179	1530835766.0
778	626	1530836135.0
778	135	1530836344.0
778	282	1530836605.0
52	89	1530842089.0
106	62	1530842280.0
219	741	1530843045.0
353	384	1530843830.0
119	406	1530847921.0
493	771	1530872735.0
768	498	1530875736.0
442	729	1530876024.0
746	179	1530878454.0
442	19	1530878885.0
240	340	1530883162.0
284	272	1530883566.0
126	131	1530886353.0
683	6	1530893066.0
288	134	1530897474.0
200	20	1530897675.0
200	226	1530897756.0
613	364	1530904687.0
39	331	1530909190.0
212	472	1530910267.0
399	628	1530917933.0
506	433	1530918685.0
558	314	1530926838.0
413	30	1530927171.0
95	275	1530927600.0
506	116	1530932509.0
733	177	1530938698.0
213	177	1530962041.0
38	234	1530963563.0
38	476	1530963815.0
464	275	1530964087.0
38	166	1530964213.0
464	492	1530964232.0
38	110	1530964967.0
528	520	1530967915.0
440	778	1530968781.0
440	452	1530969055.0
440	56	1530969512.0
440	28	1530970092.0
616	11	1530972181.0
413	108	1530972629.0
112	779	1530973113.0
32	64	1530974228.0
504	708	1530975656.0
112	506	1530975740.0
365	272	1530975900.0
756	462	1530976013.0
494	723	1530982760.0
739	683	1530985831.0
309	585	1530992227.0
719	365	1530994778.0
269	135	1530996146.0
504	227	1530998633.0
504	393	1530998977.0
5	738	1530999950.0
501	269	1531005756.0
340	672	1531006256.0
303	20	1531007736.0
779	593	1531013498.0
780	594	1531014009.0
780	696	1531014350.0
780	131	1531014795.0
780	275	1531014956.0
780	179	1531015442.0
161	716	1531019853.0
684	316	1531020944.0
161	505	1531020993.0
673	177	1531021129.0
380	522	1531023716.0
781	641	1531049420.0
781	426	1531049631.0
743	372	1531053044.0
715	189	1531054656.0
782	131	1531055099.0
178	9	1531056452.0
262	6	1531056846.0
262	486	1531057132.0
408	83	1531058844.0
783	576	1531061905.0
783	206	1531061994.0
178	76	1531062929.0
528	275	1531064109.0
783	189	1531065344.0
783	658	1531065606.0
20	698	1531066745.0
365	741	1531074024.0
784	16	1531078000.0
309	206	1531078388.0
723	42	1531078404.0
781	283	1531078599.0
781	36	1531078744.0
315	727	1531080700.0
119	28	1531084437.0
44	67	1531085890.0
256	617	1531086202.0
553	665	1531091638.0
535	136	1531093125.0
14	435	1531094396.0
14	134	1531095387.0
504	693	1531095644.0
181	84	1531098126.0
458	657	1531098337.0
504	186	1531100651.0
92	742	1531100961.0
190	131	1531102228.0
79	604	1531102656.0
96	471	1531104681.0
782	445	1531105137.0
782	561	1531105334.0
745	738	1531128420.0
25	5	1531140484.0
159	295	1531144551.0
738	235	1531145433.0
40	727	1531147724.0
785	93	1531148055.0
143	10	1531150574.0
233	696	1531152961.0
533	483	1531155567.0
39	23	1531159224.0
364	119	1531160846.0
786	695	1531166326.0
786	136	1531166402.0
787	671	1531166454.0
786	264	1531166472.0
786	126	1531170745.0
786	648	1531170820.0
533	206	1531172665.0
478	62	1531173097.0
478	723	1531173872.0
505	34	1531175360.0
621	400	1531175869.0
512	776	1531185105.0
83	39	1531186199.0
528	582	1531186427.0
525	47	1531187872.0
736	391	1531190028.0
736	464	1531190344.0
639	699	1531190557.0
639	20	1531191220.0
788	47	1531191260.0
689	740	1531192706.0
766	379	1531194256.0
783	350	1531197142.0
119	359	1531197195.0
689	240	1531231643.0
533	651	1531233193.0
717	207	1531236308.0
707	319	1531236336.0
40	79	1531236676.0
662	201	1531237139.0
280	780	1531237236.0
662	272	1531237994.0
130	776	1531238670.0
746	414	1531238889.0
607	177	1531245924.0
607	137	1531246114.0
719	340	1531254267.0
719	174	1531254732.0
79	544	1531255159.0
719	472	1531255241.0
719	704	1531255904.0
789	267	1531258260.0
789	346	1531258807.0
789	486	1531259828.0
432	566	1531260726.0
150	365	1531261814.0
533	281	1531266593.0
786	461	1531266618.0
533	50	1531266665.0
525	88	1531266799.0
172	616	1531269394.0
220	474	1531270077.0
107	132	1531272768.0
504	218	1531272931.0
788	44	1531273469.0
203	744	1531276946.0
192	435	1531281965.0
292	145	1531283556.0
790	113	1531299652.0
790	630	1531299712.0
791	488	1531312767.0
40	26	1531318075.0
791	65	1531318769.0
284	128	1531319786.0
791	616	1531321362.0
722	365	1531322832.0
412	285	1531326573.0
509	85	1531330845.0
509	180	1531331241.0
40	535	1531338495.0
778	424	1531351503.0
147	314	1531351904.0
147	528	1531352176.0
147	678	1531352287.0
240	340	1531354358.0
505	30	1531355228.0
778	697	1531355634.0
792	264	1531355790.0
116	452	1531355801.0
96	63	1531355860.0
116	601	1531356558.0
412	85	1531356919.0
116	389	1531357014.0
464	13	1531400687.0
288	695	1531405403.0
464	670	1531406153.0
181	372	1531407131.0
40	98	1531407194.0
181	670	1531407420.0
782	692	1531407950.0
590	242	1531410113.0
548	216	1531412936.0
218	341	1531416450.0
713	349	1531422270.0
256	200	1531423253.0
15	378	1531424345.0
460	330	1531427759.0
441	401	1531438057.0
14	611	1531439043.0
713	445	1531439306.0
409	20	1531440439.0
611	421	1531445294.0
611	345	1531445856.0
562	31	1531447993.0
783	669	1531448424.0
57	244	1531448522.0
57	380	1531449190.0
360	160	1531449271.0
57	213	1531451099.0
343	640	1531458462.0
599	706	1531458737.0
343	298	1531458874.0
343	131	1531458941.0
343	448	1531459115.0
57	44	1531479750.0
70	558	1531483311.0
758	331	1531487300.0
631	256	1531489358.0
27	57	1531491992.0
57	6	1531493410.0
382	631	1531494417.0
39	275	1531496249.0
569	43	1531496313.0
282	56	1531496551.0
282	341	1531497629.0
436	398	1531500813.0
181	579	1531503992.0
126	674	1531506446.0
368	243	1531511399.0
432	26	1531520757.0
432	156	1531521208.0
322	273	1531521355.0
322	651	1531522217.0
722	781	1531526651.0
542	597	1531534924.0
203	148	1531537469.0
697	8	1531543533.0
505	586	1531544158.0
778	434	1531571290.0
19	719	1531573375.0
793	725	1531575001.0
614	417	1531587132.0
432	131	1531587339.0
497	459	1531589516.0
440	346	1531589879.0
464	168	1531589917.0
373	345	1531590014.0
373	39	1531590725.0
748	752	1531596552.0
203	464	1531601518.0
631	160	1531611673.0
746	641	1531612799.0
210	587	1531615744.0
631	576	1531619109.0
628	372	1531620067.0
697	29	1531620199.0
601	581	1531622466.0
89	29	1531628575.0
89	398	1531629563.0
89	414	1531630119.0
41	687	1531654032.0
542	388	1531659437.0
746	745	1531663639.0
794	378	1531666230.0
154	149	1531668788.0
467	340	1531669021.0
213	147	1531671113.0
299	299	1531671189.0
0	439	1531672241.0
509	98	1531672469.0
795	294	1531680308.0
795	690	1531680928.0
595	773	1531685684.0
635	311	1531689197.0
117	544	1531696940.0
504	257	1531699236.0
277	757	1531705682.0
452	166	1531705973.0
277	774	1531706434.0
505	596	1531706630.0
368	609	1531708817.0
651	216	1531712895.0
516	195	1531743843.0
516	26	1531744990.0
516	284	1531745141.0
516	609	1531745305.0
99	766	1531746426.0
99	779	1531746817.0
39	251	1531747042.0
698	284	1531747046.0
39	39	1531747749.0
717	97	1531749706.0
717	341	1531751092.0
791	412	1531751451.0
215	1	1531751643.0
717	741	1531752183.0
3	57	1531752249.0
717	354	1531753672.0
717	604	1531754127.0
491	149	1531756202.0
335	181	1531763927.0
431	316	1531767760.0
773	650	1531769532.0
796	206	1531772442.0
796	41	1531772525.0
39	131	1531774237.0
796	48	1531775311.0
259	766	1531776709.0
515	321	1531777361.0
99	781	1531779275.0
368	597	1531780805.0
532	471	1531786187.0
505	245	1531786454.0
360	205	1531788670.0
730	639	1531788735.0
312	275	1531792039.0
532	162	1531792245.0
561	10	1531832574.0
748	326	1531842176.0
748	372	1531842338.0
467	436	1531844794.0
717	375	1531845013.0
384	88	1531845622.0
345	291	1531846327.0
339	291	1531849613.0
295	595	1531849894.0
748	244	1531850173.0
421	307	1531851224.0
776	156	1531851319.0
776	60	1531852343.0
295	782	1531852829.0
476	20	1531853126.0
284	509	1531853628.0
776	57	1531853945.0
776	69	1531856920.0
697	120	1531859026.0
251	532	1531860899.0
738	341	1531861745.0
251	14	1531862928.0
628	264	1531875687.0
372	186	1531881547.0
297	741	1531883964.0
505	259	1531884958.0
54	141	1531885145.0
163	307	1531900070.0
339	527	1531917858.0
67	408	1531920431.0
67	251	1531921999.0
424	289	1531923024.0
509	331	1531928282.0
36	70	1531930707.0
797	84	1531932993.0
683	391	1531934085.0
522	244	1531934199.0
242	449	1531939802.0
798	543	1531940331.0
338	528	1531944010.0
280	723	1531948226.0
280	768	1531948475.0
758	394	1531951177.0
182	43	1531955703.0
654	674	1531961070.0
744	45	1531966501.0
776	767	1531968339.0
744	470	1531968911.0
155	27	1531969899.0
95	364	1531969946.0
749	670	1531970753.0
753	780	1531974698.0
38	24	1532002964.0
38	484	1532003135.0
38	537	1532003554.0
288	38	1532003870.0
40	637	1532009348.0
799	678	1532009652.0
606	275	1532009893.0
606	621	1532010300.0
79	741	1532013282.0
595	441	1532014904.0
421	325	1532015416.0
421	63	1532015577.0
684	267	1532024968.0
684	378	1532025068.0
684	345	1532025523.0
39	520	1532025752.0
684	403	1532025906.0
764	351	1532025936.0
383	93	1532026107.0
588	98	1532034025.0
607	637	1532038231.0
607	321	1532038752.0
332	330	1532041246.0
312	670	1532045144.0
749	628	1532050460.0
123	145	1532051944.0
764	177	1532052377.0
688	597	1532053427.0
688	579	1532055330.0
688	696	1532056561.0
800	320	1532059090.0
800	43	1532059275.0
800	29	1532060445.0
800	132	1532060502.0
800	336	1532060549.0
800	201	1532061618.0
800	58	1532061701.0
800	102	1532061839.0
801	105	1532062975.0
801	370	1532064439.0
800	400	1532065048.0
243	520	1532085409.0
801	20	1532090058.0
801	569	1532090700.0
661	130	1532091833.0
25	332	1532093590.0
802	687	1532109644.0
803	57	1532110308.0
495	232	1532111630.0
804	196	1532114789.0
697	352	1532118586.0
801	57	1532118897.0
801	89	1532119602.0
801	530	1532120809.0
801	206	1532123069.0
746	651	1532124654.0
281	311	1532130034.0
49	625	1532130898.0
774	741	1532133821.0
805	173	1532133996.0
211	553	1532136179.0
351	236	1532136990.0
216	779	1532138512.0
242	766	1532140170.0
801	201	1532141429.0
640	153	1532149430.0
11	549	1532158318.0
591	67	1532163731.0
633	131	1532180884.0
612	288	1532181889.0
396	140	1532186024.0
668	712	1532187081.0
137	747	1532187905.0
403	353	1532188420.0
652	708	1532190694.0
394	88	1532191531.0
257	671	1532191811.0
365	287	1532194108.0
335	313	1532194833.0
537	129	1532195042.0
746	416	1532199972.0
484	501	1532200492.0
758	629	1532203794.0
758	114	1532204476.0
776	179	1532205365.0
635	179	1532205998.0
579	379	1532206365.0
776	708	1532207105.0
762	270	1532207749.0
500	396	1532210980.0
500	108	1532211121.0
806	43	1532221300.0
806	50	1532221451.0
806	113	1532221573.0
806	132	1532221610.0
806	336	1532221733.0
806	29	1532221889.0
806	59	1532222018.0
806	41	1532222090.0
806	244	1532222196.0
806	108	1532222296.0
806	47	1532222384.0
806	88	1532222639.0
806	662	1532222702.0
806	30	1532222814.0
806	240	1532222909.0
806	419	1532223039.0
806	28	1532223402.0
806	341	1532223575.0
806	378	1532223787.0
806	191	1532224026.0
806	276	1532224106.0
806	446	1532224244.0
806	278	1532224353.0
806	251	1532224704.0
342	781	1532226807.0
256	618	1532230633.0
522	766	1532233274.0
303	725	1532265224.0
303	575	1532266180.0
207	182	1532266955.0
798	64	1532274212.0
457	314	1532274447.0
159	61	1532279205.0
661	138	1532280560.0
803	175	1532282487.0
18	362	1532282779.0
635	743	1532284334.0
635	696	1532284495.0
635	105	1532285643.0
635	100	1532286224.0
807	48	1532286284.0
468	346	1532286900.0
726	149	1532287740.0
17	31	1532290185.0
17	131	1532290244.0
17	2	1532290330.0
797	43	1532290370.0
635	671	1532291245.0
756	329	1532293719.0
756	341	1532294181.0
448	453	1532294318.0
54	649	1532295835.0
335	178	1532296648.0
42	299	1532297668.0
699	1	1532301982.0
699	384	1532303355.0
808	275	1532309026.0
256	724	1532309605.0
727	721	1532311490.0
727	747	1532312725.0
727	58	1532313622.0
727	238	1532314912.0
809	394	1532315058.0
727	20	1532315630.0
172	597	1532316227.0
505	114	1532323311.0
18	500	1532338724.0
288	206	1532344677.0
746	504	1532347036.0
579	479	1532353329.0
579	364	1532353600.0
260	414	1532353712.0
673	544	1532354749.0
94	499	1532362122.0
40	377	1532363061.0
94	520	1532363690.0
68	301	1532366987.0
607	500	1532369490.0
39	765	1532377650.0
39	194	1532377944.0
338	56	1532380206.0
607	539	1532383757.0
810	467	1532383897.0
400	321	1532388284.0
94	483	1532388759.0
806	78	1532389160.0
806	40	1532389722.0
325	589	1532389811.0
548	622	1532393268.0
121	206	1532393635.0
121	57	1532393839.0
811	185	1532398783.0
399	90	1532407824.0
126	708	1532437509.0
121	21	1532443033.0
121	740	1532443199.0
64	229	1532443635.0
548	735	1532451417.0
796	417	1532451954.0
798	504	1532462017.0
635	177	1532467251.0
121	43	1532474246.0
107	44	1532474267.0
795	275	1532475422.0
812	625	1532477427.0
360	64	1532478342.0
579	20	1532478809.0
641	2	1532481792.0
641	670	1532482067.0
471	181	1532483059.0
325	194	1532485020.0
798	692	1532524541.0
775	608	1532528042.0
655	282	1532532970.0
124	549	1532538492.0
60	739	1532540319.0
717	348	1532544209.0
773	479	1532545138.0
717	499	1532545694.0
24	362	1532546029.0
813	420	1532549014.0
60	180	1532552553.0
399	114	1532553198.0
145	20	1532560604.0
145	439	1532560785.0
145	287	1532561044.0
325	2	1532562972.0
60	50	1532569511.0
123	459	1532570399.0
368	649	1532571269.0
222	635	1532580276.0
90	560	1532604086.0
121	367	1532606238.0
121	198	1532606488.0
475	472	1532608630.0
638	740	1532610030.0
798	493	1532614580.0
798	632	1532614797.0
699	693	1532617950.0
683	436	1532623517.0
683	227	1532623670.0
373	31	1532633539.0
746	352	1532639008.0
416	772	1532644765.0
737	169	1532644910.0
737	347	1532645270.0
416	375	1532648377.0
416	752	1532651011.0
416	148	1532653662.0
416	129	1532654101.0
416	244	1532654423.0
416	114	1532655750.0
464	394	1532658215.0
307	211	1532661190.0
416	207	1532662957.0
255	56	1532670073.0
256	499	1532690532.0
630	758	1532691724.0
630	206	1532692252.0
403	718	1532697680.0
442	741	1532700250.0
172	5	1532703936.0
809	6	1532714929.0
809	32	1532715014.0
70	625	1532718989.0
241	36	1532719073.0
164	302	1532719178.0
737	38	1532720083.0
737	612	1532720437.0
733	391	1532727770.0
312	67	1532727801.0
421	81	1532728129.0
103	287	1532728962.0
635	191	1532729483.0
635	266	1532729904.0
179	211	1532730486.0
275	783	1532731904.0
432	523	1532735838.0
222	741	1532738968.0
192	111	1532741865.0
558	784	1532742512.0
665	111	1532743560.0
500	741	1532747481.0
547	261	1532748957.0
547	38	1532749186.0
567	635	1532749298.0
734	670	1532752265.0
492	417	1532774717.0
630	454	1532780923.0
31	135	1532791133.0
595	777	1532792785.0
504	48	1532795017.0
103	162	1532800144.0
637	275	1532800906.0
751	544	1532804057.0
767	40	1532805086.0
734	98	1532805454.0
803	206	1532806024.0
463	225	1532808068.0
268	426	1532821164.0
814	398	1532826853.0
241	143	1532833704.0
241	701	1532834607.0
36	369	1532866648.0
630	513	1532868146.0
121	235	1532871978.0
121	179	1532872296.0
482	413	1532874190.0
386	434	1532877301.0
591	41	1532877892.0
189	264	1532879200.0
751	2	1532879626.0
734	0	1532881371.0
551	156	1532882031.0
775	430	1532882291.0
775	309	1532882769.0
775	178	1532883363.0
775	196	1532884327.0
67	681	1532884690.0
242	745	1532884698.0
775	202	1532884967.0
713	343	1532887452.0
775	177	1532887567.0
713	735	1532887609.0
751	177	1532891460.0
240	776	1532892691.0
678	351	1532895559.0
524	771	1532897066.0
364	689	1532897373.0
633	135	1532897575.0
815	734	1532897780.0
364	755	1532898092.0
73	87	1532899126.0
636	145	1532901907.0
60	528	1532902439.0
264	172	1532904953.0
680	741	1532904986.0
734	103	1532905471.0
734	423	1532906393.0
734	61	1532907020.0
207	339	1532908884.0
209	156	1532913235.0
554	281	1532917438.0
49	230	1532919902.0
816	29	1532924678.0
555	720	1532927003.0
54	184	1532956693.0
218	59	1532956974.0
764	41	1532959943.0
764	195	1532960758.0
129	20	1532961245.0
315	171	1532964548.0
315	41	1532965029.0
338	626	1532965174.0
662	285	1532969743.0
228	189	1532972955.0
791	150	1532974009.0
4	735	1532974724.0
373	242	1532977749.0
373	783	1532978221.0
338	680	1532978795.0
373	391	1532979321.0
762	179	1532979370.0
172	16	1532983414.0
373	127	1532985934.0
758	101	1532990600.0
498	751	1532991674.0
498	384	1532993217.0
635	311	1532993999.0
464	86	1532994410.0
497	671	1532994673.0
497	98	1532995472.0
440	676	1533008945.0
440	456	1533009346.0
817	766	1533009662.0
104	273	1533011007.0
628	88	1533036685.0
490	741	1533039890.0
490	267	1533040019.0
498	547	1533040219.0
630	608	1533040838.0
638	289	1533041367.0
498	59	1533041673.0
638	131	1533041865.0
440	264	1533050973.0
351	500	1533052724.0
406	182	1533052742.0
818	667	1533057922.0
686	98	1533067343.0
273	420	1533071439.0
273	182	1533071771.0
10	203	1533073640.0
819	470	1533075057.0
614	191	1533080935.0
729	224	1533082534.0
498	610	1533082907.0
582	76	1533086215.0
734	561	1533086259.0
360	645	1533087396.0
360	179	1533087587.0
203	609	1533090114.0
776	143	1533103191.0
630	73	1533124460.0
183	300	1533127488.0
183	107	1533128271.0
129	661	1533134766.0
614	230	1533134781.0
614	86	1533135200.0
572	415	1533137220.0
637	376	1533140323.0
750	780	1533142750.0
124	614	1533144964.0
297	785	1533145401.0
637	690	1533150564.0
749	247	1533150793.0
785	148	1533153533.0
503	270	1533155328.0
282	53	1533165611.0
282	776	1533166167.0
803	43	1533167071.0
803	630	1533167106.0
368	122	1533169308.0
805	587	1533169395.0
340	589	1533169635.0
325	194	1533173040.0
782	289	1533175157.0
408	63	1533176862.0
203	112	1533177695.0
203	94	1533180668.0
49	569	1533188208.0
183	563	1533204518.0
471	528	1533210899.0
40	560	1533212412.0
798	378	1533218509.0
757	287	1533219960.0
168	216	1533222297.0
14	107	1533224759.0
528	29	1533230122.0
786	81	1533230756.0
786	142	1533230980.0
380	88	1533244300.0
380	85	1533244401.0
380	176	1533244573.0
380	475	1533244646.0
380	491	1533244795.0
723	101	1533244861.0
281	458	1533251795.0
281	504	1533254297.0
734	699	1533259064.0
281	77	1533260934.0
625	329	1533262497.0
486	157	1533264356.0
203	169	1533268199.0
248	651	1533268359.0
734	730	1533269830.0
95	400	1533284574.0
630	69	1533298686.0
128	16	1533306853.0
284	535	1533307921.0
307	35	1533309050.0
636	563	1533311226.0
236	512	1533314017.0
236	221	1533314948.0
686	181	1533317167.0
342	128	1533334076.0
167	150	1533339220.0
38	434	1533342982.0
38	715	1533343151.0
689	30	1533345210.0
820	327	1533347204.0
820	57	1533347332.0
820	275	1533347490.0
820	741	1533347845.0
820	23	1533347965.0
820	701	1533348239.0
689	644	1533349961.0
251	605	1533351215.0
251	761	1533351470.0
251	346	1533352159.0
60	385	1533352301.0
801	126	1533362928.0
684	57	1533382285.0
798	530	1533385683.0
821	180	1533385737.0
782	663	1533387328.0
821	36	1533387411.0
470	628	1533390945.0
162	43	1533398983.0
756	321	1533402722.0
202	275	1533407554.0
742	437	1533407854.0
387	614	1533408837.0
432	356	1533409055.0
432	214	1533409243.0
815	97	1533411021.0
319	612	1533411390.0
505	686	1533412775.0
746	0	1533417209.0
186	206	1533417765.0
468	616	1533418228.0
111	30	1533421801.0
111	670	1533421916.0
111	278	1533422086.0
111	62	1533422306.0
162	676	1533427692.0
801	275	1533430058.0
190	317	1533430559.0
121	308	1533434297.0
121	309	1533434572.0
604	183	1533436485.0
504	143	1533437338.0
604	31	1533437359.0
504	262	1533437540.0
604	2	1533437722.0
764	88	1533438280.0
482	525	1533438421.0
604	331	1533438606.0
604	102	1533438768.0
604	61	1533439034.0
764	50	1533439214.0
604	69	1533439307.0
764	280	1533440121.0
666	786	1533477102.0
814	277	1533478033.0
814	536	1533479120.0
814	556	1533479540.0
814	1	1533480802.0
814	214	1533481224.0
798	379	1533483435.0
365	39	1533493842.0
23	196	1533500882.0
525	0	1533503583.0
764	6	1533506641.0
57	651	1533513468.0
101	157	1533513884.0
762	193	1533514768.0
348	287	1533515323.0
348	237	1533515974.0
348	36	1533516723.0
348	521	1533517759.0
206	385	1533517887.0
822	151	1533518892.0
822	406	1533518931.0
212	287	1533523451.0
107	406	1533525238.0
470	278	1533564471.0
658	401	1533564648.0
462	346	1533566176.0
197	276	1533567377.0
197	226	1533567495.0
197	264	1533567658.0
59	779	1533568049.0
197	130	1533568612.0
515	660	1533569494.0
781	197	1533571832.0
734	48	1533572226.0
781	157	1533572437.0
823	41	1533572617.0
467	499	1533572663.0
95	371	1533581953.0
713	160	1533583238.0
245	367	1533587633.0
738	94	1533589627.0
248	754	1533591728.0
248	30	1533591832.0
248	499	1533591872.0
414	79	1533597002.0
542	275	1533598095.0
325	71	1533601732.0
814	110	1533605939.0
654	85	1533607334.0
823	143	1533610035.0
110	352	1533611376.0
781	331	1533647714.0
781	71	1533648194.0
39	391	1533649014.0
21	272	1533655575.0
225	741	1533656466.0
781	177	1533657928.0
809	95	1533659180.0
824	128	1533661507.0
186	26	1533663302.0
252	417	1533664601.0
60	198	1533666358.0
342	524	1533666743.0
825	787	1533668102.0
825	24	1533668775.0
825	747	1533669124.0
825	671	1533670708.0
825	473	1533672048.0
798	720	1533672568.0
798	157	1533672728.0
798	232	1533672905.0
826	41	1533673531.0
826	32	1533673896.0
825	535	1533674681.0
37	507	1533675183.0
216	138	1533678677.0
216	627	1533678965.0
248	185	1533679131.0
42	788	1533685124.0
217	136	1533685232.0
217	202	1533685409.0
217	764	1533687570.0
239	549	1533689502.0
239	277	1533690273.0
399	269	1533690708.0
722	300	1533692329.0
806	89	1533692467.0
276	763	1533694538.0
399	683	1533694600.0
694	177	1533699746.0
694	406	1533699853.0
815	130	1533700865.0
523	435	1533701888.0
523	409	1533702103.0
713	720	1533734138.0
228	747	1533734888.0
675	23	1533738311.0
210	756	1533745385.0
648	766	1533749156.0
623	390	1533759746.0
530	276	1533761560.0
536	671	1533762703.0
826	235	1533762969.0
607	337	1533767494.0
812	625	1533773217.0
795	452	1533773388.0
305	371	1533774509.0
684	20	1533774792.0
806	351	1533774968.0
680	421	1533780295.0
746	15	1533781875.0
734	596	1533783100.0
285	63	1533784879.0
694	76	1533785190.0
325	194	1533809178.0
325	278	1533812729.0
702	651	1533816579.0
822	249	1533818017.0
822	260	1533818089.0
528	112	1533819554.0
39	50	1533822677.0
746	102	1533823956.0
221	655	1533825737.0
221	0	1533826061.0
755	19	1533833881.0
755	44	1533834304.0
236	284	1533837532.0
236	534	1533838120.0
163	43	1533841315.0
772	528	1533844611.0
469	451	1533844765.0
10	704	1533846172.0
10	640	1533846541.0
395	391	1533853657.0
395	538	1533854147.0
440	10	1533855180.0
820	159	1533866251.0
2	734	1533866460.0
340	558	1533867526.0
823	349	1533870085.0
822	17	1533903974.0
584	178	1533904606.0
584	25	1533904803.0
822	485	1533905035.0
768	206	1533906145.0
115	244	1533913881.0
299	789	1533915725.0
819	70	1533916864.0
819	631	1533917062.0
101	24	1533931657.0
363	20	1533931766.0
172	622	1533932780.0
7	544	1533937427.0
221	3	1533939236.0
621	85	1533940464.0
221	561	1533940903.0
143	226	1533943233.0
415	741	1533945272.0
817	50	1533946434.0
517	263	1533951718.0
112	332	1533951799.0
806	31	1533951954.0
34	631	1533952326.0
112	714	1533952612.0
34	241	1533952814.0
823	109	1533952949.0
637	135	1533957553.0
637	111	1533960199.0
637	358	1533960515.0
118	69	1533988664.0
236	13	1533988789.0
558	315	1533994355.0
325	5	1534001367.0
782	741	1534002592.0
525	251	1534003353.0
782	237	1534003644.0
782	59	1534003787.0
436	468	1534003797.0
827	655	1534005395.0
827	41	1534005783.0
224	784	1534009578.0
65	786	1534011216.0
107	7	1534011504.0
734	731	1534013487.0
612	128	1534015699.0
822	294	1534016089.0
822	696	1534017190.0
513	517	1534018436.0
513	31	1534020337.0
822	535	1534020752.0
822	81	1534021423.0
612	723	1534021497.0
612	659	1534021981.0
630	197	1534022524.0
372	616	1534023892.0
699	261	1534026213.0
190	681	1534027564.0
827	112	1534031738.0
827	171	1534032364.0
827	69	1534033131.0
827	282	1534033347.0
57	7	1534033399.0
827	270	1534033649.0
806	57	1534035862.0
394	88	1534038089.0
455	742	1534038735.0
181	38	1534039264.0
436	579	1534049908.0
104	538	1534059911.0
39	580	1534071501.0
588	342	1534076157.0
70	424	1534079595.0
826	267	1534081709.0
826	272	1534082683.0
826	619	1534082952.0
826	119	1534083221.0
826	251	1534083633.0
826	331	1534084178.0
826	423	1534084309.0
826	153	1534084614.0
339	643	1534084707.0
826	179	1534084803.0
471	435	1534085082.0
339	695	1534085997.0
702	588	1534086352.0
647	365	1534089080.0
380	207	1534089203.0
380	152	1534089304.0
380	213	1534089479.0
268	309	1534089521.0
758	185	1534089923.0
54	790	1534090178.0
828	689	1534093474.0
712	183	1534093675.0
15	196	1534095612.0
131	540	1534096495.0
15	306	1534096976.0
713	196	1534097520.0
817	43	1534097668.0
110	563	1534099476.0
95	233	1534102707.0
596	611	1534104718.0
464	266	1534105482.0
407	723	1534108400.0
550	786	1534109428.0
777	201	1534114716.0
213	2	1534115312.0
822	198	1534116096.0
822	348	1534116819.0
829	2	1534117251.0
822	723	1534117393.0
822	62	1534117796.0
822	616	1534120257.0
388	601	1534123006.0
388	479	1534123206.0
388	488	1534123707.0
388	671	1534123784.0
156	210	1534124519.0
830	177	1534125621.0
830	53	1534125932.0
831	603	1534125972.0
292	56	1534126302.0
658	274	1534126808.0
681	477	1534127077.0
658	717	1534127393.0
658	401	1534127458.0
681	369	1534128304.0
684	495	1534132975.0
832	425	1534133045.0
664	71	1534135183.0
553	237	1534159612.0
227	428	1534160155.0
227	248	1534160605.0
795	80	1534164671.0
39	134	1534167612.0
95	76	1534168418.0
39	543	1534168582.0
476	651	1534168671.0
644	179	1534172520.0
607	58	1534174797.0
233	350	1534177888.0
567	123	1534179647.0
809	143	1534179780.0
694	98	1534183999.0
39	406	1534184776.0
257	274	1534185647.0
690	141	1534192461.0
833	149	1534194219.0
49	135	1534195432.0
183	706	1534195510.0
568	768	1534197760.0
568	5	1534197885.0
833	291	1534200674.0
814	485	1534201525.0
833	376	1534205152.0
124	339	1534206250.0
47	31	1534206438.0
585	279	1534206791.0
833	605	1534208764.0
815	122	1534211285.0
145	791	1534212820.0
688	177	1534212893.0
241	740	1534215163.0
834	341	1534225740.0
579	409	1534248951.0
31	184	1534254882.0
615	322	1534256955.0
121	84	1534258128.0
543	625	1534262914.0
817	159	1534264072.0
817	50	1534264210.0
247	736	1534273796.0
678	41	1534274273.0
678	464	1534274595.0
143	185	1534276163.0
247	781	1534276550.0
835	143	1534284065.0
220	21	1534284463.0
62	331	1534288563.0
355	86	1534288733.0
355	108	1534289007.0
821	5	1534289093.0
355	122	1534289229.0
821	14	1534289247.0
156	703	1534290135.0
355	50	1534291247.0
820	781	1534291509.0
355	38	1534292590.0
825	255	1534299765.0
817	656	1534304351.0
815	169	1534334258.0
135	214	1534338927.0
135	302	1534339642.0
638	364	1534352363.0
641	791	1534352834.0
237	571	1534355298.0
638	5	1534356870.0
638	264	1534357654.0
421	780	1534358293.0
421	43	1534358732.0
483	160	1534358769.0
483	341	1534359409.0
662	777	1534361230.0
55	193	1534361555.0
530	31	1534365261.0
432	37	1534376103.0
200	280	1534377208.0
417	131	1534377601.0
200	207	1534378008.0
200	229	1534378252.0
200	175	1534378429.0
195	59	1534378508.0
417	741	1534378601.0
101	500	1534378833.0
118	723	1534378912.0
195	792	1534378917.0
200	481	1534379068.0
101	6	1534379142.0
178	670	1534381498.0
631	793	1534382588.0
200	29	1534382890.0
200	671	1534383146.0
200	386	1534383502.0
200	247	1534383808.0
782	378	1534385333.0
200	36	1534386402.0
200	651	1534386490.0
33	696	1534423669.0
39	421	1534426961.0
807	246	1534434498.0
10	346	1534435286.0
4	593	1534436462.0
64	35	1534436642.0
522	391	1534437302.0
522	650	1534437592.0
360	781	1534438339.0
522	785	1534438406.0
380	662	1534440728.0
817	281	1534445853.0
537	510	1534447218.0
522	703	1534450034.0
314	470	1534452724.0
836	57	1534453274.0
468	275	1534463001.0
476	113	1534467789.0
101	351	1534468798.0
101	534	1534469108.0
798	84	1534469304.0
102	766	1534469836.0
102	30	1534475973.0
102	227	1534476585.0
229	586	1534501862.0
229	357	1534502228.0
229	590	1534502821.0
762	649	1534504189.0
221	57	1534517770.0
445	741	1534521009.0
832	264	1534523191.0
837	501	1534524547.0
145	131	1534526479.0
70	168	1534526635.0
70	444	1534529566.0
637	763	1534531974.0
821	57	1534541647.0
144	123	1534543471.0
596	341	1534544932.0
821	41	1534550339.0
821	358	1534550757.0
595	31	1534556382.0
815	86	1534561849.0
455	664	1534562828.0
815	254	1534563871.0
637	637	1534566067.0
815	99	1534566348.0
815	733	1534568499.0
165	131	1534588856.0
765	303	1534594890.0
765	591	1534595099.0
765	55	1534595625.0
384	475	1534596435.0
823	113	1534598879.0
838	322	1534599762.0
143	231	1534602867.0
260	108	1534603895.0
648	781	1534609116.0
273	308	1534610804.0
84	408	1534613597.0
84	704	1534614042.0
273	441	1534614881.0
273	589	1534618648.0
14	411	1534625820.0
576	58	1534628329.0
576	331	1534628849.0
49	396	1534629114.0
255	613	1534630954.0
112	422	1534632356.0
101	420	1534640705.0
815	7	1534640804.0
838	64	1534644470.0
112	36	1534644595.0
838	174	1534645284.0
360	269	1534646186.0
815	41	1534652313.0
815	584	1534669146.0
637	678	1534677125.0
637	219	1534677605.0
637	727	1534679127.0
765	713	1534684891.0
585	264	1534691681.0
247	88	1534702224.0
107	284	1534703178.0
774	36	1534703581.0
760	101	1534704072.0
760	367	1534704523.0
760	670	1534705288.0
760	183	1534708162.0
611	678	1534710115.0
809	288	1534710414.0
704	268	1534711178.0
611	114	1534711502.0
542	747	1534711984.0
441	568	1534712101.0
441	752	1534712507.0
828	179	1534714714.0
288	436	1534715039.0
702	179	1534717762.0
702	331	1534717898.0
65	778	1534721000.0
712	239	1534722283.0
432	608	1534722783.0
432	197	1534723090.0
614	509	1534727174.0
702	177	1534727462.0
712	580	1534727994.0
399	293	1534728442.0
839	560	1534733766.0
250	153	1534765664.0
250	131	1534765755.0
428	94	1534767414.0
537	44	1534767804.0
428	683	1534768123.0
225	158	1534771872.0
781	35	1534778541.0
840	460	1534786937.0
840	378	1534787003.0
65	122	1534793977.0
1	167	1534794796.0
596	275	1534799355.0
501	283	1534804388.0
368	47	1534805452.0
478	175	1534807658.0
169	304	1534810387.0
167	350	1534814324.0
482	454	1534819180.0
712	129	1534819980.0
167	575	1534822781.0
762	373	1534823036.0
363	778	1534830549.0
244	454	1534850451.0
734	138	1534872867.0
717	605	1534874716.0
699	177	1534875840.0
699	32	1534876959.0
458	175	1534879201.0
458	723	1534879354.0
734	1	1534880130.0
841	160	1534880506.0
219	107	1534880519.0
497	521	1534880822.0
734	251	1534880973.0
83	696	1534880987.0
148	58	1534881181.0
734	206	1534881210.0
148	148	1534881601.0
249	5	1534881934.0
39	771	1534882483.0
799	542	1534889370.0
538	305	1534889590.0
224	201	1534891410.0
224	160	1534892345.0
224	136	1534893456.0
249	571	1534896164.0
607	579	1534902873.0
673	285	1534941365.0
766	691	1534941515.0
183	304	1534942292.0
215	67	1534948062.0
809	282	1534948158.0
807	788	1534951582.0
842	30	1534952280.0
838	535	1534953437.0
383	135	1534954845.0
383	616	1534955531.0
838	506	1534955688.0
143	560	1534955741.0
128	576	1534956053.0
607	151	1534958159.0
806	175	1534966278.0
838	256	1534966861.0
618	270	1534974023.0
152	771	1534976976.0
722	417	1534977060.0
797	53	1534978588.0
843	614	1534982653.0
843	21	1534982835.0
843	644	1534983354.0
843	487	1534984026.0
835	207	1534994635.0
835	244	1534994734.0
697	264	1535025145.0
73	275	1535032821.0
817	608	1535034274.0
817	614	1535034964.0
487	390	1535036069.0
151	310	1535038832.0
749	13	1535044572.0
844	17	1535045744.0
459	767	1535046573.0
39	690	1535046693.0
459	344	1535047624.0
606	129	1535047992.0
459	267	1535049612.0
668	680	1535053208.0
417	276	1535055197.0
475	403	1535058660.0
475	19	1535059541.0
618	742	1535059972.0
182	342	1535060677.0
182	321	1535061739.0
357	495	1535064866.0
432	502	1535068213.0
577	276	1535068895.0
438	238	1535072332.0
297	779	1535089038.0
149	794	1535114964.0
555	790	1535115161.0
817	421	1535118367.0
809	271	1535119183.0
809	108	1535120140.0
707	45	1535121518.0
266	437	1535126317.0
503	777	1535128194.0
459	720	1535128669.0
590	71	1535129830.0
143	294	1535130433.0
606	112	1535133079.0
522	95	1535134296.0
560	435	1535135202.0
582	491	1535143370.0
594	275	1535153926.0
594	20	1535154130.0
814	222	1535158257.0
821	275	1535158901.0
821	124	1535159044.0
31	532	1535160946.0
212	446	1535161748.0
399	520	1535164132.0
637	150	1535165216.0
836	41	1535165471.0
34	735	1535165547.0
34	160	1535166118.0
845	666	1535170705.0
585	379	1535173430.0
371	260	1535200745.0
697	795	1535201148.0
233	44	1535204807.0
245	543	1535205193.0
245	169	1535206443.0
654	158	1535207370.0
494	126	1535208459.0
494	38	1535208902.0
846	2	1535213628.0
637	299	1535214925.0
260	247	1535217819.0
260	398	1535218157.0
275	553	1535221186.0
828	357	1535223801.0
847	470	1535224550.0
848	275	1535227315.0
567	69	1535228169.0
14	325	1535229153.0
702	2	1535230437.0
702	264	1535230598.0
529	177	1535234103.0
849	378	1535235880.0
814	390	1535236262.0
325	268	1535242681.0
14	595	1535243119.0
143	723	1535244709.0
572	87	1535249198.0
212	645	1535249652.0
760	535	1535255276.0
836	645	1535255736.0
756	686	1535264006.0
790	20	1535282079.0
52	23	1535283899.0
834	498	1535287410.0
160	510	1535289527.0
160	341	1535289957.0
90	15	1535290058.0
529	36	1535290528.0
751	113	1535290896.0
168	206	1535296002.0
168	97	1535296424.0
390	243	1535297776.0
493	23	1535298899.0
850	397	1535299796.0
712	276	1535302523.0
432	197	1535305324.0
530	114	1535309078.0
358	574	1535309103.0
358	408	1535309303.0
783	134	1535309442.0
783	71	1535309576.0
689	108	1535311315.0
213	567	1535311623.0
847	709	1535311800.0
432	637	1535312332.0
712	249	1535312805.0
822	701	1535313066.0
674	161	1535315604.0
351	762	1535316180.0
851	417	1535320450.0
852	239	1535320479.0
248	784	1535323967.0
248	461	1535324504.0
807	354	1535324609.0
850	352	1535325180.0
850	386	1535325238.0
297	128	1535325511.0
850	723	1535325660.0
850	5	1535325791.0
14	195	1535326040.0
293	788	1535327155.0
853	175	1535329838.0
295	269	1535332110.0
295	107	1535332870.0
295	175	1535333450.0
473	477	1535333968.0
610	711	1535334939.0
835	43	1535337270.0
835	177	1535337716.0
835	379	1535338094.0
675	56	1535338951.0
101	548	1535339024.0
835	32	1535339034.0
101	166	1535339422.0
835	24	1535339593.0
101	221	1535339661.0
102	269	1535358678.0
435	43	1535371442.0
71	539	1535371907.0
372	520	1535375672.0
372	264	1535375901.0
37	691	1535376277.0
842	84	1535378369.0
842	47	1535381471.0
39	519	1535382270.0
713	757	1535384559.0
70	222	1535389451.0
851	141	1535392825.0
851	393	1535393041.0
851	10	1535394231.0
713	118	1535395453.0
851	743	1535395755.0
734	794	1535398050.0
180	105	1535399189.0
543	303	1535402401.0
387	469	1535404117.0
267	499	1535404143.0
387	194	1535404435.0
170	633	1535405788.0
819	44	1535408180.0
819	216	1535408561.0
482	160	1535409284.0
739	700	1535415967.0
795	601	1535418476.0
851	485	1535418841.0
814	38	1535421748.0
614	51	1535423923.0
110	59	1535426205.0
243	443	1535429457.0
817	351	1535442901.0
749	550	1535461255.0
750	346	1535463793.0
525	217	1535468568.0
525	114	1535469040.0
34	353	1535469173.0
739	143	1535473612.0
181	756	1535476761.0
146	695	1535477009.0
178	459	1535477553.0
516	180	1535478109.0
516	196	1535478338.0
146	217	1535478384.0
739	730	1535479514.0
421	771	1535480224.0
220	89	1535483115.0
731	446	1535483468.0
516	302	1535484694.0
542	177	1535485586.0
661	584	1535487889.0
756	345	1535488960.0
739	57	1535491385.0
731	97	1535493127.0
471	58	1535493185.0
731	249	1535493227.0
731	491	1535493740.0
731	28	1535493854.0
731	630	1535494025.0
731	44	1535494446.0
731	142	1535497547.0
731	274	1535497618.0
824	29	1535498360.0
795	284	1535498759.0
739	41	1535499361.0
273	238	1535501637.0
237	110	1535504617.0
714	41	1535504961.0
237	31	1535505063.0
814	167	1535505204.0
237	361	1535505420.0
854	6	1535506656.0
854	46	1535506809.0
607	464	1535508861.0
814	686	1535509289.0
436	538	1535543461.0
186	131	1535545438.0
27	78	1535546171.0
845	759	1535548278.0
713	267	1535548301.0
845	578	1535548815.0
85	81	1535550054.0
480	506	1535550616.0
480	60	1535551432.0
480	354	1535554540.0
421	745	1535555201.0
19	796	1535556585.0
731	57	1535562364.0
378	276	1535563501.0
822	788	1535563542.0
614	319	1535567801.0
40	533	1535573745.0
855	346	1535578466.0
821	283	1535581131.0
821	739	1535581328.0
356	128	1535583801.0
285	385	1535588340.0
750	475	1535589969.0
486	712	1535592522.0
163	331	1535592529.0
230	791	1535595745.0
823	407	1535597553.0
851	189	1535597766.0
92	268	1535603180.0
94	341	1535622833.0
856	482	1535627350.0
732	226	1535627569.0
857	56	1535630573.0
399	199	1535636819.0
749	612	1535640643.0
436	646	1535645781.0
436	7	1535646438.0
686	57	1535656112.0
724	356	1535658897.0
809	646	1535670086.0
855	247	1535671855.0
855	380	1535672035.0
745	488	1535673702.0
563	103	1535678366.0
806	651	1535679001.0
370	207	1535681794.0
823	352	1535683728.0
197	283	1535721533.0
52	113	1535723141.0
52	67	1535725438.0
52	520	1535725981.0
197	131	1535726519.0
850	62	1535729570.0
284	378	1535730425.0
753	349	1535731094.0
858	395	1535731692.0
850	592	1535732244.0
850	685	1535732612.0
850	768	1535732930.0
850	741	1535733125.0
850	226	1535737453.0
850	345	1535738385.0
850	177	1535739135.0
105	779	1535744001.0
858	448	1535747142.0
858	411	1535747235.0
165	422	1535749201.0
248	703	1535752146.0
355	199	1535758428.0
814	170	1535760325.0
281	389	1535761765.0
74	786	1535763753.0
74	61	1535763823.0
74	516	1535763958.0
806	416	1535767854.0
644	521	1535798155.0
630	216	1535806172.0
661	382	1535814398.0
314	9	1535814833.0
358	560	1535817375.0
197	537	1535817960.0
197	23	1535818106.0
197	206	1535818395.0
197	143	1535818719.0
49	283	1535820106.0
34	569	1535820381.0
607	30	1535823402.0
859	321	1535824887.0
658	264	1535829122.0
658	65	1535829295.0
136	372	1535831151.0
464	18	1535832126.0
14	327	1535834924.0
759	291	1535836208.0
606	64	1535845184.0
860	31	1535845846.0
861	207	1535853127.0
858	395	1535860033.0
862	345	1535860417.0
862	57	1535861017.0
135	21	1535861146.0
862	283	1535863414.0
862	421	1535863578.0
844	649	1535876667.0
181	605	1535885971.0
38	581	1535886021.0
585	617	1535888923.0
579	439	1535891844.0
807	783	1535893710.0
464	29	1535893903.0
123	408	1535895265.0
52	312	1535895897.0
722	269	1535896691.0
815	544	1535896758.0
464	161	1535897348.0
107	226	1535898317.0
562	58	1535899973.0
266	166	1535901858.0
582	329	1535903878.0
46	57	1535911242.0
201	160	1535911293.0
432	214	1535911620.0
425	275	1535911884.0
842	419	1535911934.0
842	593	1535912494.0
222	60	1535914457.0
220	590	1535915591.0
782	23	1535915853.0
782	395	1535915952.0
251	237	1535916006.0
511	31	1535916200.0
511	201	1535916289.0
251	269	1535916510.0
807	378	1535917729.0
618	694	1535918511.0
863	650	1535919639.0
863	123	1535921019.0
863	593	1535921180.0
863	359	1535921290.0
863	423	1535921567.0
700	61	1535924489.0
864	34	1535925193.0
398	190	1535926734.0
399	560	1535930074.0
54	30	1535934949.0
54	17	1535935166.0
861	426	1535936526.0
815	32	1535938685.0
865	89	1535939291.0
66	78	1535947542.0
181	157	1535976538.0
815	201	1535976741.0
94	252	1535978747.0
94	602	1535979782.0
548	341	1535985306.0
464	71	1535986710.0
822	79	1535990986.0
117	45	1535991656.0
524	631	1535991960.0
859	534	1535992512.0
387	780	1535999244.0
407	16	1535999496.0
859	677	1535999546.0
859	498	1536000127.0
537	339	1536007330.0
430	31	1536013086.0
430	25	1536013563.0
308	797	1536013677.0
858	692	1536014254.0
190	43	1536015266.0
866	321	1536015516.0
859	292	1536016274.0
814	216	1536017161.0
859	768	1536017269.0
858	44	1536017333.0
858	646	1536017576.0
859	526	1536017636.0
867	160	1536019318.0
631	780	1536019326.0
867	186	1536019762.0
249	361	1536021317.0
205	556	1536021438.0
117	41	1536021669.0
866	245	1536024216.0
414	30	1536025891.0
414	108	1536026240.0
528	63	1536026841.0
318	682	1536037413.0
326	412	1536040331.0
403	36	1536056087.0
866	747	1536070451.0
39	422	1536076466.0
39	108	1536076642.0
6	425	1536077196.0
384	164	1536077917.0
384	131	1536078385.0
384	179	1536079449.0
361	753	1536080504.0
392	422	1536082077.0
497	394	1536084749.0
67	7	1536084946.0
67	603	1536085433.0
122	105	1536087214.0
135	478	1536089104.0
115	708	1536089590.0
531	292	1536091002.0
531	446	1536092188.0
321	98	1536094683.0
225	256	1536094765.0
563	797	1536094788.0
531	541	1536095875.0
842	51	1536097805.0
531	258	1536098124.0
531	715	1536098461.0
439	613	1536099269.0
439	462	1536100206.0
607	725	1536104478.0
607	778	1536104965.0
181	452	1536110707.0
837	670	1536113324.0
562	613	1536113489.0
817	177	1536115779.0
745	211	1536122274.0
336	143	1536124414.0
336	270	1536125487.0
336	140	1536128251.0
336	355	1536128622.0
591	521	1536140996.0
325	194	1536144211.0
90	231	1536145944.0
684	145	1536151572.0
684	284	1536151830.0
0	513	1536152178.0
866	206	1536153633.0
713	421	1536155417.0
290	492	1536155420.0
230	783	1536156431.0
64	793	1536162454.0
739	30	1536163018.0
739	165	1536164929.0
115	38	1536165553.0
115	709	1536166194.0
858	677	1536167229.0
858	354	1536167662.0
704	61	1536171331.0
713	186	1536171983.0
739	21	1536173485.0
107	249	1536177424.0
739	669	1536177649.0
739	414	1536177901.0
866	600	1536179141.0
475	762	1536180396.0
858	446	1536181107.0
858	345	1536181710.0
858	693	1536188019.0
858	743	1536188304.0
858	94	1536189768.0
312	56	1536193460.0
861	132	1536198416.0
814	130	1536198826.0
490	94	1536203200.0
756	43	1536205379.0
861	108	1536205757.0
756	88	1536205868.0
815	26	1536206998.0
865	57	1536236813.0
305	542	1536237307.0
63	503	1536237832.0
822	46	1536238161.0
265	50	1536238163.0
757	207	1536241795.0
812	71	1536243664.0
551	341	1536248609.0
186	674	1536261253.0
518	387	1536267092.0
868	276	1536267560.0
500	264	1536269493.0
869	295	1536270308.0
868	295	1536270320.0
868	346	1536271734.0
704	340	1536272589.0
758	173	1536274009.0
60	798	1536274594.0
868	658	1536276825.0
868	686	1536277074.0
869	264	1536277741.0
451	743	1536277925.0
869	605	1536278200.0
870	131	1536279310.0
560	509	1536279832.0
869	135	1536280329.0
871	244	1536281348.0
869	143	1536281654.0
849	783	1536281841.0
637	313	1536281880.0
869	486	1536283425.0
15	96	1536286641.0
563	74	1536288594.0
563	790	1536289201.0
285	28	1536290547.0
285	303	1536291419.0
872	201	1536295712.0
872	64	1536295913.0
872	766	1536296173.0
814	175	1536320574.0
862	436	1536322238.0
814	62	1536322984.0
115	126	1536331942.0
796	390	1536333963.0
491	31	1536334520.0
167	422	1536334927.0
477	793	1536335463.0
402	766	1536335694.0
60	56	1536340762.0
477	285	1536341539.0
713	708	1536342593.0
357	61	1536349463.0
135	8	1536350423.0
818	34	1536356533.0
814	723	1536361174.0
873	79	1536363858.0
837	302	1536365168.0
500	740	1536366317.0
813	139	1536366607.0
565	195	1536367067.0
872	31	1536367764.0
872	275	1536367859.0
872	41	1536367962.0
872	20	1536368345.0
872	731	1536368871.0
869	485	1536369802.0
314	791	1536370194.0
263	696	1536370285.0
445	788	1536370299.0
263	101	1536370596.0
314	407	1536370648.0
869	79	1536371421.0
523	152	1536372201.0
874	1	1536372872.0
874	57	1536372952.0
874	20	1536373030.0
347	64	1536373632.0
874	509	1536373659.0
874	59	1536373757.0
874	423	1536373893.0
874	418	1536373989.0
874	392	1536374017.0
874	359	1536374076.0
874	251	1536374178.0
874	783	1536374531.0
874	549	1536374630.0
874	141	1536374755.0
242	789	1536375015.0
875	205	1536376973.0
212	261	1536379441.0
540	313	1536385788.0
875	522	1536415339.0
390	414	1536416631.0
876	32	1536417007.0
876	177	1536417093.0
876	179	1536417668.0
41	372	1536420474.0
876	520	1536423327.0
876	50	1536423524.0
876	288	1536423697.0
876	773	1536423859.0
242	396	1536424400.0
876	472	1536424415.0
759	112	1536426284.0
873	743	1536426465.0
877	269	1536427384.0
873	580	1536427478.0
873	5	1536427668.0
869	596	1536429036.0
637	778	1536430300.0
817	354	1536432426.0
673	20	1536433084.0
259	36	1536434519.0
582	7	1536437345.0
292	234	1536442375.0
432	198	1536443253.0
194	163	1536444167.0
311	306	1536446956.0
191	298	1536447709.0
190	783	1536453872.0
806	235	1536457616.0
806	598	1536457808.0
34	354	1536458220.0
34	746	1536458538.0
868	596	1536458600.0
878	362	1536458874.0
516	128	1536461829.0
516	36	1536462305.0
844	205	1536462693.0
516	691	1536462740.0
433	538	1536462922.0
722	799	1536465020.0
854	206	1536466468.0
23	36	1536470561.0
871	24	1536472365.0
871	247	1536472643.0
871	438	1536472974.0
871	207	1536474054.0
871	651	1536474830.0
493	291	1536491237.0
205	57	1536498719.0
758	173	1536499128.0
321	114	1536500353.0
321	215	1536500616.0
243	311	1536500807.0
251	394	1536501096.0
631	793	1536501656.0
814	670	1536502063.0
232	797	1536502627.0
862	89	1536503491.0
827	544	1536509566.0
248	283	1536511138.0
417	786	1536511480.0
248	275	1536512024.0
94	645	1536512164.0
94	452	1536512596.0
346	797	1536512599.0
346	798	1536513038.0
346	41	1536513287.0
872	301	1536513591.0
346	663	1536513961.0
865	464	1536514073.0
865	586	1536514338.0
183	800	1536514985.0
822	790	1536516052.0
869	687	1536516605.0
284	699	1536516909.0
266	301	1536517384.0
872	503	1536517533.0
858	51	1536518990.0
872	499	1536519002.0
840	350	1536519527.0
858	466	1536520122.0
872	582	1536520233.0
858	179	1536520779.0
872	559	1536520869.0
872	77	1536521194.0
266	257	1536521299.0
872	269	1536522704.0
878	5	1536523062.0
872	10	1536523089.0
862	16	1536523791.0
432	527	1536524364.0
432	197	1536524558.0
872	433	1536524962.0
872	639	1536525135.0
872	160	1536525451.0
872	101	1536525598.0
872	95	1536526032.0
633	31	1536526482.0
872	5	1536526763.0
872	323	1536527083.0
553	501	1536527407.0
872	148	1536527842.0
280	797	1536528013.0
553	237	1536528280.0
872	346	1536528361.0
280	215	1536528436.0
553	143	1536528600.0
152	697	1536529952.0
872	30	1536530164.0
152	17	1536530325.0
872	0	1536530391.0
152	39	1536530532.0
446	30	1536530832.0
872	135	1536531671.0
280	203	1536532038.0
872	29	1536532042.0
213	80	1536532415.0
553	372	1536533015.0
553	113	1536533231.0
553	528	1536533478.0
553	590	1536533632.0
112	182	1536534000.0
553	370	1536534444.0
690	256	1536534454.0
553	688	1536534784.0
191	354	1536535272.0
872	195	1536539300.0
823	173	1536547356.0
684	265	1536548221.0
871	447	1536550052.0
842	61	1536555491.0
157	275	1536580382.0
739	342	1536583222.0
739	24	1536584100.0
97	163	1536584255.0
143	479	1536584445.0
739	397	1536585114.0
739	245	1536585509.0
636	394	1536590555.0
242	88	1536591483.0
39	284	1536594213.0
143	260	1536594538.0
750	177	1536600640.0
167	526	1536602642.0
699	162	1536603368.0
866	557	1536603767.0
866	596	1536606911.0
538	160	1536607791.0
749	779	1536609507.0
281	453	1536610262.0
858	2	1536610767.0
854	26	1536617937.0
814	284	1536620931.0
814	474	1536621297.0
525	535	1536621916.0
115	581	1536621969.0
248	791	1536626364.0
252	33	1536628914.0
842	354	1536636350.0
788	584	1536637001.0
788	6	1536637580.0
871	177	1536661631.0
18	345	1536662487.0
60	57	1536670093.0
866	686	1536671970.0
866	221	1536674323.0
543	680	1536674392.0
39	43	1536675196.0
219	135	1536675623.0
879	206	1536679160.0
879	131	1536679225.0
879	199	1536679290.0
879	264	1536679348.0
879	270	1536679467.0
879	457	1536680330.0
879	741	1536680522.0
879	21	1536680615.0
879	402	1536680951.0
879	389	1536681742.0
879	626	1536682036.0
879	487	1536682109.0
338	129	1536684423.0
866	741	1536685463.0
748	20	1536690511.0
809	212	1536692892.0
469	318	1536694752.0
814	696	1536705584.0
683	47	1536706203.0
249	65	1536706373.0
249	21	1536706687.0
840	131	1536708005.0
840	169	1536708459.0
704	147	1536708656.0
871	451	1536709671.0
871	354	1536711361.0
432	371	1536711518.0
871	668	1536711698.0
871	311	1536712068.0
871	257	1536712667.0
871	143	1536714386.0
862	588	1536716009.0
835	130	1536718102.0
835	92	1536718376.0
630	130	1536718538.0
178	801	1536719983.0
528	735	1536722698.0
822	297	1536723378.0
868	135	1536725799.0
336	79	1536736647.0
579	402	1536757968.0
224	544	1536759287.0
425	10	1536760286.0
425	544	1536760439.0
840	307	1536761635.0
19	341	1536762568.0
286	251	1536763054.0
347	802	1536764836.0
286	621	1536766659.0
251	741	1536767216.0
840	783	1536767485.0
470	803	1536770047.0
42	792	1536770064.0
817	101	1536770419.0
786	804	1536772352.0
42	793	1536776669.0
63	105	1536778460.0
178	425	1536788705.0
840	583	1536791704.0
759	385	1536795818.0
647	782	1536796169.0
880	534	1536796774.0
230	791	1536797867.0
244	184	1536799270.0
268	31	1536800130.0
500	799	1536801495.0
210	593	1536801620.0
550	373	1536802584.0
500	434	1536802889.0
840	425	1536804227.0
872	305	1536804647.0
172	700	1536804654.0
553	657	1536806501.0
237	65	1536844790.0
690	23	1536847611.0
123	755	1536855300.0
757	478	1536855317.0
823	78	1536856204.0
475	701	1536857143.0
854	416	1536859669.0
849	423	1536862313.0
259	325	1536870040.0
421	23	1536870512.0
210	350	1536874597.0
143	346	1536874811.0
210	51	1536874975.0
210	139	1536875034.0
840	410	1536877444.0
432	179	1536884362.0
355	249	1536884850.0
355	60	1536885233.0
872	501	1536887690.0
60	559	1536887972.0
438	784	1536887979.0
872	232	1536888795.0
872	231	1536889896.0
872	311	1536890529.0
881	799	1536891452.0
862	351	1536892294.0
637	23	1536892386.0
647	683	1536896909.0
424	31	1536925835.0
840	48	1536934226.0
528	782	1536936639.0
167	48	1536936943.0
638	698	1536937441.0
779	275	1536943838.0
332	385	1536945305.0
779	797	1536945758.0
858	207	1536946853.0
39	30	1536948867.0
858	120	1536949149.0
882	113	1536961643.0
882	58	1536962500.0
882	84	1536962630.0
882	206	1536962735.0
872	677	1536977873.0
872	203	1536978295.0
60	482	1536982100.0
607	607	1536983751.0
455	607	1536985009.0
160	734	1537014521.0
160	325	1537014733.0
767	161	1537019580.0
862	666	1537020581.0
96	579	1537021887.0
684	43	1537022120.0
806	28	1537023583.0
536	504	1537027196.0
815	391	1537027522.0
178	35	1537027701.0
872	643	1537028283.0
871	50	1537030116.0
251	708	1537034301.0
713	32	1537034672.0
687	341	1537036039.0
697	549	1537036062.0
815	31	1537036096.0
519	754	1537036335.0
143	458	1537038730.0
540	266	1537046605.0
410	675	1537049792.0
410	285	1537050609.0
678	179	1537051597.0
123	408	1537056413.0
659	36	1537056967.0
659	670	1537057324.0
432	802	1537057869.0
867	783	1537063899.0
834	677	1537065137.0
562	198	1537071823.0
607	275	1537074797.0
415	614	1537086822.0
452	798	1537095123.0
23	45	1537095144.0
36	125	1537099287.0
825	400	1537099480.0
834	113	1537100162.0
442	186	1537100309.0
834	143	1537100910.0
94	311	1537101485.0
847	251	1537104849.0
452	461	1537107888.0
97	721	1537110138.0
313	173	1537110749.0
624	736	1537112583.0
759	613	1537114104.0
49	354	1537115320.0
49	200	1537116856.0
661	325	1537119469.0
247	7	1537121791.0
775	430	1537125615.0
616	735	1537126551.0
537	33	1537128529.0
783	786	1537132307.0
438	393	1537133371.0
94	551	1537133396.0
838	43	1537133718.0
838	666	1537134043.0
143	282	1537135635.0
834	349	1537135793.0
105	125	1537136231.0
883	783	1537137705.0
883	39	1537137954.0
883	576	1537138805.0
883	204	1537138951.0
884	631	1537141549.0
884	414	1537141769.0
884	213	1537141911.0
60	327	1537143950.0
558	23	1537146063.0
871	458	1537147164.0
87	551	1537147724.0
871	329	1537148582.0
242	372	1537149916.0
788	337	1537151863.0
788	157	1537153451.0
885	1	1537153761.0
209	608	1537164914.0
360	87	1537180264.0
384	419	1537188439.0
190	630	1537198619.0
847	709	1537204297.0
886	424	1537207132.0
446	670	1537207256.0
27	488	1537207557.0
373	143	1537210455.0
863	414	1537213228.0
863	681	1537213662.0
863	587	1537213787.0
6	708	1537213825.0
863	797	1537213973.0
863	173	1537214162.0
863	316	1537214742.0
863	251	1537215097.0
863	699	1537215311.0
863	494	1537215454.0
863	558	1537215611.0
207	305	1537222660.0
812	251	1537229964.0
315	664	1537232587.0
315	264	1537232796.0
512	508	1537234000.0
289	341	1537234760.0
190	326	1537235257.0
481	804	1537236183.0
481	44	1537236296.0
688	511	1537237196.0
57	522	1537241204.0
848	789	1537251875.0
848	579	1537252404.0
183	741	1537265327.0
869	321	1537269586.0
181	801	1537278570.0
887	723	1537282008.0
888	338	1537284122.0
888	41	1537284235.0
40	274	1537284256.0
888	43	1537284266.0
888	2	1537284346.0
888	131	1537284417.0
888	30	1537284508.0
888	544	1537284682.0
614	342	1537284958.0
39	568	1537285601.0
39	668	1537285631.0
509	27	1537286247.0
194	420	1537288251.0
889	252	1537288396.0
889	417	1537288528.0
889	71	1537288608.0
725	542	1537289627.0
725	101	1537289982.0
725	390	1537290556.0
331	802	1537291089.0
20	153	1537292677.0
219	449	1537298005.0
46	62	1537300844.0
883	354	1537303153.0
861	750	1537305535.0
64	805	1537307475.0
814	657	1537309703.0
797	284	1537309977.0
814	542	1537310284.0
886	84	1537313233.0
886	424	1537315189.0
269	780	1537316954.0
636	717	1537320087.0
872	723	1537323467.0
872	763	1537324495.0
421	350	1537324524.0
875	672	1537326450.0
882	359	1537329531.0
882	763	1537329633.0
882	71	1537329753.0
882	69	1537329824.0
882	177	1537329948.0
882	50	1537330161.0
882	798	1537330352.0
882	131	1537330457.0
882	2	1537330655.0
882	21	1537330778.0
392	6	1537359702.0
277	210	1537363004.0
425	135	1537363377.0
425	285	1537363487.0
39	679	1537364244.0
340	593	1537366565.0
654	75	1537366854.0
340	50	1537366861.0
340	560	1537367574.0
890	252	1537368703.0
57	760	1537374789.0
0	76	1537378233.0
1	535	1537378280.0
0	802	1537378491.0
0	106	1537378769.0
238	68	1537380496.0
238	770	1537380689.0
690	797	1537381457.0
595	67	1537384953.0
617	166	1537386208.0
617	179	1537386563.0
506	239	1537387891.0
617	47	1537389608.0
617	729	1537389743.0
557	84	1537390488.0
251	160	1537391019.0
148	740	1537394088.0
647	756	1537395155.0
553	210	1537399039.0
34	743	1537400123.0
449	151	1537400361.0
34	36	1537400668.0
449	226	1537401156.0
814	295	1537402830.0
355	744	1537403817.0
828	288	1537407437.0
714	206	1537408364.0
202	804	1537410085.0
172	18	1537412939.0
210	299	1537437993.0
183	717	1537439214.0
288	563	1537443803.0
82	781	1537445724.0
305	616	1537446312.0
525	266	1537452666.0
265	503	1537455397.0
170	337	1537456850.0
800	44	1537464415.0
800	31	1537466132.0
19	350	1537478080.0
18	616	1537484940.0
614	513	1537489817.0
542	670	1537490303.0
891	134	1537494258.0
891	651	1537495042.0
891	128	1537496032.0
673	616	1537538594.0
840	562	1537538693.0
129	28	1537539579.0
215	177	1537542117.0
319	220	1537542955.0
690	391	1537544672.0
647	544	1537548816.0
560	607	1537549351.0
4	368	1537552822.0
70	802	1537556110.0
63	172	1537557893.0
739	102	1537558685.0
739	495	1537559002.0
325	233	1537580074.0
892	210	1537580114.0
654	325	1537581021.0
840	79	1537582788.0
242	804	1537583768.0
872	325	1537586552.0
681	276	1537587753.0
560	558	1537588841.0
60	575	1537593976.0
617	56	1537598714.0
767	359	1537616874.0
893	710	1537620869.0
893	77	1537621112.0
893	798	1537621463.0
722	501	1537622035.0
893	383	1537622068.0
893	423	1537622206.0
893	30	1537623002.0
894	47	1537623757.0
894	584	1537624243.0
402	135	1537628363.0
877	350	1537631478.0
263	56	1537632791.0
314	343	1537635500.0
667	806	1537636909.0
617	410	1537640561.0
617	700	1537640855.0
617	732	1537640966.0
617	204	1537641125.0
617	794	1537641280.0
895	405	1537641449.0
895	681	1537641645.0
506	489	1537644479.0
506	723	1537644995.0
506	62	1537645119.0
584	783	1537645893.0
432	805	1537646788.0
155	281	1537655735.0
159	475	1537656205.0
325	268	1537662014.0
867	2	1537662074.0
867	57	1537664126.0
840	113	1537665580.0
806	283	1537668043.0
806	584	1537668184.0
806	278	1537668390.0
219	804	1537669062.0
563	299	1537669611.0
49	803	1537670148.0
739	700	1537674767.0
756	336	1537676989.0
756	449	1537677384.0
71	783	1537679207.0
315	168	1537698985.0
128	805	1537713238.0
723	188	1537713316.0
881	528	1537714011.0
881	417	1537716457.0
345	389	1537716521.0
215	150	1537718990.0
112	805	1537720082.0
52	63	1537723866.0
808	267	1537724072.0
562	670	1537726930.0
406	366	1537727239.0
406	317	1537727756.0
808	251	1537728905.0
407	216	1537729516.0
178	329	1537731283.0
896	5	1537732216.0
409	479	1537734312.0
857	83	1537734924.0
268	23	1537740410.0
614	754	1537741102.0
486	31	1537741267.0
463	616	1537742673.0
881	801	1537743883.0
31	275	1537748085.0
346	153	1537749200.0
346	122	1537749281.0
806	184	1537758268.0
355	369	1537758563.0
234	71	1537762285.0
789	289	1537792546.0
345	85	1537800657.0
247	741	1537802930.0
247	623	1537804107.0
338	62	1537804851.0
281	571	1537806088.0
699	551	1537806096.0
516	127	1537807951.0
516	273	1537808216.0
264	543	1537813172.0
264	186	1537814316.0
881	179	1537815089.0
881	72	1537816789.0
881	275	1537817659.0
897	608	1537817926.0
125	805	1537819096.0
840	160	1537821428.0
898	479	1537832802.0
886	369	1537832888.0
898	89	1537832939.0
898	43	1537833065.0
898	429	1537833381.0
898	390	1537833504.0
898	325	1537833697.0
898	137	1537833870.0
898	644	1537833972.0
898	44	1537834116.0
898	321	1537834359.0
563	443	1537836968.0
563	681	1537838073.0
224	47	1537838491.0
279	789	1537838802.0
814	347	1537838984.0
899	125	1537839521.0
319	705	1537839751.0
871	197	1537844031.0
355	28	1537844607.0
23	550	1537847801.0
823	5	1537848005.0
224	226	1537871208.0
887	688	1537874027.0
887	26	1537874326.0
887	239	1537879197.0
900	69	1537882061.0
630	465	1537883208.0
333	199	1537883492.0
105	312	1537884251.0
901	228	1537885461.0
807	335	1537888261.0
897	5	1537889761.0
897	158	1537890278.0
897	202	1537890536.0
383	717	1537890733.0
380	329	1537890798.0
264	64	1537890840.0
767	802	1537891159.0
900	513	1537894506.0
714	44	1537894893.0
263	616	1537895477.0
897	41	1537896779.0
448	269	1537897342.0
757	5	1537899771.0
842	53	1537903517.0
900	378	1537904206.0
567	152	1537905507.0
899	104	1537906441.0
525	31	1537907261.0
617	530	1537910936.0
248	741	1537911037.0
617	44	1537911221.0
617	335	1537911447.0
617	805	1537911571.0
617	607	1537911799.0
617	278	1537912218.0
213	325	1537917754.0
217	25	1537918166.0
217	417	1537919099.0
121	28	1537923937.0
121	331	1537924492.0
121	476	1537925041.0
562	412	1537932453.0
815	368	1537933804.0
842	331	1537935034.0
78	25	1537939594.0
78	614	1537939674.0
209	640	1537944382.0
853	297	1537962753.0
548	417	1537971021.0
886	520	1537971163.0
845	210	1537971580.0
548	337	1537972477.0
700	350	1537973821.0
601	318	1537983898.0
316	518	1537990976.0
316	520	1537991020.0
316	41	1537991235.0
316	20	1537991375.0
316	287	1537992050.0
397	270	1537995706.0
530	626	1537996486.0
530	219	1537996586.0
849	758	1537997843.0
315	591	1537998602.0
143	757	1538000248.0
143	608	1538001014.0
339	743	1538001027.0
339	578	1538001337.0
315	73	1538001431.0
339	486	1538001857.0
339	269	1538002281.0
237	177	1538007740.0
339	762	1538008513.0
871	108	1538012988.0
871	186	1538013353.0
888	296	1538016540.0
888	20	1538016817.0
900	520	1538019994.0
900	395	1538020322.0
900	561	1538021023.0
900	758	1538021308.0
900	383	1538021573.0
900	503	1538022022.0
900	44	1538023045.0
900	289	1538023790.0
900	470	1538024247.0
900	766	1538024649.0
387	169	1538042629.0
52	297	1538057308.0
59	232	1538058039.0
59	160	1538058724.0
59	391	1538058951.0
842	57	1538067201.0
886	720	1538071903.0
225	238	1538073168.0
509	235	1538073470.0
694	633	1538080457.0
741	326	1538081771.0
124	51	1538083792.0
52	308	1538087880.0
525	264	1538088308.0
224	802	1538092280.0
871	184	1538097752.0
900	237	1538098624.0
741	785	1538102951.0
110	768	1538104541.0
251	720	1538104987.0
683	289	1538137111.0
630	366	1538137881.0
272	237	1538142341.0
623	437	1538150965.0
714	179	1538154423.0
739	5	1538157074.0
40	84	1538160800.0
699	801	1538160987.0
219	789	1538167494.0
774	43	1538170541.0
49	5	1538171860.0
405	327	1538172359.0
405	334	1538173511.0
885	754	1538175242.0
578	135	1538185355.0
578	32	1538185499.0
407	269	1538185844.0
501	423	1538187475.0
617	589	1538191608.0
178	424	1538191838.0
773	797	1538192144.0
773	503	1538192322.0
614	681	1538193328.0
211	39	1538210610.0
211	781	1538210964.0
902	184	1538216537.0
815	347	1538229059.0
4	807	1538233814.0
525	423	1538239181.0
647	308	1538239306.0
489	84	1538241112.0
248	89	1538243673.0
394	341	1538244801.0
882	763	1538245309.0
325	589	1538246136.0
832	516	1538246800.0
522	756	1538247081.0
52	184	1538248961.0
432	805	1538251459.0
116	778	1538253157.0
116	10	1538253820.0
774	341	1538257719.0
881	80	1538265729.0
435	226	1538269676.0
435	50	1538270464.0
435	354	1538270745.0
883	801	1538271060.0
435	726	1538271227.0
435	728	1538271807.0
435	58	1538272084.0
435	84	1538272941.0
881	513	1538273271.0
756	477	1538274562.0
900	341	1538274830.0
903	45	1538275302.0
903	132	1538275640.0
904	287	1538276006.0
904	801	1538276513.0
904	257	1538276603.0
904	301	1538276748.0
172	160	1538277877.0
511	53	1538311086.0
905	236	1538311255.0
697	102	1538312854.0
678	64	1538315481.0
868	142	1538315526.0
248	808	1538316146.0
36	805	1538316159.0
407	236	1538321444.0
203	412	1538322948.0
558	510	1538324516.0
448	788	1538326824.0
450	5	1538330821.0
542	5	1538332881.0
569	324	1538332894.0
840	84	1538336409.0
643	197	1538337009.0
685	32	1538340021.0
280	805	1538340612.0
190	117	1538341561.0
827	347	1538343357.0
369	57	1538343374.0
853	184	1538349003.0
906	47	1538352925.0
407	48	1538353332.0
906	88	1538353354.0
734	177	1538354450.0
263	684	1538354898.0
867	801	1538356786.0
762	511	1538357223.0
766	521	1538358127.0
766	131	1538358259.0
766	43	1538358474.0
268	784	1538358924.0
290	629	1538362163.0
904	179	1538362242.0
268	301	1538362391.0
828	651	1538371732.0
828	41	1538371917.0
383	522	1538395303.0
787	65	1538400681.0
24	616	1538401064.0
887	221	1538401875.0
24	378	1538402309.0
39	378	1538403167.0
39	28	1538418475.0
68	43	1538420463.0
907	717	1538423427.0
907	522	1538423590.0
907	378	1538424126.0
907	757	1538425042.0
907	20	1538425202.0
493	84	1538426328.0
24	345	1538426575.0
215	176	1538426994.0
503	251	1538427755.0
503	101	1538428110.0
908	544	1538428282.0
503	457	1538428344.0
908	102	1538428455.0
908	38	1538428566.0
503	23	1538429016.0
908	305	1538429363.0
908	781	1538429536.0
908	374	1538430905.0
908	741	1538431083.0
760	684	1538431175.0
908	160	1538431409.0
908	201	1538431493.0
908	275	1538431709.0
908	41	1538431909.0
251	325	1538432116.0
126	662	1538433204.0
47	236	1538436550.0
47	222	1538436857.0
384	48	1538440276.0
908	2	1538441500.0
908	517	1538441697.0
908	84	1538441787.0
908	60	1538441981.0
782	354	1538442432.0
908	807	1538442544.0
908	378	1538442745.0
908	391	1538443000.0
908	5	1538443126.0
908	735	1538443217.0
908	82	1538443594.0
908	205	1538443847.0
909	118	1538443986.0
908	528	1538444001.0
908	350	1538444149.0
908	113	1538444373.0
908	184	1538444822.0
782	334	1538444983.0
908	307	1538445110.0
782	731	1538445114.0
782	459	1538445524.0
908	78	1538445673.0
908	482	1538446002.0
908	95	1538446119.0
739	325	1538446421.0
908	341	1538446477.0
908	28	1538446625.0
908	414	1538447008.0
908	772	1538447144.0
908	112	1538447221.0
904	446	1538447520.0
904	288	1538448591.0
908	98	1538448882.0
908	175	1538448967.0
908	579	1538449137.0
908	716	1538449205.0
908	177	1538449332.0
186	118	1538450822.0
186	487	1538451071.0
397	520	1538451315.0
555	799	1538453827.0
875	245	1538454146.0
756	183	1538459766.0
756	58	1538487559.0
799	369	1538491290.0
186	370	1538495530.0
832	334	1538495653.0
186	789	1538495696.0
186	474	1538495850.0
186	606	1538495985.0
146	401	1538496627.0
832	207	1538499068.0
832	393	1538506619.0
909	403	1538509241.0
909	674	1538509424.0
910	246	1538511934.0
116	809	1538513868.0
659	179	1538514697.0
659	2	1538514774.0
910	626	1538515217.0
910	10	1538515359.0
448	741	1538515837.0
535	780	1538516828.0
861	476	1538521125.0
861	173	1538521596.0
511	369	1538521959.0
511	651	1538522189.0
861	84	1538522364.0
560	290	1538522762.0
42	807	1538524374.0
861	646	1538524402.0
83	810	1538525679.0
614	1	1538526989.0
881	449	1538528098.0
203	629	1538531639.0
806	236	1538532453.0
102	184	1538533331.0
230	71	1538533705.0
95	203	1538534021.0
172	153	1538534949.0
102	552	1538535182.0
904	204	1538536486.0
778	787	1538538037.0
823	58	1538538318.0
908	31	1538539429.0
908	143	1538539530.0
908	20	1538539631.0
908	206	1538539781.0
908	131	1538540021.0
908	30	1538540130.0
815	184	1538565333.0
52	117	1538568292.0
55	766	1538569150.0
165	737	1538572330.0
824	552	1538572465.0
824	207	1538572610.0
576	53	1538572652.0
39	246	1538575302.0
755	52	1538576102.0
52	131	1538576107.0
832	267	1538578502.0
208	279	1538579399.0
690	95	1538584075.0
197	76	1538590916.0
197	771	1538591226.0
197	5	1538592200.0
197	30	1538592464.0
197	113	1538592652.0
40	44	1538594605.0
886	2	1538597363.0
886	720	1538597414.0
713	9	1538598647.0
713	389	1538598918.0
154	260	1538604477.0
661	787	1538611470.0
325	589	1538613743.0
217	275	1538616111.0
217	238	1538617358.0
248	575	1538617998.0
217	268	1538618289.0
217	305	1538619755.0
888	268	1538623339.0
888	117	1538623632.0
617	98	1538634085.0
143	184	1538652847.0
283	57	1538656539.0
847	593	1538660733.0
433	703	1538663163.0
220	46	1538664529.0
220	694	1538665718.0
380	430	1538665824.0
380	47	1538666136.0
210	20	1538674499.0
210	766	1538674568.0
210	97	1538674669.0
210	247	1538674735.0
210	282	1538674793.0
210	414	1538674841.0
808	374	1538680336.0
52	360	1538681064.0
713	57	1538681344.0
808	544	1538681680.0
757	442	1538688374.0
482	630	1538693206.0
812	113	1538698073.0
191	574	1538698991.0
191	44	1538699188.0
806	246	1538701965.0
615	556	1538702490.0
245	295	1538705063.0
815	236	1538709356.0
779	569	1538712496.0
624	287	1538739222.0
52	53	1538739730.0
382	317	1538742890.0
773	84	1538744832.0
829	179	1538746851.0
347	811	1538747424.0
111	801	1538751262.0
27	256	1538755014.0
27	153	1538755830.0
39	326	1538756549.0
817	520	1538764144.0
817	58	1538764648.0
27	270	1538767631.0
347	812	1538767700.0
39	327	1538771623.0
900	784	1538772525.0
773	494	1538773057.0
773	699	1538773676.0
773	449	1538773828.0
836	247	1538774389.0
773	730	1538775220.0
836	108	1538775387.0
797	806	1538778032.0
793	441	1538778750.0
829	576	1538782669.0
689	644	1538783487.0
725	85	1538788499.0
875	609	1538789461.0
647	4	1538791117.0
60	235	1538792037.0
806	2	1538794318.0
827	177	1538794400.0
178	158	1538799040.0
815	57	1538799395.0
906	484	1538800352.0
906	435	1538800537.0
906	179	1538802141.0
178	800	1538834214.0
610	264	1538836128.0
868	543	1538839186.0
868	56	1538839323.0
415	275	1538842701.0
511	368	1538843625.0
325	281	1538844951.0
288	813	1538851063.0
43	776	1538852606.0
43	178	1538852836.0
816	85	1538854007.0
540	719	1538854533.0
480	508	1538856677.0
816	417	1538857807.0
816	428	1538858167.0
234	115	1538861213.0
700	340	1538864641.0
494	341	1538867507.0
550	190	1538867524.0
494	89	1538867805.0
901	309	1538868728.0
813	331	1538868949.0
245	430	1538869181.0
872	796	1538869618.0
872	360	1538871231.0
872	38	1538872690.0
111	101	1538873474.0
505	206	1538874027.0
832	44	1538876194.0
808	765	1538877699.0
637	418	1538877938.0
558	634	1538878098.0
637	638	1538878189.0
808	337	1538878202.0
773	754	1538879212.0
563	533	1538880204.0
60	230	1538882463.0
893	184	1538902023.0
893	309	1538902228.0
36	404	1538914992.0
349	675	1538923938.0
85	653	1538923939.0
349	50	1538924962.0
416	284	1538925968.0
416	646	1538927199.0
416	449	1538927488.0
416	85	1538929123.0
441	275	1538932229.0
388	412	1538933348.0
251	77	1538937077.0
430	809	1538940403.0
224	396	1538942144.0
13	160	1538944687.0
13	56	1538944887.0
13	718	1538945295.0
750	811	1538945390.0
413	807	1538946479.0
910	276	1538949417.0
739	76	1538956102.0
761	697	1538958479.0
482	377	1538959744.0
111	814	1538963345.0
277	89	1538963436.0
419	809	1538963560.0
419	179	1538963731.0
111	542	1538963791.0
419	137	1538963870.0
419	176	1538964167.0
419	788	1538964326.0
419	341	1538964795.0
782	493	1538968351.0
782	372	1538969009.0
881	77	1538969279.0
355	43	1538970416.0
355	264	1538971646.0
842	287	1538975675.0
842	31	1538976300.0
480	478	1538976547.0
617	667	1538980467.0
321	514	1538988437.0
814	79	1539000398.0
23	108	1539001337.0
814	83	1539001525.0
220	734	1539003795.0
887	41	1539006206.0
60	611	1539007177.0
231	308	1539008335.0
39	264	1539010319.0
80	249	1539010867.0
911	266	1539010954.0
363	449	1539010995.0
80	129	1539011201.0
80	64	1539011896.0
80	450	1539012367.0
80	56	1539012699.0
80	175	1539012810.0
80	497	1539012975.0
911	773	1539013392.0
80	626	1539013478.0
87	121	1539013687.0
911	553	1539013794.0
80	556	1539013939.0
911	686	1539014540.0
419	723	1539016411.0
419	216	1539016686.0
419	249	1539017224.0
419	131	1539018972.0
27	216	1539020152.0
419	388	1539020169.0
40	682	1539021511.0
911	256	1539023510.0
804	221	1539024284.0
911	562	1539026317.0
824	43	1539026385.0
911	478	1539026704.0
824	567	1539026880.0
623	84	1539027916.0
733	741	1539028625.0
783	143	1539030861.0
19	805	1539031609.0
695	43	1539032641.0
290	84	1539033285.0
795	161	1539036042.0
421	362	1539036930.0
421	422	1539037298.0
121	30	1539038367.0
595	445	1539043893.0
912	598	1539044435.0
912	650	1539044577.0
595	43	1539045546.0
102	43	1539048208.0
154	221	1539048612.0
102	478	1539048959.0
912	264	1539052786.0
912	743	1539053110.0
912	108	1539053686.0
419	245	1539053996.0
419	64	1539054259.0
390	799	1539054527.0
773	681	1539057721.0
773	458	1539057880.0
425	350	1539058315.0
146	190	1539059451.0
601	275	1539089228.0
806	139	1539089291.0
264	276	1539089438.0
283	788	1539090252.0
165	307	1539093260.0
392	503	1539093496.0
502	751	1539093731.0
502	390	1539094688.0
502	531	1539094912.0
686	771	1539102845.0
855	104	1539104374.0
80	815	1539106955.0
85	37	1539109895.0
597	626	1539112616.0
842	651	1539112625.0
545	84	1539112767.0
597	486	1539112845.0
597	273	1539113177.0
245	604	1539113319.0
597	795	1539113611.0
597	435	1539114742.0
144	695	1539114952.0
217	135	1539117841.0
487	314	1539117864.0
35	64	1539118611.0
913	102	1539120061.0
913	709	1539120449.0
797	5	1539122637.0
679	31	1539123760.0
54	801	1539126284.0
847	494	1539126970.0
19	605	1539128422.0
56	64	1539131731.0
813	108	1539133793.0
360	391	1539134575.0
914	32	1539135653.0
262	814	1539138784.0
550	779	1539139876.0
911	522	1539140794.0
355	725	1539148122.0
552	799	1539149235.0
856	177	1539177186.0
19	669	1539177670.0
749	269	1539180916.0
915	177	1539183534.0
721	136	1539186643.0
721	119	1539187161.0
469	412	1539189424.0
83	784	1539194723.0
419	479	1539195627.0
123	707	1539198158.0
178	814	1539198343.0
123	146	1539200027.0
455	26	1539200137.0
807	184	1539200642.0
807	28	1539200752.0
402	267	1539200831.0
405	814	1539203441.0
405	228	1539204156.0
734	84	1539205979.0
467	514	1539206090.0
769	269	1539209124.0
769	647	1539209350.0
0	190	1539209646.0
819	372	1539209650.0
363	635	1539212879.0
213	601	1539218574.0
647	709	1539219727.0
256	803	1539224249.0
146	167	1539225015.0
212	750	1539225170.0
528	317	1539226743.0
300	579	1539227667.0
78	128	1539230373.0
617	780	1539231791.0
63	257	1539260381.0
265	203	1539261435.0
247	575	1539265472.0
688	804	1539267179.0
167	343	1539268980.0
52	268	1539271647.0
147	4	1539271756.0
147	275	1539271831.0
470	695	1539271957.0
548	137	1539273113.0
52	43	1539273689.0
52	354	1539273923.0
548	200	1539274058.0
52	58	1539274242.0
52	386	1539274451.0
52	468	1539274695.0
721	400	1539275166.0
52	177	1539275199.0
721	238	1539275257.0
721	107	1539275496.0
243	423	1539277262.0
60	77	1539281154.0
19	252	1539290367.0
394	112	1539295194.0
394	814	1539295723.0
528	763	1539296282.0
394	325	1539298656.0
548	189	1539300406.0
529	275	1539300506.0
23	653	1539302330.0
735	29	1539306774.0
916	10	1539306973.0
168	268	1539307971.0
640	145	1539308260.0
168	588	1539308659.0
370	360	1539309006.0
404	375	1539310360.0
404	501	1539310611.0
404	528	1539310963.0
77	234	1539311200.0
404	314	1539311269.0
476	739	1539311794.0
454	275	1539345736.0
454	31	1539345846.0
454	741	1539345983.0
454	26	1539346028.0
454	802	1539346270.0
454	317	1539346419.0
911	773	1539346553.0
351	781	1539351440.0
133	236	1539353376.0
158	305	1539354330.0
252	728	1539354381.0
636	20	1539355912.0
59	95	1539360224.0
59	84	1539360566.0
283	802	1539366356.0
837	444	1539366927.0
917	206	1539368975.0
902	560	1539369119.0
902	179	1539369193.0
917	247	1539369362.0
917	545	1539369709.0
494	790	1539371402.0
40	275	1539374558.0
110	816	1539378484.0
637	19	1539382789.0
133	470	1539383186.0
383	816	1539383528.0
96	766	1539385850.0
268	758	1539386548.0
454	84	1539391132.0
898	71	1539395487.0
54	392	1539397108.0
756	487	1539397345.0
178	531	1539400327.0
751	346	1539401150.0
881	804	1539404114.0
673	346	1539404621.0
881	714	1539404724.0
881	82	1539405547.0
587	561	1539406065.0
813	61	1539430387.0
175	768	1539436120.0
542	736	1539438805.0
888	290	1539440981.0
394	326	1539441143.0
394	816	1539442260.0
468	177	1539442769.0
222	170	1539443103.0
394	65	1539443904.0
837	317	1539446616.0
360	159	1539446929.0
730	284	1539447070.0
730	620	1539447545.0
360	206	1539448290.0
394	237	1539449461.0
918	47	1539451409.0
394	97	1539451973.0
918	59	1539452236.0
918	714	1539452651.0
918	504	1539453539.0
625	644	1539454338.0
595	743	1539455011.0
595	211	1539455220.0
595	805	1539456126.0
918	346	1539456552.0
688	84	1539457546.0
325	84	1539458480.0
881	59	1539460022.0
758	646	1539460186.0
595	5	1539460543.0
881	346	1539460719.0
38	802	1539463498.0
634	32	1539465074.0
143	742	1539466896.0
914	816	1539470083.0
54	334	1539472681.0
558	296	1539479708.0
558	800	1539480074.0
881	336	1539480097.0
558	312	1539480577.0
658	153	1539484794.0
658	256	1539485044.0
614	699	1539485981.0
881	186	1539490866.0
637	264	1539518572.0
143	376	1539525776.0
731	802	1539525890.0
731	56	1539526036.0
440	806	1539526361.0
181	455	1539528382.0
199	437	1539541493.0
519	798	1539542399.0
867	100	1539546500.0
867	177	1539546871.0
360	61	1539547564.0
679	182	1539547837.0
679	275	1539548076.0
402	157	1539548390.0
468	358	1539548682.0
529	358	1539548822.0
679	2	1539549678.0
918	347	1539549737.0
285	428	1539550152.0
679	504	1539550649.0
597	84	1539550707.0
679	38	1539551212.0
597	391	1539551242.0
679	264	1539551791.0
679	67	1539552203.0
267	131	1539552390.0
680	386	1539552475.0
334	764	1539552927.0
680	23	1539553259.0
334	282	1539554192.0
597	797	1539554336.0
679	341	1539554517.0
680	378	1539554618.0
680	2	1539555288.0
421	272	1539555707.0
680	625	1539556158.0
888	517	1539558730.0
207	360	1539560560.0
525	203	1539561378.0
207	92	1539561867.0
207	18	1539562461.0
207	325	1539562643.0
245	71	1539566250.0
806	814	1539566371.0
867	774	1539567469.0
421	110	1539570334.0
421	802	1539570536.0
908	115	1539571027.0
216	734	1539572458.0
216	182	1539572638.0
216	177	1539572853.0
848	804	1539572984.0
848	136	1539573158.0
774	27	1539576826.0
298	38	1539581280.0
34	779	1539607105.0
34	336	1539608479.0
528	589	1539609529.0
135	114	1539614438.0
199	53	1539616300.0
170	281	1539617225.0
868	560	1539617371.0
422	260	1539617621.0
208	5	1539618005.0
868	605	1539618649.0
4	803	1539620453.0
579	171	1539621082.0
579	684	1539621324.0
579	457	1539621561.0
832	679	1539623834.0
419	812	1539623838.0
832	47	1539627211.0
548	282	1539629105.0
659	709	1539633102.0
251	575	1539636746.0
516	233	1539637313.0
836	7	1539637880.0
174	391	1539637955.0
836	132	1539638192.0
712	625	1539640947.0
870	0	1539642097.0
17	0	1539642321.0
17	378	1539642413.0
240	682	1539642764.0
212	7	1539651137.0
919	426	1539653424.0
919	26	1539653587.0
511	328	1539653961.0
755	492	1539654676.0
335	799	1539655842.0
823	469	1539659521.0
144	31	1539665866.0
562	732	1539671515.0
600	422	1539691036.0
600	41	1539691343.0
600	548	1539693006.0
920	249	1539696314.0
751	817	1539697256.0
920	718	1539701042.0
838	405	1539710729.0
70	226	1539717952.0
649	385	1539719452.0
649	812	1539722594.0
485	66	1539723361.0
649	26	1539724150.0
485	661	1539724615.0
769	230	1539724804.0
485	585	1539725425.0
649	257	1539727862.0
881	205	1539728419.0
875	449	1539731089.0
797	424	1539732157.0
70	119	1539733285.0
497	783	1539733537.0
281	238	1539734706.0
281	129	1539736162.0
281	279	1539738496.0
548	112	1539742417.0
814	434	1539742860.0
649	20	1539743023.0
649	339	1539744488.0
875	104	1539744894.0
587	20	1539754984.0
587	766	1539755113.0
587	30	1539756542.0
587	741	1539757833.0
587	122	1539758539.0
130	236	1539779481.0
130	612	1539781499.0
423	67	1539783079.0
176	210	1539785002.0
318	452	1539791877.0
881	47	1539795694.0
921	610	1539796199.0
921	47	1539797370.0
601	766	1539798203.0
921	645	1539798658.0
881	264	1539799467.0
921	651	1539799874.0
218	816	1539800291.0
921	43	1539800523.0
921	338	1539801383.0
283	346	1539801559.0
921	53	1539802991.0
295	71	1539803221.0
398	39	1539804066.0
548	228	1539806411.0
384	645	1539806545.0
317	258	1539807790.0
267	427	1539816145.0
267	762	1539816359.0
881	177	1539819261.0
919	206	1539823242.0
919	490	1539823590.0
386	388	1539824695.0
290	542	1539826821.0
616	812	1539830825.0
549	619	1539831566.0
355	338	1539831718.0
363	807	1539864609.0
363	139	1539864735.0
130	37	1539866990.0
915	522	1539867721.0
63	636	1539875472.0
922	261	1539876732.0
851	31	1539877495.0
331	28	1539878194.0
4	818	1539880083.0
642	544	1539880825.0
96	804	1539881837.0
750	810	1539883228.0
724	211	1539893020.0
832	748	1539899505.0
485	330	1539899828.0
254	736	1539900052.0
238	341	1539901043.0
815	414	1539903208.0
238	378	1539904334.0
143	817	1539905631.0
213	56	1539906436.0
741	636	1539906858.0
238	89	1539907369.0
681	636	1539916977.0
580	59	1539917271.0
592	28	1539921033.0
471	148	1539952932.0
63	152	1539953614.0
531	174	1539955662.0
265	329	1539959071.0
832	516	1539959153.0
337	210	1539959749.0
286	400	1539961516.0
337	365	1539961805.0
286	226	1539962790.0
286	309	1539963950.0
27	108	1539964571.0
666	10	1539973915.0
487	61	1539978350.0
919	361	1539978736.0
919	640	1539978930.0
919	799	1539979632.0
923	287	1539981539.0
617	385	1539982221.0
855	278	1539987964.0
855	275	1539988062.0
872	290	1539989965.0
872	741	1539990965.0
872	92	1539992541.0
299	64	1539997738.0
750	810	1539998899.0
528	443	1540000933.0
214	797	1540001235.0
815	639	1540010227.0
60	783	1540031946.0
181	781	1540033732.0
301	96	1540036916.0
524	380	1540039401.0
85	320	1540043141.0
522	762	1540046915.0
522	758	1540047431.0
245	53	1540048451.0
808	457	1540051168.0
312	562	1540051985.0
568	275	1540052118.0
847	683	1540053391.0
840	169	1540053880.0
707	269	1540054216.0
397	181	1540055190.0
572	50	1540055533.0
707	142	1540056125.0
758	797	1540057360.0
758	206	1540057502.0
758	164	1540057831.0
550	329	1540058593.0
739	346	1540058917.0
659	643	1540060060.0
647	227	1540061411.0
495	230	1540061846.0
919	128	1540062202.0
857	669	1540066580.0
448	275	1540067030.0
146	796	1540067375.0
528	76	1540070780.0
571	60	1540074662.0
857	403	1540074725.0
649	791	1540076955.0
701	173	1540076990.0
421	748	1540077104.0
407	175	1540079537.0
487	819	1540083613.0
918	112	1540084965.0
562	102	1540088507.0
806	349	1540090038.0
685	62	1540100446.0
181	544	1540123698.0
181	94	1540123821.0
367	203	1540130151.0
528	6	1540134727.0
160	134	1540136147.0
160	287	1540136448.0
160	314	1540137162.0
160	158	1540139024.0
160	576	1540139454.0
160	275	1540140528.0
695	412	1540144105.0
228	461	1540145063.0
867	688	1540145292.0
867	5	1540145945.0
517	781	1540145994.0
517	809	1540146273.0
428	606	1540146345.0
517	57	1540146646.0
517	703	1540147317.0
797	771	1540148852.0
769	382	1540149673.0
910	783	1540151366.0
525	394	1540156490.0
697	692	1540159520.0
697	173	1540159672.0
739	264	1540159819.0
525	56	1540159831.0
563	803	1540161407.0
490	572	1540161439.0
417	139	1540162823.0
525	806	1540164619.0
525	57	1540165417.0
613	661	1540168338.0
190	430	1540168586.0
613	275	1540168842.0
613	229	1540169528.0
311	781	1540175501.0
306	106	1540176151.0
392	160	1540176639.0
306	86	1540177301.0
860	165	1540179816.0
572	651	1540180075.0
307	557	1540205952.0
697	674	1540208338.0
245	456	1540212158.0
813	672	1540215250.0
813	572	1540215620.0
853	44	1540217875.0
853	558	1540218499.0
140	325	1540221290.0
140	84	1540222082.0
614	797	1540226717.0
13	489	1540227147.0
13	32	1540227741.0
525	348	1540227776.0
251	56	1540232439.0
4	64	1540233362.0
40	157	1540233492.0
40	816	1540234455.0
111	819	1540238007.0
128	275	1540238443.0
167	64	1540239960.0
27	199	1540240089.0
27	232	1540240384.0
877	308	1540240520.0
877	510	1540240922.0
877	735	1540241294.0
877	299	1540241769.0
162	409	1540244984.0
224	149	1540245329.0
406	801	1540245848.0
207	571	1540246266.0
162	680	1540246672.0
162	594	1540247980.0
749	584	1540250889.0
228	428	1540250962.0
749	125	1540251989.0
98	517	1540253187.0
754	338	1540253221.0
637	405	1540253749.0
595	781	1540253970.0
595	2	1540255096.0
750	20	1540255322.0
733	108	1540260702.0
52	179	1540289908.0
124	27	1540296783.0
140	92	1540301162.0
140	399	1540301534.0
140	627	1540301748.0
140	126	1540302699.0
371	352	1540307391.0
924	57	1540308679.0
170	806	1540311111.0
54	50	1540311514.0
925	425	1540311762.0
170	372	1540311862.0
925	206	1540311987.0
925	21	1540314891.0
925	653	1540315401.0
925	58	1540315645.0
925	251	1540316658.0
887	684	1540316887.0
925	423	1540316919.0
512	120	1540319059.0
217	150	1540324669.0
167	798	1540326931.0
760	665	1540330730.0
305	780	1540337567.0
595	623	1540339646.0
595	41	1540340798.0
531	651	1540387818.0
625	41	1540389397.0
131	417	1540389757.0
131	76	1540389857.0
131	65	1540390037.0
131	130	1540390585.0
240	820	1540390782.0
886	60	1540392696.0
124	770	1540395121.0
102	200	1540395733.0
625	302	1540398400.0
312	805	1540400271.0
334	686	1540402840.0
881	67	1540411065.0
340	383	1540413183.0
250	28	1540416294.0
301	391	1540418828.0
116	275	1540419622.0
116	676	1540419986.0
256	808	1540421783.0
504	821	1540423925.0
604	741	1540429991.0
604	131	1540430126.0
812	594	1540430654.0
107	636	1540431407.0
831	206	1540435814.0
230	236	1540436580.0
306	394	1540437819.0
541	502	1540441677.0
541	282	1540443210.0
440	809	1540473276.0
749	32	1540473932.0
374	588	1540474628.0
440	135	1540474927.0
307	814	1540475726.0
55	799	1540479173.0
921	207	1540479841.0
215	422	1540482286.0
494	445	1540482720.0
237	276	1540482997.0
458	815	1540483051.0
99	810	1540483136.0
178	800	1540485429.0
99	110	1540486536.0
273	341	1540490290.0
699	276	1540493109.0
594	347	1540495172.0
392	500	1540498745.0
909	507	1540508089.0
909	206	1540508160.0
54	797	1540509710.0
44	351	1540510981.0
776	500	1540512016.0
318	489	1540512023.0
760	671	1540521923.0
926	41	1540522645.0
926	20	1540522847.0
926	264	1540523020.0
760	677	1540523075.0
477	36	1540558872.0
630	445	1540559027.0
815	72	1540559392.0
340	581	1540561110.0
39	105	1540563380.0
264	762	1540564417.0
752	42	1540570431.0
872	820	1540573086.0
872	391	1540574823.0
791	367	1540591303.0
927	449	1540594293.0
711	609	1540594758.0
143	492	1540600098.0
501	514	1540600954.0
351	694	1540602244.0
44	250	1540605380.0
161	807	1540606963.0
504	436	1540613689.0
684	567	1540619176.0
684	272	1540620184.0
881	822	1540637772.0
730	194	1540643155.0
90	524	1540644064.0
881	78	1540644162.0
90	270	1540644287.0
90	514	1540644888.0
90	389	1540645056.0
30	135	1540650901.0
841	532	1540651707.0
855	36	1540654106.0
668	242	1540654167.0
855	260	1540654291.0
822	456	1540654486.0
2	283	1540660027.0
928	812	1540662497.0
124	446	1540663536.0
350	645	1540673695.0
857	732	1540677257.0
873	364	1540677589.0
85	76	1540678084.0
85	242	1540678688.0
929	206	1540684157.0
814	317	1540687106.0
178	506	1540688118.0
251	530	1540689784.0
870	84	1540691871.0
682	229	1540692467.0
617	81	1540705068.0
684	781	1540705989.0
33	110	1540709111.0
36	142	1540732224.0
510	331	1540737963.0
243	549	1540739408.0
113	285	1540739819.0
113	610	1540740850.0
662	613	1540741683.0
113	25	1540741852.0
662	6	1540742436.0
757	108	1540742969.0
607	807	1540745368.0
633	157	1540747901.0
681	225	1540748830.0
73	141	1540752483.0
73	107	1540752684.0
73	21	1540752740.0
73	131	1540753171.0
386	823	1540757009.0
791	317	1540764019.0
436	582	1540765289.0
5	207	1540766900.0
829	428	1540769324.0
857	358	1540769939.0
661	177	1540770196.0
510	647	1540770511.0
510	67	1540771826.0
510	63	1540772777.0
822	452	1540773905.0
245	666	1540774133.0
510	354	1540774681.0
766	808	1540777680.0
591	71	1540780557.0
591	222	1540780771.0
102	398	1540786394.0
439	530	1540794243.0
174	57	1540813396.0
21	560	1540814137.0
4	740	1540820381.0
265	819	1540823149.0
887	27	1540823176.0
436	328	1540824033.0
868	456	1540825524.0
868	274	1540825672.0
392	530	1540826372.0
536	102	1540826592.0
107	475	1540827556.0
522	822	1540828217.0
83	337	1540828491.0
522	266	1540829530.0
494	574	1540829927.0
349	340	1540830235.0
133	21	1540830284.0
830	126	1540830334.0
349	125	1540830608.0
124	528	1540831032.0
349	253	1540831742.0
219	350	1540832236.0
116	637	1540832352.0
797	781	1540834751.0
83	305	1540835682.0
39	266	1540837336.0
378	325	1540837596.0
865	464	1540837642.0
228	354	1540839187.0
264	802	1540839555.0
284	0	1540843379.0
80	389	1540844278.0
504	355	1540845102.0
80	488	1540845415.0
919	197	1540846446.0
247	489	1540847941.0
36	145	1540848175.0
930	801	1540848204.0
931	345	1540851867.0
808	138	1540857545.0
867	528	1540858516.0
105	165	1540859345.0
808	36	1540859366.0
106	203	1540859713.0
106	821	1540860310.0
808	119	1540860507.0
799	581	1540861608.0
808	759	1540868268.0
808	763	1540868753.0
808	645	1540868971.0
202	636	1540870156.0
202	179	1540870316.0
917	173	1540895632.0
541	597	1540903320.0
832	435	1540908530.0
548	674	1540908737.0
285	41	1540910769.0
106	438	1540910790.0
340	277	1540912905.0
419	310	1540919089.0
824	421	1540932358.0
562	351	1540939636.0
247	320	1540940128.0
928	500	1540941047.0
487	84	1540948046.0
85	344	1540948171.0
591	390	1540952520.0
110	62	1540968512.0
923	544	1540987889.0
932	777	1540990597.0
741	300	1540991910.0
551	58	1540992647.0
621	741	1540994945.0
274	39	1540997177.0
257	537	1540998552.0
252	135	1541002475.0
397	267	1541005776.0
85	686	1541008036.0
685	341	1541009338.0
102	421	1541011316.0
910	142	1541017159.0
810	779	1541023677.0
810	266	1541024134.0
697	157	1541027421.0
255	44	1541027581.0
733	819	1541028378.0
933	275	1541029020.0
345	389	1541029121.0
733	269	1541029913.0
42	347	1541033441.0
529	153	1541035830.0
597	791	1541036495.0
528	723	1541040035.0
179	804	1541041169.0
699	40	1541076815.0
832	557	1541078210.0
337	81	1541079471.0
39	125	1541080778.0
853	699	1541084021.0
337	272	1541087491.0
51	551	1541092506.0
167	64	1541093249.0
438	102	1541094422.0
452	797	1541095292.0
881	368	1541101259.0
421	61	1541103089.0
914	133	1541103336.0
914	212	1541103518.0
914	295	1541104079.0
90	791	1541104138.0
914	189	1541104872.0
914	416	1541106897.0
914	646	1541107285.0
914	446	1541107479.0
914	206	1541107683.0
542	339	1541108193.0
929	137	1541111952.0
562	614	1541113570.0
750	128	1541113646.0
266	43	1541115041.0
914	712	1541115651.0
205	741	1541115813.0
478	815	1541116040.0
914	68	1541116974.0
914	464	1541117763.0
320	0	1541118999.0
934	472	1541119551.0
337	406	1541119750.0
870	399	1541122314.0
870	32	1541122406.0
870	43	1541122535.0
870	2	1541122615.0
580	549	1541124794.0
844	30	1541124905.0
71	823	1541125151.0
637	324	1541125609.0
530	9	1541126321.0
548	6	1541160812.0
792	175	1541167520.0
105	489	1541168263.0
39	393	1541168551.0
115	79	1541170038.0
54	798	1541178878.0
935	47	1541179767.0
935	297	1541181783.0
713	84	1541184414.0
910	623	1541188785.0
252	741	1541189081.0
812	9	1541189814.0
302	614	1541199143.0
419	406	1541201439.0
935	169	1541207623.0
168	339	1541211306.0
808	1	1541211533.0
540	64	1541211543.0
68	804	1541214579.0
470	152	1541216795.0
637	246	1541216979.0
637	206	1541217369.0
637	43	1541217583.0
637	490	1541217831.0
637	21	1541217903.0
883	363	1541218940.0
659	58	1541225128.0
881	36	1541226981.0
903	108	1541249885.0
903	651	1541250201.0
245	23	1541252337.0
890	810	1541254328.0
673	275	1541255633.0
924	783	1541258091.0
518	245	1541265306.0
185	746	1541265993.0
389	56	1541266461.0
934	179	1541268794.0
637	533	1541272707.0
637	2	1541272947.0
404	678	1541278291.0
240	533	1541278817.0
931	160	1541279150.0
404	31	1541279219.0
931	391	1541279439.0
111	695	1541282060.0
936	50	1541282509.0
111	790	1541284169.0
111	499	1541284413.0
638	130	1541285616.0
638	41	1541286048.0
288	802	1541286776.0
215	819	1541288143.0
649	90	1541288382.0
432	58	1541288899.0
432	531	1541289236.0
607	275	1541290067.0
789	10	1541291430.0
558	783	1541292339.0
441	741	1541292970.0
104	273	1541294924.0
104	415	1541295600.0
78	350	1541296929.0
883	618	1541296999.0
325	197	1541297158.0
224	537	1541298083.0
78	663	1541298229.0
649	307	1541298429.0
534	160	1541304860.0
534	53	1541306581.0
256	475	1541329462.0
184	4	1541334673.0
762	653	1541334979.0
591	297	1541335075.0
106	36	1541336220.0
483	370	1541340339.0
937	824	1541341403.0
934	19	1541341497.0
243	421	1541342209.0
934	180	1541343707.0
487	579	1541343834.0
649	136	1541352281.0
0	199	1541353275.0
649	168	1541353928.0
666	171	1541358345.0
402	662	1541360459.0
440	389	1541361807.0
436	651	1541364834.0
85	36	1541365338.0
105	312	1541366298.0
274	195	1541368199.0
418	489	1541371406.0
682	114	1541372459.0
710	478	1541375233.0
710	793	1541375752.0
495	41	1541377696.0
190	266	1541382319.0
251	284	1541387119.0
251	781	1541387942.0
106	58	1541388076.0
325	541	1541394134.0
101	805	1541395585.0
493	801	1541418388.0
337	23	1541425839.0
911	378	1541429055.0
938	249	1541430321.0
818	255	1541430711.0
593	264	1541431462.0
593	71	1541431627.0
245	740	1541437955.0
39	609	1541444968.0
467	732	1541446175.0
40	740	1541453768.0
501	97	1541455381.0
83	817	1541458274.0
730	109	1541459156.0
883	348	1541459171.0
730	538	1541459920.0
224	822	1541460872.0
730	675	1541460960.0
541	30	1541462570.0
511	801	1541466759.0
511	649	1541467224.0
207	521	1541468289.0
207	3	1541468487.0
775	117	1541469015.0
27	31	1541470962.0
27	400	1541471180.0
851	389	1541472292.0
851	677	1541473493.0
851	206	1541473906.0
851	440	1541476414.0
871	391	1541477166.0
871	341	1541477201.0
607	658	1541481382.0
326	676	1541505341.0
326	275	1541505938.0
867	677	1541505993.0
326	135	1541506592.0
326	56	1541506966.0
326	626	1541507379.0
326	161	1541507603.0
326	10	1541508520.0
326	824	1541508847.0
43	496	1541509347.0
326	579	1541510124.0
182	206	1541510276.0
326	226	1541510743.0
326	488	1541511035.0
326	601	1541511688.0
326	376	1541511872.0
326	282	1541512088.0
326	129	1541512211.0
730	354	1541513218.0
326	219	1541513469.0
326	620	1541517779.0
326	623	1541517908.0
326	270	1541518440.0
271	433	1541521883.0
271	571	1541522256.0
614	393	1541526908.0
412	536	1541533761.0
455	485	1541546505.0
875	744	1541551586.0
325	159	1541551749.0
339	661	1541551835.0
43	465	1541558923.0
844	329	1541569255.0
920	175	1541598518.0
911	773	1541598592.0
124	444	1541606600.0
808	226	1541612281.0
808	282	1541612551.0
808	451	1541612914.0
808	40	1541613818.0
473	673	1541614197.0
857	481	1541615065.0
448	820	1541615213.0
817	28	1541617417.0
331	364	1541617936.0
356	6	1541621398.0
875	406	1541629370.0
185	135	1541632283.0
808	153	1541640018.0
808	707	1541640584.0
510	801	1541643862.0
510	239	1541645270.0
872	303	1541646712.0
212	414	1541646836.0
872	76	1541647074.0
212	651	1541647137.0
911	90	1541647589.0
502	783	1541653470.0
110	723	1541664666.0
913	50	1541682083.0
913	316	1541682425.0
55	195	1541685687.0
722	342	1541686233.0
896	327	1541687758.0
896	569	1541689999.0
911	522	1541692104.0
158	57	1541699145.0
429	160	1541699900.0
429	802	1541700323.0
429	805	1541700648.0
429	764	1541701586.0
400	160	1541702793.0
911	783	1541705597.0
713	100	1541707309.0
899	579	1541713994.0
899	226	1541714352.0
899	580	1541714561.0
392	84	1541715793.0
550	344	1541717014.0
274	639	1541719599.0
326	79	1541719662.0
911	206	1541720456.0
326	727	1541721029.0
802	275	1541726276.0
14	803	1541726321.0
808	521	1541733013.0
785	81	1541734777.0
932	139	1541769985.0
70	456	1541775480.0
151	58	1541778549.0
151	501	1541779618.0
382	283	1541780536.0
808	294	1541780845.0
151	723	1541781263.0
197	388	1541785088.0
197	801	1541785333.0
197	814	1541785445.0
197	709	1541785524.0
939	417	1541786074.0
325	78	1541790199.0
571	410	1541791380.0
83	800	1541791908.0
219	326	1541793260.0
288	554	1541805466.0
752	190	1541809225.0
808	305	1541809814.0
193	819	1541812196.0
326	580	1541836267.0
326	43	1541837075.0
326	637	1541837240.0
326	682	1541837526.0
326	555	1541837645.0
326	416	1541838217.0
326	485	1541838615.0
293	814	1541862222.0
408	444	1541867334.0
145	49	1541868539.0
145	422	1541868801.0
145	59	1541869207.0
145	48	1541869584.0
548	616	1541869917.0
145	0	1541870185.0
607	616	1541871028.0
612	285	1541874347.0
612	801	1541874802.0
572	41	1541875408.0
572	213	1541875818.0
222	174	1541878321.0
607	295	1541878865.0
607	535	1541879271.0
432	197	1541879565.0
560	193	1541879823.0
390	807	1541886181.0
743	16	1541891703.0
743	394	1541891748.0
847	68	1541893566.0
649	334	1541900734.0
351	746	1541901820.0
240	22	1541902087.0
649	7	1541903701.0
652	293	1541907233.0
649	31	1541907518.0
160	199	1541908001.0
160	779	1541908286.0
160	786	1541908611.0
160	312	1541908943.0
160	584	1541909780.0
601	272	1541909885.0
481	746	1541918875.0
143	175	1541942849.0
289	60	1541943281.0
173	822	1541944468.0
730	196	1541947309.0
325	78	1541947871.0
730	162	1541948205.0
730	130	1541949010.0
730	26	1541950015.0
641	12	1541952470.0
240	623	1541953842.0
163	405	1541954959.0
326	776	1541957693.0
883	177	1541962995.0
582	109	1541977773.0
792	423	1541978340.0
133	28	1541984355.0
133	489	1541985511.0
799	101	1541987464.0
837	41	1541988436.0
649	81	1541989083.0
252	18	1541989924.0
94	167	1542023466.0
940	699	1542033086.0
940	154	1542034044.0
940	749	1542035189.0
374	257	1542035510.0
647	800	1542041449.0
940	127	1542043007.0
797	802	1542043576.0
816	84	1542046633.0
816	780	1542047033.0
867	792	1542047829.0
279	86	1542048277.0
279	276	1542048621.0
279	64	1542049323.0
675	157	1542050186.0
867	579	1542054793.0
940	210	1542055405.0
940	26	1542056256.0
940	32	1542057603.0
367	505	1542058446.0
867	726	1542059650.0
193	177	1542060789.0
940	241	1542068625.0
890	25	1542068740.0
542	36	1542069666.0
941	135	1542071053.0
941	598	1542071074.0
941	487	1542071091.0
941	490	1542071113.0
941	120	1542071157.0
941	129	1542071272.0
941	626	1542071291.0
941	323	1542071347.0
941	560	1542071362.0
494	590	1542071367.0
941	723	1542071403.0
941	486	1542071422.0
940	143	1542071468.0
941	219	1542071604.0
941	451	1542071625.0
941	682	1542071657.0
941	79	1542071689.0
941	686	1542071785.0
941	573	1542072026.0
941	206	1542072304.0
218	84	1542072991.0
281	89	1542074338.0
96	235	1542076301.0
607	618	1542081055.0
940	689	1542118685.0
940	21	1542122293.0
451	616	1542122439.0
869	701	1542128960.0
421	390	1542131017.0
421	789	1542131356.0
421	84	1542131591.0
433	491	1542131903.0
421	434	1542132258.0
942	179	1542134122.0
940	216	1542137121.0
45	489	1542138447.0
45	206	1542138543.0
45	32	1542138611.0
45	41	1542138713.0
45	30	1542138826.0
109	313	1542141759.0
39	57	1542143261.0
39	605	1542143385.0
300	773	1542144174.0
940	168	1542144494.0
19	457	1542146495.0
181	19	1542149173.0
734	59	1542151223.0
734	801	1542151370.0
344	58	1542153109.0
105	788	1542153492.0
300	78	1542153516.0
300	225	1542153743.0
376	29	1542154605.0
673	31	1542156421.0
673	56	1542157194.0
673	489	1542157365.0
245	632	1542159184.0
740	532	1542160424.0
325	308	1542160464.0
85	816	1542161072.0
740	662	1542161170.0
86	789	1542165677.0
498	120	1542168280.0
837	175	1542168656.0
107	28	1542189160.0
107	368	1542189304.0
940	147	1542194675.0
940	752	1542195181.0
825	489	1542202496.0
730	546	1542203573.0
672	781	1542203859.0
730	402	1542203967.0
749	195	1542205274.0
61	389	1542205423.0
61	578	1542207296.0
61	126	1542207403.0
61	592	1542207871.0
883	48	1542208704.0
940	397	1542215925.0
943	618	1542216951.0
943	348	1542218246.0
832	184	1542218439.0
824	94	1542219306.0
824	272	1542219620.0
940	435	1542220301.0
483	792	1542224185.0
940	740	1542237257.0
814	31	1542238001.0
19	820	1542238070.0
681	9	1542239142.0
201	221	1542245763.0
777	517	1542246460.0
256	740	1542249320.0
263	410	1542249752.0
837	584	1542252341.0
944	16	1542252727.0
944	241	1542253017.0
372	117	1542255138.0
473	520	1542256361.0
545	783	1542263772.0
545	647	1542264287.0
182	369	1542288227.0
130	785	1542290566.0
436	45	1542292083.0
436	123	1542292916.0
945	315	1542296610.0
93	574	1542305646.0
165	26	1542308411.0
93	450	1542308455.0
165	44	1542308499.0
540	771	1542311114.0
746	372	1542312239.0
180	720	1542313513.0
795	825	1542317113.0
883	78	1542317450.0
571	354	1542322969.0
231	684	1542323115.0
185	129	1542328164.0
133	113	1542330758.0
936	32	1542331948.0
649	492	1542332507.0
936	520	1542332521.0
867	30	1542333844.0
867	684	1542334012.0
893	143	1542337878.0
78	206	1542362994.0
185	319	1542372180.0
365	278	1542385701.0
178	766	1542392184.0
178	211	1542393281.0
251	457	1542399630.0
42	41	1542403045.0
134	57	1542403068.0
594	809	1542404373.0
594	7	1542404571.0
67	803	1542404792.0
739	165	1542405903.0
67	59	1542406212.0
67	663	1542406366.0
263	67	1542407011.0
67	675	1542407024.0
106	814	1542408581.0
567	277	1542409596.0
106	741	1542409823.0
217	761	1542412488.0
858	580	1542412505.0
858	141	1542412819.0
858	43	1542413187.0
739	431	1542413637.0
247	275	1542413827.0
858	731	1542413930.0
858	683	1542413989.0
858	211	1542414135.0
325	425	1542414731.0
510	489	1542415310.0
510	108	1542415598.0
407	136	1542419418.0
47	529	1542421488.0
47	221	1542421620.0
47	189	1542421699.0
526	221	1542421742.0
476	443	1542422203.0
476	798	1542422967.0
923	454	1542428345.0
923	31	1542430922.0
705	239	1542431376.0
326	594	1542431575.0
853	43	1542462971.0
201	819	1542465708.0
201	572	1542466243.0
233	98	1542467439.0
174	264	1542474310.0
946	530	1542476602.0
701	69	1542476696.0
931	67	1542480614.0
432	454	1542483130.0
432	378	1542483460.0
315	41	1542484158.0
73	28	1542490346.0
73	804	1542490524.0
73	428	1542491038.0
910	114	1542491277.0
910	282	1542492079.0
432	69	1542492815.0
819	794	1542493243.0
910	265	1542493834.0
819	700	1542494030.0
213	147	1542494503.0
85	264	1542494617.0
606	239	1542498428.0
584	266	1542504056.0
498	520	1542505646.0
947	51	1542507501.0
673	128	1542509789.0
473	98	1542513599.0
134	272	1542513609.0
125	160	1542514061.0
125	618	1542516021.0
217	616	1542521056.0
307	204	1542535715.0
750	489	1542546008.0
940	165	1542547748.0
947	443	1542547863.0
940	598	1542548623.0
493	808	1542548699.0
276	442	1542549028.0
940	701	1542550110.0
940	514	1542550710.0
592	7	1542552586.0
940	507	1542554350.0
251	38	1542555028.0
630	341	1542555750.0
940	644	1542557114.0
923	275	1542558710.0
948	379	1542559810.0
31	347	1542566833.0
334	498	1542567248.0
350	132	1542571140.0
885	141	1542571888.0
528	494	1542573218.0
178	508	1542573515.0
947	400	1542574510.0
947	498	1542575381.0
947	654	1542577975.0
947	209	1542578857.0
721	4	1542578921.0
947	206	1542579045.0
721	807	1542579263.0
325	628	1542579492.0
721	143	1542579749.0
833	321	1542581425.0
247	354	1542581997.0
477	135	1542582122.0
477	753	1542582601.0
542	741	1542582791.0
542	30	1542583144.0
833	820	1542583571.0
477	360	1542583807.0
833	18	1542588927.0
483	189	1542589039.0
240	129	1542592202.0
342	391	1542592727.0
498	6	1542592771.0
342	36	1542593005.0
947	464	1542593485.0
947	523	1542593564.0
947	686	1542593907.0
947	591	1542594199.0
326	717	1542594234.0
510	698	1542594460.0
477	315	1542595442.0
947	658	1542596461.0
701	116	1542597851.0
949	741	1542598547.0
853	207	1542598708.0
949	86	1542599616.0
949	59	1542601378.0
665	104	1542601883.0
949	20	1542602251.0
949	1	1542602538.0
949	103	1542602888.0
949	264	1542603679.0
949	195	1542604195.0
520	778	1542638190.0
520	22	1542638475.0
665	287	1542639796.0
264	160	1542640920.0
165	822	1542643017.0
665	439	1542643328.0
833	790	1542644808.0
883	307	1542647967.0
56	71	1542649351.0
420	42	1542650297.0
56	322	1542650412.0
943	307	1542651483.0
99	826	1542651706.0
545	797	1542653192.0
648	137	1542653376.0
648	237	1542653676.0
231	477	1542654191.0
949	674	1542654681.0
526	432	1542655313.0
686	821	1542656699.0
686	818	1542656820.0
949	342	1542657780.0
949	106	1542658080.0
833	5	1542659783.0
267	723	1542660752.0
607	492	1542660893.0
808	616	1542662135.0
833	113	1542663467.0
349	161	1542663625.0
349	215	1542663855.0
699	716	1542669911.0
871	616	1542670637.0
871	275	1542670732.0
871	43	1542670776.0
111	686	1542671833.0
111	390	1542672026.0
578	58	1542673674.0
578	79	1542673901.0
378	207	1542673946.0
480	256	1542674151.0
541	560	1542674773.0
950	268	1542676451.0
175	158	1542680984.0
951	371	1542682287.0
78	287	1542684987.0
77	353	1542685016.0
815	501	1542686593.0
833	347	1542689911.0
833	540	1542690991.0
36	472	1542717445.0
713	585	1542720535.0
713	43	1542720808.0
479	338	1542721234.0
165	487	1542722499.0
908	784	1542723055.0
896	692	1542723284.0
215	741	1542726713.0
847	51	1542730822.0
847	459	1542731166.0
83	332	1542732405.0
749	201	1542734226.0
498	70	1542734829.0
705	427	1542738276.0
493	821	1542740310.0
397	338	1542743530.0
563	803	1542743819.0
563	611	1542745663.0
822	275	1542749493.0
557	251	1542749861.0
557	134	1542751053.0
886	579	1542756391.0
326	44	1542757773.0
326	206	1542757863.0
620	29	1542759897.0
56	58	1542760468.0
727	84	1542763408.0
727	605	1542764527.0
727	779	1542765675.0
189	94	1542771444.0
248	796	1542773094.0
938	208	1542775586.0
34	512	1542807327.0
60	803	1542809695.0
243	84	1542810852.0
331	119	1542812815.0
178	349	1542819481.0
43	80	1542823951.0
376	716	1542825539.0
43	569	1542825780.0
893	378	1542827510.0
893	541	1542827792.0
844	799	1542828005.0
952	725	1542829386.0
910	810	1542831520.0
432	24	1542833185.0
910	489	1542833739.0
43	215	1542836750.0
230	251	1542837316.0
43	433	1542837418.0
122	826	1542837592.0
43	10	1542838279.0
43	16	1542838652.0
43	544	1542839257.0
705	708	1542839296.0
43	285	1542840078.0
779	741	1542843599.0
947	102	1542846326.0
649	789	1542846752.0
947	501	1542847566.0
514	275	1542849615.0
514	206	1542849799.0
514	57	1542850046.0
514	43	1542850146.0
514	30	1542850226.0
514	439	1542850352.0
514	513	1542850451.0
514	67	1542850549.0
514	542	1542850684.0
514	374	1542850739.0
514	305	1542850939.0
514	386	1542851444.0
514	451	1542851636.0
947	725	1542852536.0
947	295	1542854466.0
730	468	1542854954.0
947	321	1542855062.0
709	442	1542860813.0
709	211	1542860871.0
308	84	1542864977.0
308	346	1542865444.0
457	5	1542888508.0
457	89	1542888883.0
201	101	1542893992.0
940	775	1542894514.0
582	29	1542896433.0
813	50	1542897862.0
869	209	1542905554.0
50	822	1542912924.0
307	131	1542915632.0
594	781	1542917120.0
594	827	1542917961.0
688	803	1542919906.0
832	456	1542921659.0
524	828	1542930748.0
775	808	1542932764.0
393	45	1542933962.0
944	34	1542946613.0
588	119	1542948864.0
701	541	1542949492.0
386	206	1542985265.0
63	329	1542986536.0
238	84	1542987028.0
953	264	1542990092.0
953	801	1542991279.0
953	249	1542991571.0
953	197	1542991894.0
953	642	1542992584.0
953	534	1542992977.0
953	221	1542993475.0
359	481	1542993573.0
944	98	1543001097.0
944	728	1543001943.0
953	458	1543003367.0
207	767	1543005058.0
910	809	1543006620.0
953	334	1543007409.0
417	829	1543008616.0
256	733	1543015487.0
705	372	1543020356.0
577	41	1543021653.0
438	242	1543027871.0
556	26	1543030671.0
14	672	1543041909.0
953	166	1543042774.0
792	19	1543051654.0
90	530	1543064528.0
911	688	1543068961.0
911	506	1543069116.0
212	369	1543074323.0
404	5	1543074645.0
136	405	1543084102.0
893	794	1543086390.0
893	693	1543086576.0
893	709	1543086765.0
248	741	1543092643.0
432	94	1543093175.0
248	39	1543093765.0
248	797	1543093852.0
885	76	1543098072.0
256	323	1543099651.0
637	354	1543099820.0
256	110	1543100513.0
260	618	1543101226.0
260	599	1543101507.0
260	86	1543102037.0
260	261	1543103191.0
276	378	1543104744.0
12	781	1543109976.0
954	532	1543149722.0
954	453	1543150155.0
584	275	1543152230.0
734	587	1543153766.0
307	220	1543153820.0
734	797	1543154094.0
207	830	1543163400.0
10	795	1543163532.0
10	547	1543163742.0
885	794	1543164540.0
847	530	1543168841.0
847	247	1543168991.0
224	781	1543170581.0
448	20	1543174916.0
33	317	1543176303.0
955	759	1543176811.0
649	94	1543177123.0
550	810	1543180839.0
725	831	1543184398.0
701	41	1543187328.0
542	640	1543191357.0
497	783	1543191427.0
558	278	1543194042.0
649	144	1543195354.0
85	338	1543195366.0
649	133	1543196691.0
267	7	1543198284.0
310	466	1543198380.0
682	30	1543213342.0
110	239	1543217752.0
349	405	1543240943.0
725	582	1543244674.0
7	801	1543246577.0
7	160	1543247219.0
7	6	1543247352.0
83	601	1543248148.0
467	432	1543248489.0
70	220	1543256790.0
883	131	1543260446.0
883	832	1543260969.0
883	334	1543261240.0
395	412	1543263642.0
395	456	1543264247.0
901	679	1543267337.0
317	150	1543267364.0
797	818	1543268739.0
910	709	1543269681.0
530	793	1543269845.0
36	394	1543274133.0
730	41	1543276194.0
451	832	1543284332.0
451	646	1543284990.0
451	24	1543285088.0
408	436	1543285100.0
451	133	1543285149.0
792	808	1543286574.0
105	793	1543289995.0
325	520	1543293531.0
167	440	1543295470.0
186	828	1543308437.0
352	30	1543319687.0
265	636	1543325775.0
920	119	1543326583.0
248	275	1543327669.0
808	5	1543327847.0
284	542	1543330741.0
932	297	1543330771.0
953	24	1543331137.0
396	582	1543333187.0
264	560	1543337033.0
169	36	1543337037.0
956	244	1543337929.0
956	281	1543338191.0
956	207	1543338666.0
956	162	1543339609.0
225	89	1543340787.0
261	732	1543345194.0
396	370	1543346483.0
785	595	1543348980.0
785	57	1543349296.0
949	801	1543352979.0
19	781	1543354668.0
386	187	1543357714.0
901	525	1543363905.0
791	707	1543367243.0
80	757	1543371688.0
52	78	1543374969.0
616	517	1543376718.0
470	160	1543388349.0
470	509	1543389995.0
896	572	1543410266.0
353	122	1543413965.0
601	351	1543415171.0
243	741	1543419424.0
877	801	1543420046.0
920	168	1543422402.0
698	176	1543422976.0
669	223	1543426785.0
172	3	1543427400.0
932	191	1543431367.0
896	34	1543432460.0
96	158	1543435864.0
253	568	1543437619.0
105	804	1543438591.0
397	305	1543439133.0
953	6	1543441715.0
102	272	1543447232.0
734	201	1543450387.0
136	6	1543450761.0
136	70	1543450883.0
734	211	1543450891.0
10	2	1543451672.0
886	71	1543452682.0
943	131	1543452997.0
750	176	1543457685.0
550	722	1543458097.0
388	560	1543474509.0
953	57	1543492456.0
953	606	1543493550.0
953	212	1543494101.0
953	321	1543494446.0
920	162	1543497206.0
145	308	1543497896.0
145	703	1543498704.0
145	85	1543498896.0
183	342	1543499178.0
165	43	1543499605.0
248	16	1543499716.0
248	781	1543499771.0
21	804	1543500013.0
446	823	1543507595.0
953	416	1543508181.0
953	651	1543508464.0
957	29	1543509544.0
957	87	1543509842.0
957	443	1543511053.0
953	18	1543511110.0
957	77	1543511394.0
953	790	1543511503.0
957	152	1543511764.0
462	646	1543512509.0
462	41	1543512942.0
617	203	1543513820.0
957	1	1543515614.0
397	458	1543516084.0
953	177	1543517060.0
953	20	1543517479.0
953	367	1543517711.0
264	264	1543518371.0
824	107	1543520855.0
958	378	1543526429.0
72	660	1543526439.0
958	57	1543526549.0
550	814	1543529719.0
959	23	1543542537.0
959	26	1543542889.0
959	822	1543543369.0
959	769	1543543860.0
959	5	1543544637.0
237	65	1543546454.0
960	797	1543547113.0
746	435	1543547199.0
960	175	1543547404.0
960	115	1543547546.0
960	422	1543547796.0
960	555	1543548169.0
960	113	1543548359.0
960	378	1543548682.0
960	198	1543548782.0
960	176	1543548889.0
960	757	1543549236.0
960	260	1543549397.0
960	582	1543549565.0
243	804	1543552976.0
764	449	1543557101.0
764	179	1543558062.0
764	830	1543559017.0
764	169	1543560203.0
958	5	1543578412.0
958	137	1543578599.0
105	766	1543579476.0
958	340	1543587297.0
958	704	1543587733.0
958	58	1543587927.0
958	354	1543588218.0
77	5	1543588506.0
958	89	1543588516.0
958	759	1543589200.0
913	59	1543591242.0
913	830	1543591508.0
251	801	1543591543.0
382	236	1543592999.0
958	287	1543595444.0
529	502	1543598131.0
333	456	1543601701.0
607	809	1543604052.0
43	786	1543605486.0
393	106	1543606709.0
730	641	1543608061.0
730	431	1543608616.0
730	769	1543608802.0
730	113	1543609258.0
730	445	1543609435.0
927	508	1543609567.0
67	228	1543610053.0
730	479	1543611303.0
529	616	1543611940.0
659	253	1543612950.0
659	103	1543613318.0
764	20	1543613333.0
393	651	1543613405.0
393	487	1543613979.0
875	827	1543614900.0
412	246	1543616130.0
252	801	1543619101.0
393	152	1543634342.0
709	475	1543634456.0
393	756	1543634456.0
178	37	1543637273.0
53	239	1543637979.0
936	711	1543639568.0
412	327	1543640666.0
957	417	1543642034.0
11	415	1543656390.0
60	781	1543670341.0
761	43	1543678271.0
961	545	1543680420.0
961	57	1543680505.0
961	31	1543680862.0
632	86	1543681046.0
961	723	1543681224.0
961	416	1543682443.0
793	308	1543682695.0
961	340	1543682742.0
494	479	1543684730.0
647	741	1543687004.0
647	148	1543688308.0
334	706	1543690974.0
432	771	1543693429.0
221	533	1543694047.0
221	340	1543695456.0
224	336	1543697708.0
433	744	1543698800.0
181	391	1543700267.0
674	190	1543700547.0
630	207	1543702024.0
467	712	1543702822.0
123	299	1543702994.0
242	813	1543703225.0
878	180	1543705728.0
892	426	1543709076.0
102	56	1543709467.0
102	107	1543710002.0
248	214	1543713071.0
145	88	1543714926.0
222	599	1543716413.0
52	338	1543723155.0
263	413	1543753999.0
160	826	1543756929.0
160	612	1543757260.0
359	792	1543757631.0
633	544	1543761656.0
907	108	1543761806.0
360	20	1543763344.0
365	781	1543764636.0
487	23	1543766417.0
952	52	1543769117.0
774	781	1543769462.0
774	137	1543770233.0
20	752	1543772816.0
607	263	1543773856.0
813	270	1543774616.0
957	518	1543779169.0
957	263	1543779327.0
957	129	1543779676.0
957	383	1543780201.0
767	802	1543780460.0
767	270	1543780830.0
957	184	1543781246.0
144	76	1543781454.0
144	205	1543781711.0
957	141	1543783774.0
548	410	1543784449.0
617	385	1543787078.0
750	822	1543791156.0
518	5	1543791542.0
518	677	1543791638.0
134	142	1543793959.0
962	215	1543794197.0
471	139	1543794383.0
371	544	1543794469.0
165	806	1543794535.0
471	230	1543795603.0
14	124	1543796134.0
430	408	1543797296.0
202	796	1543799170.0
202	31	1543799462.0
955	479	1543801186.0
161	783	1543803951.0
649	833	1543804066.0
918	489	1543804253.0
161	614	1543804884.0
245	598	1543805658.0
885	391	1543805744.0
438	333	1543806694.0
702	29	1543807726.0
702	206	1543808071.0
413	16	1543808438.0
355	104	1543810147.0
918	131	1543810295.0
250	598	1543810534.0
963	802	1543812105.0
963	2	1543812427.0
963	451	1543812634.0
854	57	1543813195.0
854	125	1543813299.0
963	131	1543815037.0
963	410	1543815262.0
963	788	1543815559.0
274	112	1543815589.0
963	5	1543815863.0
963	417	1543816367.0
963	535	1543816479.0
963	568	1543816675.0
963	58	1543816853.0
177	143	1543821292.0
885	173	1543823017.0
255	95	1543825274.0
918	493	1543842907.0
47	431	1543845172.0
522	413	1543846726.0
522	82	1543848304.0
918	200	1543848455.0
263	217	1543850033.0
964	478	1543851080.0
918	465	1543853535.0
419	20	1543855491.0
70	816	1543857855.0
901	221	1543860007.0
333	142	1543862335.0
178	391	1543862788.0
468	457	1543864809.0
116	721	1543865811.0
550	620	1543865812.0
158	98	1543872747.0
813	131	1543877080.0
819	7	1543880065.0
957	179	1543881436.0
55	822	1543882403.0
935	490	1543885745.0
6	131	1543887946.0
522	531	1543890397.0
522	709	1543893216.0
887	58	1543924205.0
918	5	1543929889.0
288	27	1543934302.0
251	826	1543939335.0
880	834	1543939594.0
935	651	1543940438.0
116	555	1543942052.0
338	799	1543942268.0
935	206	1543942297.0
935	596	1543953584.0
867	29	1543962609.0
867	264	1543962856.0
946	60	1543964124.0
965	726	1543965953.0
872	835	1543966220.0
872	781	1543966886.0
780	272	1543968116.0
872	779	1543969023.0
780	386	1543969024.0
117	24	1543971849.0
607	591	1543972687.0
614	264	1543973723.0
529	457	1543979146.0
616	159	1543981063.0
316	177	1543983841.0
316	43	1543984312.0
836	369	1543986909.0
584	23	1544008066.0
948	474	1544011324.0
325	341	1544013748.0
380	404	1544020019.0
918	549	1544022100.0
449	136	1544022522.0
504	531	1544026301.0
515	432	1544034191.0
355	110	1544034675.0
335	261	1544037106.0
845	287	1544041944.0
737	44	1544043878.0
928	83	1544045477.0
653	810	1544049583.0
681	100	1544050434.0
681	32	1544050790.0
954	305	1544051346.0
901	225	1544052130.0
176	827	1544057169.0
167	43	1544057257.0
167	354	1544057806.0
175	827	1544060935.0
863	31	1544061515.0
172	779	1544065443.0
433	289	1544068431.0
186	224	1544072362.0
186	275	1544072754.0
730	31	1544073949.0
918	205	1544076171.0
918	84	1544077565.0
953	781	1544078002.0
746	188	1544096683.0
746	489	1544097401.0
746	481	1544097734.0
746	569	1544098259.0
405	265	1544109867.0
239	281	1544111793.0
239	124	1544112936.0
548	425	1544114187.0
309	229	1544115280.0
515	143	1544117295.0
43	171	1544120088.0
309	447	1544120511.0
309	55	1544122410.0
268	41	1544122705.0
812	402	1544123758.0
93	720	1544126577.0
935	29	1544130077.0
229	189	1544141464.0
90	456	1544143974.0
436	169	1544155252.0
918	801	1544157915.0
131	699	1544190953.0
177	317	1544191132.0
855	7	1544191366.0
855	303	1544191706.0
131	489	1544191712.0
131	494	1544199288.0
131	30	1544199574.0
131	58	1544200143.0
607	836	1544203719.0
88	501	1544205093.0
921	489	1544212588.0
918	251	1544213106.0
200	414	1544218990.0
959	20	1544220350.0
729	511	1544221392.0
892	28	1544223712.0
28	658	1544224314.0
729	43	1544224626.0
658	511	1544225472.0
729	597	1544225586.0
80	234	1544225604.0
658	44	1544225762.0
80	303	1544226009.0
918	296	1544227221.0
729	41	1544228013.0
175	314	1544228823.0
473	153	1544229023.0
855	36	1544235679.0
219	95	1544237228.0
178	67	1544240197.0
907	827	1544241200.0
276	110	1544242161.0
545	341	1544250715.0
802	206	1544260544.0
55	804	1544274860.0
160	365	1544276745.0
245	454	1544276858.0
240	275	1544277564.0
918	38	1544280505.0
207	20	1544282442.0
38	827	1544283014.0
525	362	1544284780.0
867	604	1544287042.0
909	173	1544287323.0
867	237	1544287766.0
837	337	1544289030.0
326	363	1544289263.0
342	827	1544289845.0
183	305	1544294182.0
28	43	1544294970.0
173	642	1544308197.0
524	263	1544310149.0
325	349	1544311161.0
477	723	1544312884.0
347	573	1544314574.0
879	748	1544314633.0
432	211	1544317356.0
404	211	1544320899.0
404	93	1544321325.0
404	221	1544322148.0
404	101	1544322659.0
404	591	1544322868.0
404	206	1544323060.0
404	417	1544323288.0
404	768	1544323563.0
244	137	1544323811.0
98	665	1544324092.0
252	765	1544325952.0
407	260	1544326764.0
682	229	1544331255.0
5	279	1544354445.0
190	486	1544362765.0
291	177	1544364761.0
930	331	1544372119.0
128	741	1544372697.0
837	528	1544374359.0
529	93	1544374916.0
468	378	1544375174.0
529	206	1544375208.0
529	272	1544376437.0
529	564	1544376664.0
468	272	1544377123.0
549	406	1544377389.0
23	295	1544377576.0
162	105	1544379206.0
702	525	1544379424.0
549	282	1544379588.0
730	57	1544382126.0
730	609	1544383955.0
961	410	1544387634.0
961	486	1544388044.0
412	762	1544388292.0
618	143	1544389424.0
618	179	1544389824.0
94	54	1544392658.0
94	397	1544393237.0
432	338	1544394602.0
943	206	1544396636.0
883	533	1544396636.0
943	533	1544397023.0
68	788	1544399612.0
143	11	1544400781.0
145	43	1544402269.0
407	147	1544404186.0
407	323	1544404561.0
867	331	1544404706.0
867	131	1544404942.0
510	269	1544406155.0
938	117	1544406764.0
242	827	1544408701.0
323	266	1544409033.0
475	305	1544409667.0
673	517	1544412976.0
212	89	1544414439.0
550	460	1544415322.0
243	826	1544426044.0
797	802	1544447259.0
923	131	1544447944.0
271	548	1544450126.0
958	182	1544453707.0
475	218	1544454168.0
543	32	1544455665.0
543	489	1544456341.0
966	291	1544457366.0
901	602	1544458161.0
966	211	1544458661.0
912	823	1544460100.0
912	179	1544460911.0
912	100	1544462513.0
494	528	1544464664.0
355	748	1544467888.0
361	10	1544469351.0
259	205	1544472300.0
39	544	1544474750.0
281	143	1544478107.0
797	115	1544479707.0
56	789	1544479960.0
64	827	1544480715.0
47	268	1544480969.0
918	735	1544481134.0
595	789	1544486215.0
23	662	1544486975.0
493	808	1544487307.0
38	812	1544489558.0
950	801	1544491568.0
842	103	1544495845.0
154	397	1544497553.0
806	275	1544497736.0
888	370	1544503832.0
888	84	1544504212.0
356	327	1544504670.0
110	814	1544513651.0
39	475	1544551751.0
967	511	1544555356.0
935	618	1544555746.0
918	756	1544558785.0
960	17	1544559494.0
960	132	1544560102.0
960	503	1544560330.0
460	275	1544563123.0
326	331	1544574187.0
105	788	1544576847.0
367	131	1544577749.0
968	88	1544578366.0
908	3	1544580406.0
924	275	1544581661.0
940	487	1544586391.0
940	490	1544586650.0
648	206	1544588516.0
911	477	1544619910.0
621	810	1544625775.0
729	456	1544626450.0
936	829	1544627038.0
66	394	1544628514.0
869	811	1544628557.0
883	820	1544630450.0
966	567	1544635228.0
448	820	1544635265.0
966	269	1544635630.0
918	800	1544635829.0
559	5	1544635898.0
966	158	1544636848.0
448	822	1544643941.0
56	784	1544649942.0
251	827	1544650290.0
267	63	1544653773.0
90	10	1544654863.0
412	433	1544656178.0
412	788	1544657020.0
213	823	1544661917.0
729	393	1544663113.0
234	245	1544663949.0
234	54	1544664141.0
936	426	1544667323.0
440	124	1544671545.0
785	535	1544676552.0
745	273	1544692947.0
471	243	1544705894.0
217	761	1544706119.0
290	458	1544710404.0
543	98	1544711904.0
543	288	1544712739.0
543	781	1544712875.0
222	95	1544724731.0
238	303	1544729687.0
238	559	1544730366.0
137	58	1544733242.0
137	181	1544734664.0
906	828	1544735578.0
871	624	1544741700.0
871	173	1544741733.0
871	159	1544741828.0
501	275	1544741856.0
317	103	1544743542.0
137	123	1544744704.0
819	425	1544748091.0
266	345	1544756280.0
80	476	1544786066.0
181	269	1544793560.0
522	53	1544799891.0
808	217	1544801141.0
60	89	1544805348.0
323	35	1544812117.0
734	5	1544813612.0
734	827	1544814257.0
808	378	1544816754.0
808	209	1544816954.0
808	216	1544817148.0
367	131	1544818874.0
923	2	1544819392.0
902	472	1544826000.0
585	552	1544829145.0
741	267	1544829561.0
969	5	1544829574.0
969	626	1544831252.0
969	10	1544833756.0
292	119	1544838681.0
558	835	1544839123.0
901	176	1544843086.0
935	50	1544844636.0
178	822	1544844682.0
42	781	1544852327.0
953	143	1544883122.0
848	822	1544884931.0
848	15	1544885229.0
953	805	1544885327.0
913	9	1544886017.0
247	12	1544888614.0
936	147	1544889969.0
940	586	1544890722.0
757	309	1544895947.0
587	781	1544900406.0
587	441	1544900544.0
528	238	1544902566.0
455	56	1544902954.0
970	764	1544904902.0
5	475	1544910744.0
607	836	1544914095.0
966	54	1544914879.0
249	131	1544918056.0
161	347	1544918113.0
525	432	1544919372.0
729	826	1544919779.0
161	251	1544920875.0
161	30	1544922908.0
47	623	1544923028.0
797	837	1544925130.0
924	443	1544926220.0
904	179	1544928535.0
904	726	1544928672.0
904	57	1544928727.0
904	521	1544928788.0
904	446	1544928900.0
904	301	1544928989.0
904	263	1544929015.0
904	44	1544929060.0
904	346	1544929127.0
904	495	1544929195.0
904	98	1544930318.0
904	41	1544931101.0
90	296	1544967931.0
245	137	1544978791.0
4	164	1544979372.0
867	20	1544984553.0
810	16	1544989654.0
910	540	1544992274.0
550	836	1544993288.0
953	179	1544996773.0
743	791	1544996805.0
722	214	1544997744.0
953	84	1544998182.0
556	123	1544999847.0
473	616	1545001062.0
407	210	1545002244.0
883	350	1545005040.0
672	316	1545005588.0
601	28	1545008206.0
528	414	1545008385.0
681	458	1545008461.0
185	20	1545008577.0
585	6	1545010234.0
854	449	1545014240.0
969	198	1545014616.0
185	829	1545014777.0
935	487	1545014830.0
875	102	1545016376.0
617	358	1545021273.0
617	548	1545021787.0
401	458	1545055412.0
401	43	1545055545.0
401	131	1545055684.0
722	98	1545059955.0
490	759	1545062805.0
39	536	1545064808.0
164	275	1545065719.0
670	108	1545066048.0
670	251	1545066651.0
670	59	1545066905.0
670	754	1545067052.0
670	230	1545067265.0
670	593	1545070279.0
670	647	1545070416.0
670	494	1545070619.0
670	57	1545072258.0
670	509	1545072373.0
670	484	1545072768.0
670	278	1545072847.0
670	797	1545073023.0
670	699	1545073161.0
326	313	1545074689.0
856	201	1545074862.0
856	38	1545075135.0
183	834	1545076263.0
483	835	1545077164.0
105	275	1545080037.0
969	136	1545081594.0
949	381	1545082146.0
698	389	1545083543.0
587	510	1545088476.0
587	579	1545088596.0
439	56	1545089316.0
439	472	1545089741.0
439	67	1545090418.0
656	433	1545096900.0
656	31	1545097000.0
587	69	1545098536.0
528	802	1545100712.0
355	705	1545103561.0
796	31	1545105063.0
796	10	1545105254.0
796	305	1545105837.0
945	56	1545121605.0
544	267	1545129395.0
493	784	1545131511.0
325	192	1545140538.0
264	54	1545144232.0
849	59	1545152676.0
924	67	1545161253.0
18	372	1545164702.0
969	831	1545170287.0
181	30	1545175648.0
116	836	1545175652.0
648	349	1545179397.0
886	479	1545180761.0
886	575	1545180926.0
230	383	1545181025.0
21	622	1545182010.0
419	808	1545182941.0
419	90	1545183363.0
881	347	1545186509.0
323	627	1545186894.0
323	59	1545187254.0
201	814	1545188643.0
70	54	1545193019.0
836	89	1545193255.0
168	267	1545199167.0
325	214	1545203972.0
656	131	1545224496.0
656	329	1545225177.0
656	807	1545226050.0
656	506	1545226450.0
656	724	1545226604.0
656	149	1545226934.0
656	15	1545227165.0
966	595	1545231215.0
378	39	1545231278.0
264	34	1545232232.0
966	781	1545232708.0
219	137	1545235187.0
184	528	1545235436.0
836	750	1545235787.0
83	100	1545235814.0
184	696	1545235932.0
219	28	1545236191.0
295	84	1545237068.0
791	748	1545243105.0
872	806	1545248656.0
966	184	1545249137.0
791	56	1545249480.0
321	804	1545254720.0
321	574	1545254840.0
414	244	1545260866.0
785	767	1545261020.0
729	108	1545262673.0
4	396	1545262741.0
647	160	1545268352.0
467	560	1545270632.0
901	478	1545272113.0
872	493	1545272421.0
114	776	1545276725.0
881	826	1545280485.0
893	6	1545280910.0
959	642	1545287178.0
355	241	1545291996.0
571	54	1545319521.0
66	39	1545322932.0
881	569	1545323199.0
66	131	1545323633.0
845	675	1545324879.0
921	124	1545325857.0
838	320	1545327972.0
181	384	1545330387.0
812	829	1545330560.0
918	619	1545336161.0
252	450	1545336531.0
185	735	1545343125.0
353	545	1545344225.0
750	148	1545346452.0
966	487	1545349190.0
910	129	1545349598.0
302	305	1545354215.0
70	552	1545356988.0
968	41	1545358972.0
968	280	1545359710.0
528	122	1545359953.0
936	655	1545364322.0
407	38	1545365403.0
297	78	1545376166.0
297	641	1545376949.0
893	430	1545380033.0
471	122	1545396793.0
140	782	1545403025.0
140	403	1545403474.0
757	18	1545404921.0
757	21	1545405063.0
774	251	1545405527.0
557	135	1545407679.0
4	563	1545411884.0
922	54	1545412071.0
265	130	1545412160.0
74	20	1545412678.0
408	266	1545414249.0
90	171	1545414314.0
779	814	1545417338.0
536	320	1545418148.0
2	10	1545425547.0
881	807	1545430792.0
528	384	1545438778.0
823	426	1545445118.0
276	303	1545446558.0
498	522	1545446803.0
498	484	1545447190.0
256	527	1545447353.0
498	365	1545448175.0
498	447	1545448595.0
971	401	1545451585.0
893	783	1545452536.0
267	762	1545457795.0
682	29	1545461786.0
732	372	1545486272.0
175	54	1545491890.0
4	832	1545495799.0
251	739	1545498331.0
521	489	1545504457.0
521	31	1545504625.0
320	131	1545505232.0
935	832	1545507089.0
104	30	1545507201.0
104	401	1545507878.0
968	378	1545510176.0
968	76	1545511599.0
432	832	1545514301.0
968	211	1545515237.0
298	753	1545516932.0
478	55	1545521184.0
403	31	1545522482.0
457	623	1545560036.0
367	338	1545579075.0
288	5	1545580692.0
498	19	1545586859.0
498	139	1545588639.0
498	347	1545592382.0
4	54	1545594202.0
240	284	1545598859.0
111	832	1545600197.0
291	21	1545601019.0
14	789	1545601290.0
14	553	1545602111.0
910	124	1545603288.0
935	247	1545606757.0
953	54	1545607690.0
953	58	1545608053.0
533	179	1545608367.0
245	530	1545608839.0
595	35	1545611695.0
522	342	1545613523.0
595	655	1545615081.0
684	54	1545615994.0
49	246	1545616123.0
85	496	1545616487.0
595	275	1545617048.0
521	326	1545630473.0
521	179	1545630678.0
708	313	1545657336.0
708	551	1545657515.0
5	456	1545657784.0
450	781	1545658996.0
476	45	1545664875.0
684	626	1545669906.0
972	562	1545670950.0
90	7	1545673066.0
595	100	1545674542.0
595	73	1545680820.0
595	582	1545684003.0
90	426	1545686006.0
90	479	1545686157.0
582	398	1545686988.0
5	457	1545687720.0
860	134	1545688534.0
702	204	1545689063.0
582	430	1545689206.0
702	57	1545689615.0
702	422	1545690339.0
414	750	1545690680.0
633	445	1545692908.0
644	184	1545692926.0
633	2	1545694057.0
860	827	1545694838.0
860	87	1545695299.0
860	475	1545696187.0
538	184	1545700995.0
538	808	1545701429.0
538	23	1545702491.0
918	320	1545703810.0
538	67	1545704677.0
935	104	1545706687.0
860	57	1545707316.0
860	388	1545708377.0
860	39	1545712753.0
860	128	1545714224.0
15	131	1545714578.0
15	36	1545714724.0
972	458	1545743799.0
972	6	1545743996.0
972	201	1545744234.0
316	483	1545750020.0
316	53	1545750492.0
316	399	1545750857.0
729	396	1545750914.0
729	752	1545752531.0
860	60	1545756361.0
117	30	1545762537.0
739	535	1545763300.0
903	205	1545763672.0
595	835	1545764128.0
739	489	1545766929.0
250	5	1545767319.0
250	182	1545767392.0
250	348	1545767474.0
250	53	1545767635.0
105	69	1545768330.0
519	797	1545769306.0
595	267	1545769657.0
181	51	1545771880.0
635	28	1545773063.0
491	490	1545773083.0
36	7	1545774308.0
183	727	1545777168.0
485	84	1545781502.0
485	485	1545781730.0
312	237	1545782332.0
597	205	1545789467.0
597	341	1545789955.0
597	651	1545791317.0
597	469	1545791676.0
597	587	1545792074.0
245	246	1545795532.0
597	58	1545795757.0
597	316	1545796510.0
597	162	1545797137.0
973	341	1545802257.0
972	24	1545825939.0
972	51	1545826330.0
972	562	1545826579.0
972	464	1545826763.0
972	133	1545827352.0
154	42	1545831525.0
813	317	1545834238.0
39	784	1545837836.0
39	53	1545838200.0
974	206	1545838582.0
974	32	1545839177.0
60	28	1545843623.0
231	837	1545852262.0
887	800	1545856018.0
258	309	1545858260.0
258	370	1545858905.0
972	655	1545859806.0
972	323	1545859887.0
746	838	1545860370.0
190	336	1545862594.0
190	173	1545863042.0
216	131	1545863259.0
975	295	1545871621.0
767	408	1545872903.0
174	734	1545877418.0
533	371	1545877817.0
942	286	1545881803.0
567	609	1545889301.0
893	2	1545895091.0
893	40	1545895530.0
893	1	1545897066.0
893	393	1545897313.0
729	126	1545918557.0
902	835	1545926584.0
902	53	1545926778.0
902	177	1545926866.0
902	97	1545926987.0
722	704	1545927394.0
69	170	1545927983.0
69	463	1545928430.0
449	638	1545931969.0
449	676	1545933599.0
19	72	1545935308.0
180	22	1545937044.0
180	275	1545937494.0
360	79	1545938192.0
347	5	1545939409.0
252	781	1545941379.0
976	80	1545944053.0
976	179	1545944127.0
976	492	1545944309.0
976	378	1545944396.0
976	677	1545944734.0
976	58	1545944812.0
102	50	1545945028.0
976	251	1545945299.0
976	709	1545945422.0
102	293	1545945437.0
162	793	1545945681.0
162	466	1545949040.0
398	552	1545949497.0
162	773	1545953729.0
896	723	1545958483.0
355	157	1545958552.0
355	689	1545958795.0
896	76	1545959325.0
448	781	1545964496.0
729	281	1545964781.0
403	54	1545965686.0
403	691	1545965761.0
962	149	1545969827.0
47	817	1545970009.0
648	20	1545970796.0
975	321	1545971196.0
967	538	1545972030.0
482	0	1545978127.0
975	464	1545993108.0
975	818	1545993371.0
975	600	1545993796.0
845	141	1546004557.0
975	206	1546006746.0
739	800	1546012074.0
739	329	1546012565.0
739	205	1546013275.0
739	7	1546014633.0
87	225	1546015422.0
730	31	1546015955.0
962	734	1546019545.0
911	32	1546019636.0
285	27	1546020112.0
36	530	1546022080.0
22	13	1546023013.0
118	47	1546024557.0
932	480	1546026364.0
167	160	1546028775.0
47	275	1546029145.0
118	781	1546030119.0
195	792	1546033937.0
533	545	1546035374.0
533	328	1546035534.0
533	41	1546035628.0
162	371	1546037095.0
885	391	1546039922.0
885	754	1546039967.0
491	489	1546043578.0
651	117	1546050800.0
191	604	1546051244.0
550	827	1546057499.0
546	306	1546091524.0
96	265	1546092048.0
975	405	1546096202.0
142	733	1546099737.0
142	120	1546100668.0
142	275	1546100954.0
883	631	1546102107.0
883	548	1546102221.0
976	569	1546103861.0
43	135	1546104170.0
976	114	1546104295.0
43	475	1546105783.0
43	275	1546106299.0
975	73	1546115656.0
36	269	1546119876.0
220	835	1546124085.0
857	168	1546126098.0
977	125	1546127649.0
217	62	1546129935.0
217	337	1546130831.0
217	111	1546131131.0
251	88	1546133524.0
810	532	1546135354.0
47	818	1546135887.0
911	32	1546135947.0
47	812	1546136380.0
810	57	1546137099.0
975	189	1546143469.0
837	10	1546144373.0
854	399	1546148574.0
854	276	1546148645.0
854	268	1546148991.0
975	31	1546176498.0
954	489	1546178667.0
978	605	1546179866.0
518	206	1546186201.0
546	104	1546188701.0
430	489	1546195282.0
430	828	1546197837.0
119	635	1546202127.0
226	116	1546203122.0
979	32	1546207248.0
979	51	1546207380.0
979	141	1546207483.0
979	435	1546208749.0
342	140	1546209053.0
952	189	1546211306.0
977	108	1546212812.0
977	162	1546212994.0
712	184	1546213249.0
977	699	1546213328.0
582	213	1546214797.0
582	173	1546215784.0
778	177	1546215927.0
953	275	1546219771.0
389	578	1546220295.0
953	31	1546220817.0
389	20	1546221230.0
729	596	1546221770.0
532	580	1546228468.0
85	554	1546228670.0
762	270	1546255291.0
97	107	1546260172.0
758	209	1546263832.0
111	175	1546263927.0
365	838	1546268676.0
470	797	1546273629.0
953	129	1546274524.0
470	503	1546274537.0
470	41	1546275451.0
953	582	1546275642.0
470	794	1546276086.0
448	553	1546276760.0
470	790	1546276840.0
980	30	1546282588.0
623	135	1546285778.0
787	67	1546286002.0
911	133	1546286873.0
911	646	1546287362.0
911	206	1546288189.0
532	486	1546290787.0
612	325	1546291417.0
316	536	1546300419.0
902	154	1546302952.0
323	230	1546304979.0
910	834	1546306596.0
729	256	1546308359.0
96	763	1546355468.0
70	765	1546358239.0
513	275	1546358851.0
513	2	1546360686.0
143	682	1546361015.0
729	232	1546363455.0
4	814	1546366058.0
181	268	1546369019.0
63	827	1546371275.0
633	131	1546373414.0
750	368	1546373963.0
975	256	1546374819.0
452	354	1546378216.0
747	41	1546378529.0
767	66	1546380974.0
767	145	1546382993.0
855	264	1546390619.0
19	834	1546392118.0
312	530	1546392569.0
494	131	1546393400.0
612	275	1546396048.0
115	366	1546400123.0
698	746	1546400371.0
698	97	1546404192.0
698	605	1546404572.0
698	207	1546406361.0
39	7	1546441140.0
39	781	1546441361.0
27	385	1546444787.0
747	264	1546445379.0
621	449	1546448105.0
674	713	1546448856.0
470	57	1546449529.0
208	113	1546450240.0
39	154	1546450709.0
470	437	1546452310.0
449	226	1546455185.0
449	219	1546457928.0
747	464	1546458002.0
747	24	1546458246.0
118	544	1546458772.0
38	794	1546461138.0
899	579	1546464616.0
899	88	1546465149.0
592	36	1546465772.0
10	765	1546469689.0
573	525	1546470501.0
118	243	1546473068.0
533	41	1546475736.0
580	822	1546480732.0
580	6	1546480889.0
339	227	1546481193.0
580	640	1546481226.0
580	489	1546483237.0
168	802	1546485267.0
905	763	1546488350.0
757	84	1546489180.0
981	621	1546493452.0
119	104	1546498115.0
854	659	1546508877.0
40	264	1546523917.0
39	12	1546526643.0
845	612	1546527640.0
64	305	1546530381.0
285	421	1546535917.0
887	805	1546536976.0
294	795	1546543515.0
729	455	1546546006.0
105	576	1546548563.0
56	67	1546550047.0
808	317	1546551052.0
528	813	1546553014.0
960	651	1546554540.0
367	481	1546554581.0
548	15	1546554617.0
300	788	1546555105.0
224	41	1546555484.0
452	149	1546561047.0
452	596	1546561947.0
854	270	1546563695.0
854	369	1546564028.0
854	579	1546564283.0
533	545	1546564777.0
229	102	1546567865.0
105	329	1546568190.0
75	113	1546568906.0
815	276	1546570731.0
569	798	1546571546.0
569	359	1546571654.0
511	257	1546571868.0
511	489	1546572176.0
75	813	1546572310.0
252	564	1546573195.0
494	131	1546573302.0
951	744	1546574999.0
761	54	1546575850.0
951	29	1546575951.0
78	797	1546576331.0
854	607	1546583465.0
217	98	1546584090.0
21	188	1546600840.0
954	113	1546607893.0
374	453	1546609701.0
908	532	1546615208.0
982	53	1546615415.0
4	133	1546615641.0
537	641	1546616665.0
911	32	1546618861.0
967	261	1546626535.0
804	519	1546626588.0
925	489	1546633409.0
925	797	1546633852.0
251	820	1546636079.0
245	131	1546637175.0
925	65	1546637460.0
194	338	1546638149.0
352	219	1546642911.0
685	408	1546644417.0
983	275	1546644437.0
983	41	1546644519.0
803	340	1546644564.0
983	264	1546644602.0
983	20	1546644674.0
143	839	1546646686.0
983	71	1546648467.0
96	295	1546650441.0
111	209	1546652145.0
64	7	1546652340.0
111	818	1546652371.0
935	30	1546653266.0
105	149	1546658355.0
115	264	1546658809.0
360	475	1546661454.0
360	108	1546662098.0
400	135	1546662294.0
756	449	1546665712.0
979	593	1546672812.0
979	230	1546673598.0
979	763	1546673887.0
979	235	1546674053.0
432	119	1546684473.0
105	21	1546690834.0
848	753	1546694312.0
609	162	1546703261.0
922	118	1546704668.0
739	632	1546708690.0
429	618	1546711870.0
429	799	1546712896.0
919	823	1546714858.0
429	546	1546715631.0
984	640	1546716399.0
985	830	1546718679.0
202	769	1546719693.0
985	481	1546720096.0
671	724	1546728516.0
936	130	1546728565.0
533	826	1546732366.0
307	777	1546734190.0
266	257	1546735322.0
266	504	1546735557.0
404	34	1546735936.0
251	804	1546737126.0
412	265	1546738079.0
302	609	1546740352.0
781	788	1546742522.0
174	239	1546746132.0
200	184	1546747460.0
68	85	1546747706.0
200	100	1546747874.0
167	8	1546751671.0
837	790	1546756230.0
94	535	1546783164.0
829	246	1546788794.0
365	28	1546788860.0
260	357	1546793279.0
471	715	1546794251.0
48	362	1546795102.0
48	354	1546795625.0
748	483	1546799943.0
986	33	1546805598.0
181	608	1546806682.0
111	413	1546810018.0
951	701	1546812064.0
49	780	1546812404.0
68	275	1546812798.0
119	31	1546813182.0
68	799	1546813715.0
68	538	1546813956.0
119	41	1546814051.0
968	472	1546816738.0
396	259	1546820243.0
412	129	1546821125.0
635	23	1546821936.0
533	152	1546822429.0
111	20	1546822990.0
419	477	1546823271.0
365	840	1546824356.0
412	350	1546825928.0
412	820	1546826434.0
407	616	1546829176.0
585	274	1546829342.0
407	802	1546829647.0
571	342	1546830685.0
952	8	1546832632.0
115	172	1546835585.0
696	221	1546837326.0
987	489	1546838166.0
548	822	1546863840.0
988	10	1546872662.0
988	160	1546872952.0
988	184	1546873667.0
220	177	1546876120.0
220	98	1546876616.0
167	189	1546877154.0
4	109	1546879453.0
338	207	1546881495.0
989	826	1546882430.0
289	78	1546884225.0
247	838	1546885005.0
989	549	1546887347.0
396	554	1546888414.0
653	742	1546891420.0
462	129	1546893133.0
67	29	1546893786.0
592	317	1546894074.0
931	781	1546896398.0
931	60	1546897098.0
200	88	1546901779.0
805	407	1546902544.0
157	722	1546903385.0
23	116	1546903928.0
248	734	1546910157.0
824	41	1546912033.0
969	575	1546913108.0
407	692	1546916370.0
181	275	1546919211.0
71	827	1546919346.0
825	264	1546919829.0
71	125	1546920629.0
355	32	1546924634.0
561	160	1546952679.0
757	822	1546956517.0
537	80	1546961973.0
252	785	1546965163.0
4	319	1546969851.0
251	714	1546976893.0
405	58	1546979693.0
405	479	1546980001.0
405	319	1546980156.0
405	7	1546980300.0
405	41	1546980489.0
165	176	1546981582.0
129	341	1546984168.0
617	565	1546985736.0
617	524	1546986233.0
543	9	1546986316.0
543	190	1546986467.0
990	467	1546986592.0
849	359	1546989014.0
990	460	1546993000.0
990	275	1546994643.0
85	58	1546994851.0
515	755	1546996292.0
515	146	1546996597.0
515	707	1546996687.0
991	146	1546999234.0
167	405	1546999871.0
991	120	1547000076.0
118	658	1547000336.0
389	131	1547000381.0
389	100	1547000674.0
476	414	1547002560.0
748	50	1547006809.0
455	786	1547006945.0
966	177	1547019391.0
11	75	1547031355.0
11	753	1547033857.0
207	242	1547044844.0
119	123	1547055041.0
921	128	1547059504.0
512	827	1547059939.0
882	227	1547060136.0
906	778	1547067615.0
317	230	1547068106.0
906	295	1547068774.0
697	489	1547072134.0
654	276	1547072360.0
697	165	1547072422.0
162	757	1547075583.0
162	700	1547076510.0
503	56	1547077109.0
126	143	1547079771.0
967	159	1547080065.0
819	701	1547080744.0
525	576	1547082457.0
616	501	1547086692.0
476	205	1547091343.0
680	31	1547092026.0
52	184	1547117537.0
730	769	1547125586.0
730	384	1547125896.0
730	327	1547127068.0
730	598	1547128857.0
730	648	1547130474.0
178	729	1547143341.0
516	275	1547143837.0
550	709	1547151187.0
288	179	1547151939.0
979	316	1547152269.0
979	206	1547152427.0
206	539	1547154912.0
206	174	1547155030.0
290	688	1547158650.0
907	822	1547160374.0
729	393	1547165428.0
68	301	1547167415.0
755	287	1547173995.0
476	772	1547176262.0
794	788	1547178999.0
991	146	1547214002.0
921	58	1547218689.0
933	835	1547219207.0
921	85	1547219632.0
926	275	1547224928.0
926	30	1547224965.0
926	82	1547225115.0
926	84	1547225272.0
921	535	1547225324.0
926	391	1547225626.0
103	201	1547228297.0
552	56	1547229102.0
517	735	1547229229.0
716	402	1547229315.0
517	160	1547229744.0
741	218	1547231120.0
716	521	1547231354.0
979	645	1547231387.0
921	296	1547231583.0
991	785	1547231914.0
716	275	1547232314.0
921	82	1547233432.0
716	457	1547233999.0
992	828	1547234151.0
992	822	1547235080.0
716	326	1547235152.0
716	533	1547235765.0
317	771	1547237255.0
78	41	1547238033.0
684	800	1547239241.0
993	753	1547239719.0
273	789	1547241296.0
599	616	1547245283.0
730	331	1547248242.0
257	154	1547253470.0
500	807	1547257347.0
102	0	1547258068.0
688	176	1547259632.0
209	801	1547260032.0
599	118	1547260921.0
181	668	1547266027.0
407	134	1547266599.0
545	751	1547266991.0
545	369	1547267158.0
36	406	1547301957.0
990	307	1547302752.0
115	355	1547310442.0
248	793	1547310952.0
248	28	1547311293.0
617	758	1547313218.0
973	70	1547313527.0
730	267	1547317404.0
730	136	1547322046.0
730	157	1547322751.0
432	129	1547323365.0
111	205	1547328881.0
741	303	1547331163.0
96	533	1547332928.0
534	278	1547339190.0
539	418	1547340312.0
68	41	1547344545.0
68	407	1547344645.0
407	714	1547345430.0
691	489	1547346442.0
691	700	1547346518.0
691	715	1547346714.0
778	752	1547346834.0
953	369	1547348366.0
953	5	1547348889.0
620	780	1547349228.0
251	327	1547356751.0
78	266	1547366501.0
36	48	1547383577.0
360	24	1547385763.0
23	207	1547386487.0
21	796	1547387714.0
20	500	1547388788.0
48	486	1547389385.0
823	782	1547390001.0
232	28	1547390062.0
716	313	1547391716.0
829	4	1547391900.0
828	829	1547393484.0
828	303	1547393842.0
390	449	1547396698.0
196	433	1547399368.0
690	841	1547402214.0
907	690	1547405656.0
807	339	1547407221.0
302	597	1547413527.0
580	49	1547414339.0
257	457	1547415732.0
75	108	1547415732.0
994	23	1547416351.0
994	783	1547416547.0
994	832	1547416730.0
994	2	1547417040.0
994	408	1547417324.0
994	423	1547417458.0
994	177	1547417758.0
994	31	1547417985.0
5	812	1547418259.0
953	646	1547419039.0
953	44	1547419572.0
531	679	1547421278.0
85	805	1547423574.0
910	39	1547425069.0
531	630	1547425877.0
815	331	1547427948.0
181	25	1547431877.0
214	561	1547432401.0
181	211	1547434167.0
923	810	1547437631.0
203	195	1547439392.0
70	180	1547441865.0
115	6	1547443206.0
516	417	1547443832.0
516	29	1547444106.0
902	264	1547448754.0
902	20	1547448905.0
52	115	1547457271.0
405	841	1547468682.0
716	5	1547481057.0
462	275	1547481621.0
254	57	1547482837.0
984	244	1547483591.0
27	81	1547484434.0
27	282	1547485271.0
624	442	1547487055.0
949	63	1547488146.0
906	382	1547488226.0
906	751	1547489782.0
906	364	1547490299.0
27	417	1547490554.0
48	20	1547491875.0
716	84	1547492268.0
949	814	1547492893.0
83	827	1547494797.0
716	79	1547499833.0
716	226	1547499870.0
716	470	1547499944.0
995	202	1547500088.0
995	131	1547501159.0
316	520	1547501163.0
316	317	1547501484.0
995	404	1547501498.0
316	222	1547501804.0
316	423	1547502255.0
60	567	1547503227.0
382	82	1547503615.0
995	575	1547506788.0
38	491	1547507343.0
984	473	1547507376.0
697	17	1547507599.0
38	108	1547507694.0
38	77	1547508177.0
923	300	1547509202.0
356	822	1547510619.0
255	827	1547516740.0
733	612	1547521015.0
936	233	1547522695.0
807	236	1547523328.0
573	389	1547524308.0
893	827	1547553953.0
585	209	1547554034.0
585	396	1547554245.0
762	179	1547558222.0
704	57	1547563217.0
39	835	1547565343.0
704	237	1547566409.0
704	537	1547567272.0
238	32	1547569314.0
460	115	1547572227.0
704	179	1547575017.0
22	129	1547576652.0
991	120	1547577670.0
991	146	1547577782.0
254	107	1547582112.0
657	801	1547584287.0
969	391	1547590159.0
946	82	1547590377.0
399	749	1547590759.0
248	350	1547591626.0
969	135	1547592394.0
303	372	1547595233.0
882	240	1547595711.0
358	423	1547595900.0
882	199	1547595976.0
996	835	1547601066.0
425	31	1547610513.0
359	771	1547611235.0
504	438	1547613189.0
815	69	1547619076.0
197	674	1547620522.0
197	132	1547620919.0
197	67	1547621493.0
197	802	1547621747.0
110	521	1547622705.0
197	365	1547627808.0
197	737	1547628015.0
197	129	1547628471.0
197	579	1547628764.0
370	115	1547639916.0
40	798	1547646887.0
986	404	1547647540.0
986	423	1547647942.0
39	771	1547648900.0
417	546	1547648986.0
979	240	1547658358.0
716	812	1547658412.0
716	758	1547658534.0
986	325	1547659361.0
254	338	1547659620.0
66	329	1547660195.0
943	350	1547663463.0
943	39	1547665631.0
473	309	1547671386.0
18	275	1547672426.0
969	275	1547673422.0
969	350	1547675322.0
921	309	1547675337.0
352	34	1547675567.0
943	548	1547676197.0
906	129	1547679278.0
784	85	1547681468.0
245	679	1547682127.0
573	318	1547685859.0
47	285	1547686586.0
984	195	1547686688.0
666	334	1547689534.0
810	823	1547691169.0
810	187	1547691385.0
810	822	1547692101.0
810	267	1547692478.0
943	141	1547694242.0
716	334	1547700028.0
617	235	1547701074.0
110	9	1547710283.0
183	741	1547720559.0
438	23	1547738899.0
4	630	1547743871.0
10	506	1547744659.0
244	659	1547746629.0
251	4	1547746687.0
979	656	1547746774.0
222	184	1547747263.0
535	296	1547752787.0
39	312	1547752957.0
522	449	1547753225.0
535	17	1547753458.0
522	280	1547754822.0
91	243	1547756921.0
150	321	1547757360.0
750	191	1547759694.0
243	840	1547761004.0
556	334	1547763067.0
332	828	1547770052.0
994	378	1547773250.0
806	327	1547775601.0
815	128	1547780466.0
528	788	1547782420.0
516	30	1547784977.0
516	729	1547785197.0
380	841	1547785643.0
573	514	1547785678.0
573	165	1547786812.0
617	561	1547790566.0
617	529	1547790733.0
254	110	1547815582.0
691	240	1547817620.0
374	347	1547818689.0
126	656	1547822163.0
607	146	1547825627.0
333	275	1547825926.0
225	2	1547826939.0
134	296	1547827121.0
225	84	1547827327.0
68	282	1547834947.0
713	378	1547835571.0
969	126	1547836281.0
852	230	1547846155.0
240	7	1547849768.0
263	819	1547850591.0
799	275	1547856789.0
991	146	1547857484.0
595	131	1547860637.0
815	335	1547862172.0
71	176	1547864867.0
224	273	1547865120.0
71	236	1547865534.0
671	179	1547866215.0
671	127	1547866217.0
671	140	1547866219.0
671	528	1547866220.0
126	75	1547867486.0
75	797	1547869109.0
220	182	1547869160.0
996	65	1547874286.0
997	799	1547904670.0
516	326	1547908487.0
276	455	1547908788.0
232	115	1547909279.0
207	184	1547909393.0
729	334	1547910994.0
181	89	1547911469.0
145	31	1547913517.0
145	296	1547913826.0
145	29	1547914359.0
145	159	1547914563.0
251	5	1547917278.0
984	284	1547917998.0
251	835	1547918226.0
667	835	1547921977.0
224	371	1547922110.0
998	30	1547925986.0
169	38	1547930248.0
432	760	1547930752.0
311	784	1547931356.0
479	467	1547931814.0
169	801	1547932099.0
984	86	1547932884.0
652	269	1547933206.0
652	246	1547933536.0
652	184	1547933700.0
273	792	1547935480.0
273	149	1547935730.0
906	141	1547935787.0
999	206	1547937942.0
807	482	1547937943.0
999	523	1547938708.0
749	504	1547941759.0
1000	568	1547942146.0
117	746	1547942403.0
609	102	1547948524.0
951	29	1547950599.0
161	160	1547953391.0
812	342	1547954689.0
161	285	1547954964.0
853	259	1547956081.0
60	371	1547958853.0
789	148	1547964155.0
203	746	1547967241.0
137	635	1547976208.0
1001	416	1547988283.0
1001	24	1547988523.0
1001	206	1547991283.0
68	110	1547991381.0
1001	498	1547991539.0
68	184	1547991633.0
68	129	1547992039.0
68	163	1547992284.0
68	24	1547992351.0
716	323	1547992448.0
478	786	1548000188.0
961	437	1548003264.0
961	206	1548003443.0
387	276	1548003518.0
154	811	1548007116.0
23	435	1548007220.0
256	746	1548007509.0
154	570	1548008249.0
281	196	1548008644.0
653	840	1548009428.0
653	372	1548009609.0
1000	206	1548009618.0
281	131	1548009708.0
281	2	1548010435.0
601	489	1548011466.0
432	632	1548011993.0
252	285	1548013113.0
1000	518	1548014539.0
349	184	1548014773.0
419	334	1548015342.0
349	378	1548015437.0
506	488	1548015735.0
569	684	1548015735.0
873	47	1548016779.0
60	612	1548016804.0
609	5	1548018397.0
407	60	1548018520.0
1002	43	1548018826.0
968	500	1548019033.0
1003	641	1548021424.0
973	549	1548023654.0
1004	419	1548027534.0
1004	368	1548027919.0
96	275	1548028583.0
1004	201	1548028663.0
285	237	1548029604.0
1001	544	1548030621.0
1001	489	1548030952.0
1001	63	1548031089.0
115	841	1548031777.0
806	334	1548035539.0
873	207	1548035616.0
521	838	1548035995.0
18	369	1548036955.0
187	411	1548036972.0
187	771	1548037066.0
18	301	1548037582.0
1005	781	1548039528.0
1005	327	1548040144.0
1005	537	1548040816.0
223	378	1548041453.0
979	393	1548041673.0
254	291	1548042698.0
254	424	1548042887.0
254	117	1548043077.0
110	736	1548045836.0
657	327	1548045911.0
657	819	1548046328.0
657	36	1548046683.0
521	792	1548046983.0
1005	394	1548047659.0
1005	47	1548047901.0
1005	489	1548048438.0
704	296	1548071370.0
741	335	1548072813.0
94	757	1548079064.0
911	341	1548079247.0
973	266	1548080642.0
488	359	1548082551.0
488	605	1548082819.0
488	346	1548083630.0
391	142	1548091726.0
220	54	1548092348.0
391	275	1548092459.0
391	185	1548092832.0
391	219	1548093044.0
242	4	1548093295.0
995	162	1548094545.0
653	842	1548094668.0
995	560	1548094883.0
995	110	1548095284.0
995	179	1548095891.0
979	179	1548096258.0
995	695	1548096419.0
619	793	1548097289.0
906	52	1548098237.0
716	687	1548103073.0
1001	658	1548103684.0
1001	600	1548104133.0
611	43	1548104253.0
925	327	1548105290.0
196	65	1548106481.0
637	510	1548106950.0
722	801	1548107458.0
697	97	1548108591.0
516	489	1548108623.0
657	80	1548109785.0
657	246	1548110324.0
657	317	1548110493.0
542	477	1548111776.0
928	530	1548112274.0
73	48	1548112960.0
73	5	1548113094.0
389	399	1548113289.0
994	207	1548114471.0
813	246	1548115337.0
995	117	1548116162.0
610	141	1548116893.0
593	237	1548122165.0
593	369	1548122380.0
815	102	1548122570.0
52	368	1548122650.0
52	159	1548123460.0
52	102	1548124761.0
52	29	1548124979.0
116	835	1548125480.0
1001	275	1548125827.0
600	160	1548129475.0
995	369	1548130465.0
995	60	1548130829.0
995	334	1548131318.0
995	487	1548131933.0
189	9	1548135879.0
233	799	1548144011.0
323	95	1548161108.0
622	570	1548165321.0
265	336	1548166761.0
1006	206	1548171322.0
749	346	1548172375.0
749	809	1548173081.0
4	816	1548174626.0
552	98	1548175256.0
340	282	1548175858.0
233	10	1548180199.0
878	255	1548180360.0
158	583	1548180497.0
878	179	1548180619.0
878	114	1548181087.0
878	784	1548181978.0
232	236	1548182573.0
773	843	1548182803.0
1002	179	1548183084.0
878	186	1548183277.0
1002	327	1548184858.0
986	797	1548188568.0
819	525	1548188918.0
986	509	1548189430.0
986	51	1548189737.0
999	133	1548190702.0
251	236	1548194218.0
430	117	1548195904.0
971	141	1548198427.0
882	95	1548209170.0
266	88	1548209432.0
266	393	1548209864.0
266	292	1548210968.0
440	817	1548211951.0
372	479	1548212612.0
1002	583	1548212985.0
1005	39	1548214071.0
1005	89	1548214313.0
1005	31	1548214618.0
1005	157	1548214884.0
1005	662	1548215256.0
815	59	1548215458.0
1005	378	1548216025.0
1007	275	1548240444.0
730	621	1548252585.0
730	332	1548253603.0
1007	178	1548254184.0
19	285	1548260578.0
39	528	1548261015.0
52	844	1548261246.0
550	497	1548262376.0
729	695	1548271567.0
4	63	1548274935.0
535	491	1548275436.0
470	844	1548276057.0
423	651	1548277003.0
896	201	1548278923.0
1002	544	1548284604.0
355	424	1548285897.0
355	401	1548286498.0
1002	53	1548287222.0
310	812	1548287306.0
355	364	1548287794.0
488	84	1548289007.0
1004	77	1548289051.0
488	143	1548289178.0
310	813	1548290318.0
1005	346	1548297140.0
1005	5	1548297458.0
1005	350	1548298238.0
175	807	1548299150.0
248	265	1548299302.0
853	681	1548299340.0
1005	165	1548299479.0
815	186	1548302036.0
655	711	1548302252.0
149	844	1548339948.0
730	49	1548340275.0
986	23	1548341112.0
986	2	1548341560.0
636	317	1548343548.0
751	835	1548344258.0
254	82	1548344371.0
254	115	1548344421.0
225	813	1548345136.0
105	108	1548345208.0
704	53	1548345517.0
849	758	1548346082.0
813	378	1548347483.0
1002	41	1548348820.0
256	845	1548348893.0
1002	352	1548350165.0
290	182	1548351961.0
969	30	1548359226.0
456	311	1548359789.0
984	822	1548361019.0
1002	583	1548363427.0
552	220	1548363612.0
973	35	1548369122.0
653	845	1548371694.0
240	775	1548372458.0
730	58	1548373093.0
730	101	1548374155.0
973	614	1548374531.0
980	18	1548375676.0
86	179	1548377146.0
325	214	1548377273.0
86	89	1548377574.0
86	31	1548377880.0
86	41	1548378080.0
68	347	1548378424.0
832	345	1548383432.0
1002	135	1548387577.0
815	344	1548391180.0
360	448	1548391443.0
109	275	1548396222.0
105	574	1548418216.0
5	380	1548422593.0
421	475	1548427106.0
164	156	1548427931.0
363	468	1548429100.0
980	626	1548429183.0
363	277	1548429296.0
845	119	1548430250.0
1005	64	1548431172.0
873	369	1548433430.0
25	47	1548436062.0
969	247	1548437360.0
1002	549	1548438680.0
27	386	1548440073.0
698	827	1548442797.0
109	741	1548446493.0
754	53	1548449335.0
543	759	1548451951.0
525	296	1548459671.0
1002	487	1548461145.0
667	259	1548464328.0
521	110	1548467202.0
815	139	1548468155.0
796	259	1548469406.0
994	5	1548472999.0
558	838	1548475869.0
873	616	1548479721.0
52	110	1548494633.0
36	825	1548508771.0
1004	61	1548511640.0
1004	35	1548512019.0
1004	30	1548512423.0
1004	20	1548512574.0
1004	237	1548513074.0
1004	108	1548513452.0
390	290	1548513679.0
983	341	1548514554.0
989	400	1548516418.0
528	247	1548518569.0
638	399	1548518885.0
486	234	1548520107.0
758	489	1548529457.0
962	275	1548532614.0
962	582	1548534051.0
695	48	1548534545.0
962	77	1548535089.0
154	585	1548535335.0
962	136	1548535820.0
432	818	1548536735.0
962	315	1548537054.0
56	844	1548539316.0
56	417	1548539924.0
1008	347	1548541824.0
595	391	1548542121.0
637	174	1548543137.0
347	846	1548543394.0
906	515	1548543762.0
971	412	1548544608.0
85	540	1548544818.0
582	823	1548548306.0
142	542	1548549086.0
782	704	1548550465.0
782	549	1548550726.0
890	275	1548551668.0
1006	190	1548554396.0
419	542	1548554864.0
910	840	1548555737.0
266	518	1548559935.0
815	113	1548561933.0
133	246	1548563438.0
203	10	1548564844.0
133	43	1548572543.0
52	462	1548597548.0
185	649	1548599984.0
10	174	1548600748.0
978	818	1548601008.0
980	835	1548603215.0
980	544	1548603372.0
161	22	1548603520.0
997	167	1548603689.0
699	159	1548605250.0
942	153	1548606220.0
705	239	1548610982.0
705	120	1548611127.0
999	646	1548612191.0
495	90	1548612267.0
165	372	1548612615.0
613	609	1548613774.0
730	799	1548617232.0
730	169	1548617841.0
730	214	1548618487.0
14	796	1548618718.0
730	697	1548619780.0
14	259	1548620079.0
14	184	1548624093.0
947	391	1548625181.0
902	386	1548627107.0
864	143	1548628884.0
313	208	1548629061.0
60	153	1548629181.0
624	143	1548632369.0
1009	334	1548632439.0
1009	124	1548632487.0
1009	489	1548632713.0
1009	43	1548633096.0
1009	490	1548633175.0
595	812	1548633501.0
185	45	1548633696.0
1009	696	1548634814.0
1009	748	1548634872.0
1009	180	1548634956.0
1009	724	1548635072.0
1009	618	1548635554.0
1009	534	1548635595.0
1009	761	1548635668.0
1009	214	1548635718.0
1009	272	1548635785.0
1009	91	1548635888.0
1009	536	1548635985.0
1009	406	1548636055.0
595	818	1548636182.0
894	95	1548636592.0
894	363	1548636833.0
894	479	1548638345.0
894	31	1548639705.0
242	809	1548640882.0
779	443	1548641227.0
1010	153	1548642529.0
977	86	1548643719.0
977	31	1548643987.0
977	818	1548644116.0
977	44	1548644272.0
1006	43	1548644538.0
977	364	1548644636.0
1006	677	1548644747.0
1009	162	1548644883.0
1009	283	1548644976.0
1009	776	1548645128.0
1009	387	1548645354.0
1009	639	1548645503.0
1009	393	1548646306.0
311	835	1548649530.0
455	413	1548651263.0
455	135	1548652467.0
172	519	1548653271.0
722	847	1548655969.0
595	246	1548678012.0
280	848	1548687485.0
699	251	1548689097.0
42	33	1548689302.0
922	844	1548691205.0
39	239	1548691255.0
973	510	1548691479.0
39	300	1548692159.0
225	246	1548693011.0
1009	169	1548697369.0
1009	115	1548697999.0
1009	110	1548698093.0
991	309	1548700472.0
907	58	1548703805.0
400	23	1548706437.0
400	84	1548707812.0
921	389	1548709006.0
180	844	1548709579.0
921	475	1548709891.0
600	337	1548716013.0
86	43	1548720755.0
86	630	1548721439.0
285	391	1548721533.0
230	587	1548722421.0
810	539	1548725311.0
810	820	1548729562.0
1005	165	1548730278.0
810	129	1548731985.0
60	158	1548732062.0
923	781	1548733255.0
815	53	1548735651.0
516	381	1548737624.0
516	469	1548737901.0
172	81	1548738414.0
298	59	1548749839.0
564	222	1548758987.0
529	284	1548768756.0
247	820	1548769773.0
1011	247	1548775178.0
1011	206	1548775252.0
1011	30	1548775604.0
857	178	1548776085.0
382	36	1548776873.0
1011	10	1548776923.0
1011	740	1548777290.0
103	849	1548779482.0
134	834	1548780121.0
939	264	1548781049.0
290	385	1548782482.0
939	51	1548784385.0
382	347	1548785212.0
939	20	1548785431.0
382	84	1548785822.0
939	369	1548786508.0
392	582	1548788118.0
966	510	1548790795.0
460	504	1548792595.0
23	381	1548793997.0
102	404	1548798791.0
400	145	1548804855.0
969	780	1548804929.0
1011	5	1548805705.0
1012	702	1548809070.0
730	339	1548809470.0
730	655	1548810951.0
730	472	1548812105.0
730	597	1548812612.0
730	254	1548813815.0
730	520	1548814569.0
1011	369	1548815138.0
495	788	1548815354.0
730	338	1548815467.0
60	150	1548823741.0
272	10	1548826371.0
97	32	1548847485.0
528	210	1548854492.0
1011	183	1548859030.0
273	806	1548860461.0
518	685	1548861968.0
185	205	1548862680.0
978	211	1548868633.0
686	575	1548870094.0
978	831	1548871055.0
397	826	1548872375.0
999	263	1548874473.0
440	98	1548874638.0
440	489	1548874836.0
999	518	1548874838.0
440	613	1548875008.0
1013	285	1548875757.0
858	247	1548876276.0
488	335	1548881392.0
542	89	1548882486.0
999	212	1548883287.0
555	843	1548886736.0
40	312	1548889284.0
920	26	1548889826.0
797	840	1548890310.0
1009	166	1548891469.0
1009	437	1548893852.0
317	259	1548895257.0
451	304	1548895762.0
595	844	1548896788.0
409	37	1548897246.0
86	50	1548897887.0
869	101	1548902103.0
69	554	1548902125.0
1014	298	1548902768.0
69	90	1548903567.0
242	582	1548903647.0
147	155	1548906090.0
8	275	1548908607.0
1013	431	1548938051.0
595	413	1548938252.0
762	114	1548940599.0
552	28	1548943388.0
384	549	1548943888.0
1011	43	1548944653.0
384	827	1548945168.0
1011	723	1548945188.0
988	114	1548950871.0
833	370	1548955021.0
856	544	1548958125.0
1009	297	1548958310.0
1015	20	1548959885.0
585	277	1548962702.0
858	321	1548962933.0
989	840	1548964022.0
858	123	1548965673.0
984	88	1548969634.0
924	544	1548970960.0
5	385	1548971451.0
984	194	1548971661.0
483	482	1548975025.0
18	837	1548975714.0
207	149	1548975796.0
1014	78	1548978537.0
647	709	1548978810.0
528	840	1548988089.0
838	70	1548989475.0
815	350	1548990876.0
201	256	1548992411.0
1009	428	1548993005.0
1009	48	1548993713.0
973	51	1548994191.0
1009	406	1548994982.0
905	426	1548998456.0
905	85	1548998817.0
571	391	1549009001.0
385	562	1549018431.0
727	792	1549026185.0
986	251	1549031597.0
779	569	1549038724.0
66	230	1549038932.0
421	275	1549039416.0
414	131	1549039833.0
414	317	1549040231.0
1016	98	1549040916.0
66	575	1549041377.0
793	812	1549041572.0
793	818	1549042069.0
836	84	1549042269.0
419	338	1549042521.0
239	417	1549042684.0
383	850	1549042876.0
725	455	1549043902.0
725	256	1549044608.0
885	801	1549046093.0
1013	781	1549046887.0
1017	184	1549047256.0
1017	236	1549049505.0
317	10	1549050388.0
1017	113	1549050768.0
845	685	1549053445.0
61	22	1549053553.0
4	10	1549057231.0
90	616	1549058213.0
90	455	1549058496.0
90	489	1549058917.0
525	457	1549061743.0
1014	462	1549068146.0
473	516	1549068224.0
1014	176	1549069342.0
236	276	1549069672.0
1014	153	1549069751.0
1018	665	1549071739.0
558	521	1549072987.0
236	489	1549073438.0
624	269	1549075172.0
969	18	1549076109.0
688	88	1549084161.0
97	141	1549112903.0
97	435	1549113082.0
1005	532	1549114778.0
761	560	1549114981.0
974	229	1549115853.0
68	726	1549118833.0
68	808	1549118978.0
812	53	1549119279.0
730	398	1549119679.0
823	228	1549120010.0
1014	378	1549126070.0
730	115	1549126116.0
730	542	1549126340.0
1014	48	1549126391.0
569	206	1549126775.0
1014	307	1549128615.0
1014	117	1549128742.0
1014	309	1549128821.0
734	843	1549130017.0
218	840	1549130555.0
730	344	1549131654.0
730	574	1549132657.0
730	216	1549133050.0
730	644	1549133407.0
730	21	1549133580.0
910	532	1549135093.0
996	562	1549135371.0
969	282	1549136068.0
511	123	1549137495.0
60	541	1549138607.0
812	160	1549138760.0
1013	10	1549140932.0
1009	685	1549143026.0
1009	179	1549145057.0
504	436	1549145675.0
794	147	1549147188.0
468	284	1549147619.0
838	340	1549148567.0
838	196	1549148869.0
838	180	1549149122.0
193	101	1549149249.0
428	186	1549149682.0
1009	206	1549150693.0
1014	53	1549152903.0
730	772	1549153259.0
96	849	1549155224.0
938	679	1549155945.0
111	783	1549156538.0
829	327	1549160141.0
746	827	1549161561.0
806	76	1549161679.0
806	212	1549161781.0
746	275	1549162604.0
146	25	1549164177.0
24	268	1549165178.0
24	275	1549165387.0
1009	413	1549166470.0
696	698	1549167128.0
181	350	1549167390.0
487	177	1549201172.0
834	209	1549201700.0
250	235	1549204750.0
630	140	1549205763.0
133	354	1549205989.0
986	316	1549206210.0
815	159	1549207605.0
668	591	1549207994.0
730	53	1549209085.0
730	32	1549209315.0
1013	238	1549210800.0
730	235	1549212357.0
730	522	1549212797.0
730	513	1549213582.0
894	6	1549215162.0
711	475	1549217784.0
969	192	1549217822.0
111	264	1549218677.0
432	122	1549219721.0
730	782	1549220907.0
883	436	1549221045.0
697	827	1549222017.0
730	452	1549222398.0
730	465	1549224318.0
577	123	1549224717.0
1013	71	1549225537.0
492	678	1549228535.0
405	126	1549229548.0
1019	160	1549231689.0
611	464	1549232692.0
297	781	1549233247.0
984	415	1549234085.0
1003	681	1549234187.0
297	20	1549234631.0
1015	43	1549237171.0
1003	368	1549237173.0
418	781	1549240773.0
390	120	1549241602.0
567	522	1549244332.0
417	26	1549248570.0
893	115	1549248924.0
329	76	1549250173.0
769	5	1549250620.0
647	2	1549256942.0
172	289	1549257616.0
741	9	1549281956.0
921	843	1549288305.0
243	528	1549291329.0
19	187	1549292460.0
39	154	1549295154.0
989	131	1549295488.0
243	308	1549296748.0
385	643	1549298455.0
396	834	1549298566.0
512	849	1549301190.0
215	35	1549301680.0
335	675	1549301799.0
802	58	1549309740.0
782	47	1549311855.0
782	368	1549312292.0
446	379	1549313990.0
1013	435	1549314134.0
931	369	1549314835.0
91	841	1549316574.0
218	850	1549322707.0
340	722	1549328280.0
340	154	1549328826.0
969	406	1549331481.0
168	305	1549334268.0
1019	289	1549335376.0
547	400	1549339396.0
232	23	1549373734.0
330	77	1549378147.0
333	379	1549379819.0
19	408	1549381165.0
562	840	1549384154.0
971	270	1549385072.0
223	386	1549389924.0
410	104	1549391049.0
178	844	1549391340.0
433	268	1549391623.0
360	17	1549392804.0
273	441	1549394470.0
42	741	1549399739.0
1020	265	1549406042.0
1020	179	1549406226.0
876	763	1549418486.0
703	238	1549419454.0
1019	810	1549422582.0
1013	400	1549422916.0
855	312	1549423016.0
855	416	1549423199.0
245	616	1549425347.0
27	801	1549466518.0
695	511	1549469693.0
243	23	1549471188.0
909	462	1549475565.0
340	175	1549477696.0
722	846	1549480559.0
1013	699	1549481408.0
321	38	1549485096.0
314	570	1549493508.0
1006	562	1549493949.0
67	150	1549501699.0
1019	844	1549505904.0
12	850	1549511341.0
862	767	1549511540.0
815	48	1549512656.0
1011	206	1549515693.0
741	58	1549539809.0
52	20	1549545131.0
918	30	1549550784.0
69	327	1549551752.0
284	612	1549554122.0
423	108	1549557045.0
305	648	1549557883.0
164	818	1549566241.0
251	193	1549568184.0
984	123	1549572464.0
984	273	1549572945.0
53	480	1549572986.0
984	63	1549574813.0
165	772	1549574828.0
1017	503	1549575749.0
750	845	1549579322.0
1014	298	1549583280.0
624	771	1549584124.0
207	365	1549584473.0
207	187	1549585509.0
771	773	1549590778.0
971	317	1549593454.0
281	595	1549593830.0
730	315	1549594344.0
281	847	1549596341.0
1019	50	1549597322.0
969	491	1549599159.0
806	840	1549599674.0
5	804	1549626047.0
1015	797	1549639136.0
845	5	1549642908.0
971	764	1549646621.0
380	184	1549654215.0
845	446	1549654339.0
624	777	1549656016.0
109	809	1549657249.0
959	245	1549657667.0
1013	647	1549659326.0
240	786	1549659549.0
852	608	1549660613.0
109	200	1549661341.0
959	287	1549662680.0
959	394	1549663332.0
959	23	1549664053.0
1019	218	1549665245.0
1017	76	1549666739.0
951	45	1549670219.0
965	364	1549676051.0
994	419	1549682225.0
979	660	1549704094.0
630	517	1549719882.0
884	368	1549722213.0
1021	432	1549722689.0
730	173	1549724703.0
730	270	1549725145.0
1021	67	1549725586.0
1021	838	1549725835.0
730	268	1549726431.0
1021	530	1549727118.0
940	214	1549728754.0
730	521	1549729940.0
965	47	1549733520.0
730	109	1549733757.0
522	470	1549735226.0
522	667	1549735707.0
432	239	1549736376.0
823	271	1549738398.0
157	827	1549739124.0
1003	797	1549739485.0
858	707	1549739545.0
525	50	1549744026.0
1013	47	1549744084.0
157	474	1549746191.0
516	122	1549748501.0
601	804	1549748526.0
494	391	1549748944.0
516	698	1549749052.0
494	444	1549749298.0
407	212	1549751302.0
884	778	1549751951.0
247	64	1549752390.0
247	327	1549754931.0
54	368	1549755460.0
247	721	1549755780.0
1004	766	1549757576.0
1004	102	1549757772.0
968	227	1549762021.0
199	783	1549764517.0
526	840	1549764613.0
199	459	1549764679.0
1019	298	1549765375.0
711	385	1549766078.0
969	31	1549767134.0
114	513	1549768891.0
34	113	1549769333.0
114	275	1549769407.0
96	86	1549774282.0
746	201	1549775231.0
78	794	1549789585.0
107	157	1549803848.0
107	58	1549804386.0
196	340	1549806991.0
196	394	1549807125.0
196	704	1549807273.0
948	819	1549808356.0
483	8	1549810135.0
562	2	1549812005.0
241	840	1549815337.0
1013	341	1549817328.0
973	698	1549817815.0
196	317	1549819259.0
885	783	1549820060.0
301	775	1549820654.0
885	423	1549820806.0
1013	289	1549821118.0
867	32	1549821890.0
857	417	1549822278.0
48	840	1549822337.0
300	100	1549822723.0
831	603	1549823993.0
300	211	1549824094.0
697	287	1549826582.0
759	181	1549827668.0
1003	251	1549828613.0
953	347	1549828683.0
953	43	1549829161.0
953	613	1549829713.0
953	148	1549830150.0
953	67	1549830744.0
883	31	1549831014.0
980	125	1549831042.0
251	34	1549831060.0
980	275	1549831237.0
980	108	1549831484.0
251	275	1549831516.0
953	41	1549831597.0
251	779	1549831976.0
47	464	1549832873.0
980	206	1549833779.0
1005	840	1549834407.0
21	827	1549835309.0
568	204	1549835850.0
568	232	1549836187.0
568	835	1549836679.0
568	268	1549837016.0
730	274	1549837759.0
730	792	1549837982.0
578	160	1549838322.0
730	620	1549838721.0
730	297	1549839487.0
96	418	1549843397.0
951	827	1549843405.0
951	163	1549843682.0
713	276	1549844339.0
750	850	1549844394.0
698	266	1549848449.0
460	803	1549849429.0
290	101	1549849926.0
893	843	1549850039.0
463	764	1549850741.0
178	799	1549851670.0
243	42	1549852482.0
243	69	1549852974.0
853	309	1549853791.0
644	341	1549854252.0
935	649	1549854754.0
808	272	1549856451.0
762	813	1549856689.0
21	584	1549884159.0
53	460	1549890350.0
387	843	1549891105.0
363	584	1549891693.0
777	338	1549892397.0
513	6	1549893485.0
218	456	1549896594.0
218	224	1549896896.0
527	385	1549898668.0
892	358	1549899212.0
892	301	1549901157.0
769	205	1549902641.0
769	242	1549902819.0
384	342	1549903911.0
960	155	1549904188.0
960	438	1549904250.0
960	737	1549904390.0
960	203	1549904457.0
960	685	1549904510.0
960	332	1549904679.0
960	109	1549904752.0
960	651	1549904792.0
960	132	1549904874.0
960	797	1549905310.0
960	175	1549905373.0
960	115	1549905440.0
960	217	1549905890.0
960	640	1549905946.0
951	177	1549906104.0
951	846	1549906567.0
960	639	1549907743.0
960	428	1549908081.0
960	358	1549908304.0
960	56	1549908338.0
960	306	1549908461.0
960	367	1549908490.0
960	169	1549908529.0
960	145	1549908679.0
960	211	1549908792.0
264	561	1549910516.0
197	348	1549913188.0
197	60	1549913314.0
197	820	1549916213.0
197	184	1549917593.0
197	195	1549917815.0
164	130	1549920127.0
1013	584	1549921074.0
1017	260	1549921279.0
399	51	1549921341.0
817	341	1549926991.0
65	839	1549928440.0
1019	47	1549930671.0
407	57	1549935884.0
666	113	1549937276.0
666	47	1549938956.0
34	160	1549942064.0
567	113	1549942166.0
647	177	1549943339.0
545	354	1549946301.0
45	127	1549953703.0
65	569	1549984250.0
896	285	1549984471.0
19	702	1549986179.0
940	759	1549991724.0
940	690	1549997367.0
193	819	1549998216.0
632	641	1549999824.0
632	758	1550000133.0
550	850	1550000741.0
640	516	1550001633.0
162	370	1550001749.0
1000	802	1550001891.0
46	160	1550002123.0
46	793	1550003818.0
1000	788	1550003827.0
1013	69	1550008724.0
962	827	1550013075.0
962	366	1550014212.0
299	239	1550016403.0
965	309	1550018307.0
193	272	1550028640.0
948	272	1550029387.0
88	162	1550032562.0
999	448	1550033721.0
831	465	1550040236.0
831	201	1550041283.0
831	581	1550041424.0
831	324	1550041811.0
831	252	1550042046.0
831	467	1550043869.0
831	101	1550044121.0
831	684	1550044414.0
831	774	1550044851.0
831	686	1550045041.0
53	661	1550061300.0
198	815	1550066714.0
198	638	1550068088.0
928	375	1550068564.0
40	57	1550070500.0
66	795	1550071924.0
198	793	1550073772.0
198	723	1550074023.0
198	175	1550074901.0
900	801	1550075238.0
198	275	1550075596.0
198	415	1550076031.0
198	22	1550076631.0
198	580	1550076920.0
198	818	1550078224.0
563	59	1550079536.0
70	343	1550079860.0
19	289	1550084911.0
209	57	1550085852.0
923	20	1550094804.0
170	412	1550098992.0
385	149	1550100291.0
185	811	1550101096.0
857	372	1550102713.0
698	475	1550105205.0
302	97	1550105563.0
632	256	1550111042.0
801	530	1550112017.0
1019	669	1550112464.0
1013	346	1550113061.0
900	822	1550118994.0
900	97	1550119498.0
110	20	1550121107.0
91	31	1550127449.0
1018	314	1550150298.0
794	323	1550158322.0
960	17	1550158525.0
960	503	1550158753.0
1022	148	1550160588.0
716	88	1550164465.0
140	363	1550166310.0
440	23	1550167405.0
902	270	1550169096.0
519	814	1550169799.0
234	334	1550170908.0
234	639	1550171047.0
234	41	1550171102.0
234	97	1550171214.0
921	336	1550173998.0
185	845	1550181943.0
500	584	1550183490.0
287	48	1550189016.0
905	829	1550190673.0
918	275	1550192646.0
690	28	1550194288.0
690	781	1550194782.0
690	652	1550195060.0
17	589	1550195484.0
133	160	1550202414.0
905	593	1550202975.0
905	715	1550203122.0
900	47	1550206374.0
900	108	1550207330.0
45	487	1550208915.0
326	555	1550219538.0
163	129	1550232182.0
740	736	1550234541.0
325	182	1550235957.0
400	36	1550236490.0
948	819	1550236672.0
838	36	1550237896.0
1009	23	1550240346.0
1023	846	1550240483.0
958	115	1550243309.0
658	448	1550247918.0
1012	162	1550251112.0
397	95	1550253197.0
832	352	1550254221.0
832	249	1550254777.0
408	574	1550254869.0
832	91	1550255103.0
582	192	1550256130.0
310	475	1550256561.0
950	58	1550260175.0
832	79	1550260614.0
59	835	1550261345.0
485	712	1550261862.0
485	265	1550262739.0
593	442	1550263614.0
593	336	1550263946.0
337	112	1550264980.0
571	84	1550272470.0
495	435	1550275073.0
323	844	1550279217.0
806	33	1550286011.0
75	72	1550286552.0
1019	125	1550287006.0
160	694	1550287921.0
75	845	1550288532.0
782	269	1550289271.0
782	157	1550289558.0
243	57	1550291655.0
360	177	1550292284.0
843	111	1550293870.0
849	378	1550323870.0
978	131	1550325132.0
849	797	1550327910.0
1024	644	1550328268.0
1025	43	1550330045.0
60	429	1550331436.0
105	840	1550334042.0
825	153	1550334483.0
20	275	1550337691.0
243	822	1550339403.0
967	629	1550339871.0
1026	486	1550347726.0
479	76	1550349051.0
980	64	1550351398.0
758	287	1550351399.0
501	5	1550354143.0
811	321	1550354971.0
1027	251	1550361898.0
620	850	1550362822.0
432	807	1550363363.0
1013	651	1550363413.0
432	61	1550363630.0
432	432	1550363917.0
748	107	1550364405.0
432	129	1550367828.0
990	400	1550369622.0
808	347	1550370463.0
808	835	1550370776.0
808	518	1550371008.0
808	547	1550372338.0
885	33	1550373764.0
1026	488	1550375227.0
989	844	1550376319.0
1026	5	1550376424.0
302	10	1550376651.0
885	296	1550382039.0
5	81	1550402518.0
958	560	1550407807.0
522	776	1550421506.0
761	824	1550423592.0
36	67	1550424955.0
1026	56	1550425327.0
637	786	1550426096.0
572	173	1550427343.0
1028	848	1550430507.0
181	23	1550431326.0
205	626	1550432060.0
60	39	1550432252.0
297	308	1550433785.0
53	827	1550436156.0
1009	108	1550438892.0
1029	284	1550439235.0
1030	431	1550439650.0
1030	342	1550439919.0
1030	472	1550440016.0
1030	38	1550440216.0
1030	544	1550440327.0
345	433	1550440448.0
1030	2	1550440455.0
1030	43	1550440633.0
1030	131	1550440829.0
1030	290	1550440960.0
1030	157	1550441086.0
1030	300	1550441180.0
486	770	1550442117.0
1030	445	1550444333.0
1030	18	1550444470.0
1010	752	1550445270.0
930	445	1550445501.0
75	201	1550445653.0
930	781	1550446067.0
475	58	1550446536.0
792	357	1550446974.0
1026	136	1550448585.0
627	59	1550448982.0
6	153	1550449065.0
196	142	1550449317.0
1026	461	1550449920.0
749	356	1550453388.0
1019	731	1550458500.0
96	847	1550459633.0
1013	470	1550459745.0
271	314	1550461075.0
355	538	1550481163.0
355	24	1550481983.0
983	694	1550485983.0
983	97	1550486041.0
983	479	1550486425.0
907	847	1550495765.0
432	129	1550496275.0
1012	334	1550497541.0
698	846	1550498106.0
740	275	1550498521.0
207	112	1550499910.0
1024	21	1550501082.0
408	56	1550502120.0
4	846	1550502687.0
243	421	1550502755.0
317	515	1550503651.0
614	1	1550508545.0
741	43	1550509739.0
460	229	1550510599.0
460	849	1550510749.0
158	371	1550513624.0
672	510	1550514136.0
120	574	1550514629.0
572	24	1550514835.0
1026	825	1550516156.0
819	725	1550520946.0
893	540	1550523242.0
893	84	1550523587.0
196	249	1550524509.0
983	530	1550525191.0
501	698	1550527243.0
501	63	1550527384.0
91	756	1550536267.0
980	350	1550537743.0
178	851	1550538892.0
991	309	1550542026.0
910	122	1550542191.0
477	26	1550542850.0
477	481	1550543147.0
860	80	1550557353.0
860	287	1550558426.0
698	284	1550582660.0
1000	410	1550589277.0
1006	68	1550590040.0
1006	303	1550590382.0
1024	498	1550590530.0
900	549	1550590755.0
1006	570	1550591203.0
849	130	1550592563.0
477	97	1550592689.0
559	773	1550593994.0
195	802	1550596505.0
559	386	1550596708.0
902	369	1550601026.0
170	722	1550607002.0
547	350	1550607880.0
364	771	1550609746.0
699	141	1550609905.0
968	47	1550611207.0
902	367	1550614935.0
769	843	1550622447.0
525	681	1550629453.0
75	236	1550634301.0
251	69	1550636297.0
902	616	1550642257.0
902	488	1550642781.0
902	514	1550644485.0
902	132	1550645443.0
902	268	1550645870.0
856	287	1550661315.0
679	545	1550665213.0
21	486	1550665577.0
21	44	1550665760.0
60	137	1550666808.0
63	238	1550669074.0
265	746	1550669444.0
55	846	1550673968.0
512	344	1550674656.0
550	35	1550677402.0
951	118	1550678612.0
951	503	1550678951.0
928	609	1550681479.0
900	419	1550682516.0
1024	596	1550682957.0
775	177	1550683211.0
775	206	1550683456.0
775	65	1550684082.0
64	849	1550688382.0
243	331	1550690134.0
957	367	1550692441.0
595	458	1550692520.0
957	251	1550693252.0
957	69	1550693520.0
595	300	1550693770.0
881	748	1550695134.0
1011	458	1550698134.0
1011	341	1550698770.0
595	53	1550699228.0
714	348	1550699818.0
714	812	1550699898.0
1011	357	1550699973.0
432	47	1550700164.0
496	834	1550703039.0
372	270	1550704227.0
317	166	1550704339.0
595	464	1550705364.0
573	466	1550705412.0
243	101	1550707097.0
389	389	1550707278.0
1029	485	1550711446.0
1029	165	1550712257.0
508	226	1550712766.0
389	457	1550714913.0
696	412	1550715001.0
1010	651	1550716075.0
1010	254	1550716351.0
473	29	1550717479.0
648	204	1550718840.0
264	789	1550757283.0
849	579	1550759435.0
500	850	1550763111.0
500	661	1550764125.0
849	130	1550765674.0
4	675	1550766116.0
989	740	1550770894.0
779	378	1550772403.0
632	700	1550777465.0
632	852	1550777852.0
980	822	1550780037.0
980	388	1550780468.0
980	481	1550780693.0
980	10	1550780978.0
883	245	1550783965.0
1010	844	1550797711.0
986	341	1550797818.0
1010	26	1550798227.0
1013	120	1550799844.0
846	102	1550803965.0
846	801	1550804080.0
178	843	1550804441.0
1029	382	1550809500.0
243	271	1550835969.0
636	520	1550847921.0
1024	206	1550849661.0
1024	464	1550849956.0
268	275	1550850346.0
877	647	1550851863.0
877	458	1550852445.0
550	845	1550855952.0
455	276	1550862040.0
873	47	1550868298.0
373	242	1550868456.0
655	294	1550871685.0
1031	43	1550879256.0
243	788	1550881621.0
396	36	1550882197.0
1011	247	1550885219.0
651	108	1550887835.0
648	237	1550896760.0
60	582	1550897457.0
648	482	1550898093.0
399	851	1550903696.0
1019	6	1550925280.0
1019	134	1550925940.0
1019	632	1550926385.0
445	835	1550936596.0
4	804	1550937727.0
391	217	1550939699.0
918	826	1550939728.0
698	206	1550939943.0
391	724	1550940034.0
515	61	1550940071.0
391	428	1550940296.0
391	81	1550940772.0
391	136	1550941205.0
516	87	1550942077.0
452	76	1550942994.0
364	705	1550944144.0
792	547	1550945347.0
954	157	1550945680.0
143	82	1550946430.0
647	659	1550949198.0
414	577	1550949993.0
432	846	1550951955.0
432	631	1550953330.0
272	247	1550955111.0
620	629	1550956944.0
52	15	1550960386.0
450	115	1550961017.0
154	849	1550961827.0
792	225	1550964918.0
178	102	1550965855.0
326	174	1550968012.0
558	544	1550970544.0
799	734	1550970628.0
979	419	1550972177.0
1013	57	1550972612.0
126	211	1550972650.0
344	157	1550975153.0
344	433	1550975823.0
126	206	1550976051.0
806	465	1550976337.0
1032	547	1550977892.0
126	41	1550978997.0
126	108	1550979596.0
1024	518	1550980194.0
792	689	1550989847.0
894	4	1551017711.0
515	736	1551017863.0
1031	290	1551017867.0
515	528	1551018095.0
1019	2	1551018207.0
385	291	1551021706.0
920	695	1551021950.0
126	88	1551022771.0
572	746	1551023003.0
183	582	1551023959.0
183	818	1551024386.0
183	291	1551025348.0
846	143	1551026156.0
808	626	1551027057.0
513	125	1551028505.0
126	380	1551029858.0
42	51	1551030784.0
857	80	1551030933.0
487	578	1551032816.0
205	142	1551036047.0
934	5	1551036972.0
939	711	1551037517.0
934	394	1551037937.0
167	835	1551037997.0
1033	850	1551039837.0
632	160	1551042783.0
481	71	1551043718.0
662	267	1551044111.0
1031	272	1551050012.0
1031	639	1551050461.0
162	554	1551050627.0
1031	308	1551050738.0
399	851	1551051837.0
432	846	1551052654.0
432	239	1551054267.0
716	281	1551054779.0
655	305	1551055131.0
226	804	1551056809.0
758	542	1551057256.0
96	360	1551058551.0
808	341	1551059292.0
1025	331	1551059473.0
115	844	1551060027.0
115	140	1551060268.0
163	783	1551062263.0
535	380	1551062934.0
938	676	1551063032.0
823	29	1551064461.0
126	651	1551069518.0
853	393	1551070048.0
329	33	1551070244.0
53	36	1551074479.0
52	159	1551094422.0
247	236	1551101007.0
988	2	1551104538.0
988	678	1551104699.0
988	528	1551104826.0
438	835	1551107207.0
120	57	1551108282.0
1024	523	1551110535.0
1017	51	1551114129.0
661	283	1551114937.0
672	741	1551116344.0
1011	207	1551121093.0
39	474	1551121322.0
1011	393	1551121766.0
920	515	1551122018.0
4	275	1551122953.0
1011	689	1551123489.0
1011	42	1551124605.0
370	853	1551124784.0
1011	183	1551134415.0
1013	2	1551134467.0
1011	97	1551134944.0
96	575	1551138443.0
272	187	1551140921.0
779	230	1551141536.0
1019	201	1551146002.0
526	840	1551146497.0
252	275	1551147192.0
167	781	1551149943.0
525	798	1551151110.0
234	0	1551154044.0
902	402	1551155674.0
994	125	1551156526.0
1011	129	1551157062.0
1009	834	1551191338.0
468	636	1551196379.0
892	496	1551197136.0
305	224	1551200688.0
878	254	1551202859.0
644	655	1551207679.0
926	206	1551209639.0
168	339	1551212984.0
978	564	1551228082.0
978	394	1551228602.0
176	17	1551228940.0
978	134	1551229508.0
1019	459	1551233286.0
846	377	1551235359.0
748	764	1551237611.0
748	107	1551237933.0
71	850	1551238169.0
326	258	1551242470.0
110	112	1551243234.0
952	405	1551277250.0
991	438	1551284302.0
516	651	1551284335.0
52	668	1551286638.0
970	317	1551288535.0
4	840	1551290938.0
266	479	1551294366.0
978	375	1551294790.0
935	284	1551296727.0
935	636	1551297037.0
331	32	1551297429.0
934	58	1551297583.0
573	531	1551301159.0
80	456	1551311286.0
80	10	1551311638.0
616	676	1551311738.0
57	479	1551311844.0
80	433	1551311861.0
57	278	1551312334.0
432	854	1551317488.0
775	838	1551317574.0
432	212	1551317732.0
580	103	1551318054.0
274	576	1551319848.0
1034	436	1551321351.0
525	175	1551321632.0
525	41	1551322593.0
201	721	1551323226.0
201	528	1551323941.0
696	422	1551324329.0
302	609	1551325560.0
398	295	1551326855.0
871	490	1551328378.0
617	419	1551329175.0
355	772	1551336265.0
467	67	1551364255.0
1016	840	1551367919.0
208	110	1551368627.0
892	400	1551369173.0
1016	38	1551369659.0
1016	64	1551370251.0
1016	58	1551370712.0
1016	411	1551373036.0
1035	341	1551373146.0
1034	464	1551373853.0
665	32	1551373898.0
45	276	1551377042.0
7	307	1551377352.0
105	188	1551377523.0
1036	647	1551377752.0
1036	593	1551379657.0
1016	275	1551381532.0
1035	159	1551383268.0
64	84	1551386347.0
552	265	1551386713.0
1034	212	1551387966.0
727	835	1551388364.0
1034	646	1551388665.0
357	201	1551391052.0
243	513	1551393801.0
1035	782	1551395132.0
687	85	1551397351.0
687	131	1551397735.0
1035	322	1551397757.0
687	285	1551397987.0
999	209	1551401218.0
999	44	1551402422.0
999	396	1551403065.0
684	287	1551407044.0
75	28	1551407294.0
1019	682	1551408903.0
1037	104	1551408969.0
542	214	1551409959.0
1035	51	1551410262.0
979	584	1551431120.0
626	229	1551434177.0
1024	487	1551436581.0
1024	32	1551437215.0
700	801	1551447224.0
700	814	1551447824.0
777	844	1551449507.0
68	837	1551459922.0
405	17	1551462720.0
405	838	1551463031.0
845	607	1551463952.0
223	292	1551464870.0
28	260	1551468447.0
4	36	1551469137.0
301	163	1551470699.0
999	31	1551475268.0
954	12	1551477763.0
750	30	1551481008.0
746	329	1551484366.0
421	846	1551487953.0
421	579	1551488124.0
1035	6	1551489837.0
1036	843	1551497835.0
1024	490	1551524099.0
28	256	1551534997.0
1009	839	1551536426.0
746	584	1551540849.0
746	655	1551541561.0
641	123	1551544398.0
641	417	1551544692.0
1038	313	1551547935.0
432	76	1551550097.0
432	846	1551550560.0
325	8	1551552175.0
1009	799	1551552275.0
528	130	1551552374.0
1009	590	1551553641.0
1013	125	1551553908.0
806	125	1551554309.0
1027	346	1551556294.0
1027	580	1551557222.0
1027	161	1551558265.0
632	72	1551559041.0
102	559	1551565547.0
75	264	1551566788.0
797	840	1551566811.0
525	723	1551570537.0
506	283	1551570680.0
910	620	1551574643.0
189	59	1551577023.0
695	538	1551579523.0
815	481	1551581984.0
674	839	1551582067.0
111	813	1551582103.0
780	346	1551585652.0
50	45	1551589123.0
965	735	1551590397.0
569	416	1551618168.0
243	651	1551622044.0
243	542	1551623134.0
256	104	1551626111.0
128	181	1551627566.0
899	61	1551628729.0
899	574	1551629767.0
899	389	1551630623.0
230	341	1551630971.0
496	584	1551631769.0
971	653	1551632765.0
648	835	1551634646.0
80	799	1551634682.0
1019	45	1551636638.0
479	76	1551638806.0
346	139	1551639188.0
201	684	1551639354.0
479	206	1551639380.0
479	32	1551640355.0
528	341	1551643320.0
655	96	1551645498.0
60	510	1551645777.0
445	445	1551647519.0
902	837	1551647593.0
223	820	1551648014.0
205	362	1551648292.0
205	350	1551648834.0
980	847	1551651504.0
1036	751	1551651764.0
510	708	1551651797.0
1036	443	1551652567.0
1036	169	1551653611.0
973	268	1551654972.0
202	845	1551655503.0
245	247	1551655930.0
910	284	1551664330.0
655	295	1551669314.0
255	493	1551682799.0
255	33	1551684510.0
1038	243	1551715737.0
1039	47	1551717269.0
732	770	1551720366.0
1013	822	1551722735.0
39	123	1551731236.0
23	87	1551731313.0
310	819	1551732103.0
326	13	1551736801.0
1034	596	1551738217.0
1034	206	1551738481.0
387	851	1551742264.0
1040	157	1551742635.0
541	597	1551747567.0
541	100	1551748151.0
74	160	1551751940.0
74	179	1551752125.0
52	799	1551752801.0
86	70	1551752928.0
86	2	1551753266.0
1021	266	1551753733.0
1021	854	1551755781.0
400	77	1551756042.0
1019	238	1551757945.0
981	736	1551763451.0
981	371	1551764385.0
617	67	1551769981.0
519	11	1551783344.0
519	223	1551784274.0
67	1	1551803540.0
356	64	1551804437.0
356	160	1551805063.0
67	636	1551805301.0
326	153	1551806538.0
266	24	1551807122.0
547	187	1551808226.0
696	283	1551812181.0
778	311	1551814558.0
675	25	1551821006.0
172	206	1551821298.0
1034	320	1551823779.0
1034	44	1551824885.0
807	137	1551825970.0
807	375	1551826130.0
1034	209	1551826242.0
455	372	1551826315.0
547	275	1551826561.0
1034	654	1551827680.0
1034	498	1551828982.0
479	0	1551832033.0
794	336	1551833547.0
432	802	1551835461.0
340	173	1551837708.0
1019	275	1551840223.0
47	214	1551840744.0
268	781	1551841179.0
75	584	1551841338.0
939	135	1551841413.0
795	733	1551842224.0
1013	576	1551842826.0
1041	841	1551843150.0
268	131	1551843511.0
794	127	1551844516.0
268	47	1551845171.0
929	535	1551851510.0
90	283	1551877232.0
845	51	1551880086.0
892	191	1551883441.0
251	612	1551883461.0
787	404	1551883871.0
810	38	1551884749.0
960	15	1551884756.0
810	845	1551885284.0
960	819	1551885348.0
873	36	1551886154.0
915	280	1551887423.0
915	85	1551887637.0
86	58	1551889030.0
86	435	1551889289.0
86	417	1551890361.0
19	847	1551891521.0
471	730	1551896870.0
248	506	1551911977.0
525	444	1551916270.0
525	306	1551917489.0
404	428	1551924950.0
1010	619	1551927048.0
846	69	1551929722.0
445	84	1551935209.0
445	107	1551935494.0
445	300	1551936040.0
445	354	1551936257.0
644	278	1551961634.0
247	544	1551968686.0
166	804	1551969295.0
845	660	1551974511.0
819	146	1551976278.0
382	125	1551976481.0
999	201	1551976508.0
902	274	1551977511.0
455	364	1551979211.0
1042	56	1551981216.0
1042	579	1551981581.0
1042	79	1551981747.0
1042	840	1551981963.0
1042	231	1551982045.0
1042	376	1551982243.0
1042	219	1551982384.0
326	331	1551984489.0
40	36	1551990829.0
550	485	1551991578.0
417	90	1551995771.0
157	346	1551997460.0
274	385	1552004671.0
861	369	1552007220.0
745	684	1552007889.0
921	449	1552015617.0
921	827	1552016405.0
1021	159	1552016461.0
921	703	1552018462.0
445	31	1552019109.0
921	283	1552019183.0
999	6	1552020903.0
1043	810	1552026037.0
757	338	1552047109.0
1044	113	1552051002.0
933	845	1552055746.0
1003	843	1552056321.0
311	38	1552060449.0
311	76	1552061541.0
902	371	1552069103.0
650	56	1552069189.0
902	801	1552069541.0
902	88	1552069653.0
902	32	1552070074.0
902	389	1552070217.0
650	223	1552070324.0
902	131	1552070361.0
582	31	1552071091.0
197	201	1552074612.0
197	36	1552074824.0
197	97	1552075120.0
921	819	1552078187.0
921	254	1552078917.0
1043	128	1552080198.0
761	305	1552083232.0
349	543	1552090083.0
349	199	1552090321.0
349	634	1552091388.0
349	188	1552092093.0
617	471	1552096482.0
399	140	1552097846.0
399	275	1552099685.0
399	541	1552100525.0
1043	544	1552102974.0
1043	482	1552103374.0
1043	18	1552104048.0
1043	160	1552104924.0
1043	275	1552105553.0
650	543	1552111212.0
667	783	1552144403.0
667	142	1552144602.0
910	722	1552156213.0
413	122	1552158160.0
889	64	1552161249.0
115	489	1552161975.0
115	540	1552162262.0
610	373	1552165119.0
939	553	1552166249.0
52	242	1552170278.0
248	266	1552170668.0
340	587	1552173409.0
669	850	1552174946.0
310	550	1552176453.0
310	652	1552177265.0
310	662	1552180221.0
1035	838	1552182669.0
749	614	1552184851.0
749	116	1552185385.0
116	479	1552187151.0
116	114	1552187695.0
563	840	1552189705.0
650	11	1552193744.0
650	275	1552193932.0
463	767	1552204881.0
14	846	1552204973.0
1045	598	1552221586.0
1019	301	1552223871.0
1003	11	1552228049.0
508	727	1552229463.0
508	410	1552230166.0
973	777	1552230602.0
479	264	1552231909.0
894	417	1552232534.0
805	33	1552233414.0
892	847	1552237789.0
1003	169	1552239787.0
355	273	1552240652.0
219	820	1552241202.0
1026	824	1552244933.0
959	257	1552246557.0
1033	56	1552246842.0
111	376	1552248460.0
792	420	1552248935.0
56	333	1552249590.0
969	22	1552250192.0
1046	430	1552250602.0
1046	7	1552250818.0
711	233	1552251644.0
767	705	1552251866.0
844	87	1552252623.0
815	125	1552256631.0
340	280	1552256773.0
1047	11	1552257560.0
1047	275	1552257688.0
1	329	1552261098.0
145	275	1552261779.0
1010	648	1552265947.0
542	250	1552266120.0
1010	788	1552266333.0
528	246	1552268492.0
302	809	1552269705.0
185	827	1552270593.0
185	651	1552271518.0
1048	698	1552273558.0
1048	641	1552273964.0
1048	47	1552274361.0
340	103	1552275330.0
340	249	1552275722.0
1049	264	1552276011.0
1049	827	1552276109.0
1049	179	1552276478.0
1049	108	1552276854.0
1049	122	1552276952.0
1049	86	1552277384.0
567	207	1552279961.0
956	52	1552284538.0
432	855	1552308212.0
845	269	1552310143.0
423	781	1552311219.0
373	340	1552311399.0
82	837	1552311437.0
1050	353	1552311624.0
548	222	1552312306.0
39	125	1552313399.0
39	391	1552313681.0
164	64	1552315643.0
650	486	1552316207.0
650	485	1552316300.0
67	103	1552316429.0
902	574	1552316505.0
650	88	1552316883.0
650	30	1552317149.0
650	449	1552317314.0
762	234	1552317470.0
981	527	1552324199.0
522	821	1552324868.0
981	522	1552325197.0
251	445	1552325950.0
251	784	1552326359.0
251	809	1552326946.0
1026	275	1552330749.0
440	838	1552336995.0
440	521	1552337394.0
370	108	1552338937.0
542	597	1552346065.0
346	144	1552348339.0
755	852	1552349597.0
528	781	1552351717.0
1019	173	1552352723.0
750	84	1552359375.0
52	153	1552384797.0
939	553	1552398623.0
1051	41	1552400524.0
1051	850	1552401964.0
215	852	1552402767.0
1051	179	1552403674.0
702	160	1552403743.0
340	543	1552407066.0
25	53	1552407402.0
158	320	1552409480.0
86	203	1552416152.0
1016	378	1552418398.0
1051	448	1552418543.0
396	847	1552418855.0
953	157	1552419418.0
844	30	1552419623.0
953	341	1552420108.0
939	420	1552427535.0
405	522	1552429906.0
939	317	1552430365.0
818	158	1552431507.0
47	4	1552432851.0
340	447	1552434029.0
473	270	1552434292.0
432	855	1552435083.0
671	372	1552442024.0
671	765	1552442032.0
671	394	1552442047.0
57	639	1552444913.0
57	69	1552445265.0
372	177	1552446154.0
57	592	1552446536.0
1049	30	1552453242.0
1049	29	1552453448.0
1049	475	1552454003.0
750	356	1552481654.0
280	848	1552485191.0
956	97	1552490368.0
956	275	1552490426.0
956	32	1552490490.0
956	282	1552490577.0
802	717	1552495146.0
557	131	1552497225.0
1049	631	1552498269.0
283	511	1552498346.0
1016	76	1552499538.0
104	207	1552507266.0
1052	421	1552509199.0
1052	846	1552509756.0
1052	2	1552509942.0
1052	718	1552510095.0
578	801	1552513968.0
617	791	1552515540.0
182	378	1552515926.0
111	246	1552517191.0
207	332	1552518326.0
370	775	1552519837.0
671	822	1552521569.0
671	143	1552521584.0
413	841	1552525051.0
846	797	1552527090.0
1019	237	1552528725.0
528	324	1552528990.0
614	195	1552531972.0
792	625	1552532440.0
172	847	1552537165.0
815	283	1552538711.0
86	23	1552567517.0
1044	301	1552567835.0
64	142	1552569980.0
887	184	1552574893.0
39	606	1552577130.0
614	843	1552581074.0
838	44	1552585649.0
552	59	1552586664.0
880	643	1552586879.0
886	160	1552587004.0
552	97	1552589456.0
68	7	1552593441.0
68	626	1552593545.0
690	254	1552594888.0
880	742	1552597621.0
432	58	1552608973.0
738	179	1552609047.0
1019	395	1552609319.0
1008	385	1552610265.0
201	844	1552611231.0
1045	598	1552612955.0
908	840	1552613354.0
1043	204	1552614767.0
1043	103	1552615950.0
1043	308	1552616599.0
1015	852	1552617329.0
983	322	1552617583.0
155	822	1552619199.0
1012	641	1552619213.0
110	36	1552619574.0
248	264	1552619959.0
248	728	1552620068.0
248	98	1552620111.0
248	721	1552620182.0
780	564	1552625352.0
780	57	1552626065.0
954	443	1552643037.0
316	40	1552662340.0
960	242	1552663112.0
960	531	1552663392.0
571	425	1552665779.0
1043	141	1552670497.0
1043	404	1552671072.0
1015	794	1552673568.0
316	58	1552674044.0
316	82	1552675947.0
996	232	1552676212.0
316	9	1552676562.0
996	488	1552677162.0
316	24	1552677687.0
486	829	1552678160.0
316	822	1552678866.0
663	239	1552678967.0
663	180	1552679210.0
316	802	1552679411.0
663	283	1552679544.0
954	71	1552688111.0
950	89	1552690011.0
950	28	1552690196.0
929	67	1552690533.0
1008	107	1552692987.0
495	150	1552696055.0
631	612	1552697132.0
954	20	1552697805.0
1016	400	1552698495.0
818	283	1552700488.0
469	616	1552701351.0
652	115	1552701661.0
360	846	1552702743.0
775	792	1552704215.0
521	582	1552713193.0
387	807	1552737474.0
792	270	1552738065.0
632	590	1552739092.0
780	29	1552742592.0
758	275	1552742766.0
758	7	1552742929.0
989	82	1552744621.0
780	676	1552747684.0
222	327	1552748550.0
1048	342	1552748702.0
222	86	1552748949.0
222	339	1552748976.0
201	257	1552750898.0
799	84	1552755982.0
55	26	1552759438.0
31	835	1552760101.0
55	36	1552761115.0
910	807	1552765128.0
432	807	1552765254.0
432	855	1552765980.0
432	378	1552766265.0
68	149	1552766492.0
68	27	1552766510.0
68	303	1552766620.0
432	844	1552767562.0
1048	837	1552770636.0
940	245	1552771579.0
263	489	1552771671.0
57	397	1552771861.0
1051	811	1552772725.0
910	207	1552773402.0
582	173	1552777736.0
582	176	1552778167.0
582	278	1552779680.0
281	58	1552783150.0
696	347	1552784974.0
860	846	1552785284.0
696	386	1552785349.0
910	733	1552794668.0
806	827	1552796126.0
806	323	1552796603.0
940	824	1552823241.0
1007	533	1552824875.0
1007	214	1552826073.0
174	353	1552827585.0
673	806	1552833553.0
673	108	1552833884.0
758	42	1552835503.0
337	579	1552836573.0
1003	254	1552839487.0
310	842	1552839698.0
670	843	1552844664.0
248	450	1552845879.0
1006	66	1552847343.0
57	852	1552852984.0
407	848	1552852988.0
1018	378	1552853111.0
417	36	1552855684.0
292	239	1552856133.0
1007	165	1552858025.0
1011	226	1552862314.0
1011	98	1552862600.0
418	63	1552862657.0
418	20	1552863407.0
262	820	1552863685.0
1019	820	1552866228.0
935	341	1552867412.0
661	127	1552867949.0
111	467	1552867975.0
182	57	1552868537.0
52	338	1552872450.0
418	211	1552877361.0
552	70	1552878602.0
722	92	1552880024.0
905	21	1552880974.0
202	23	1552881446.0
880	642	1552890978.0
905	4	1552914876.0
284	267	1552915566.0
953	662	1552919152.0
845	418	1552919232.0
892	501	1552924387.0
892	105	1552925392.0
559	137	1552926071.0
252	270	1552926782.0
370	821	1552927689.0
892	639	1552936196.0
225	626	1552936302.0
86	61	1552937564.0
86	98	1552940429.0
546	389	1552940750.0
86	341	1552941034.0
546	457	1552941499.0
546	727	1552942259.0
7	41	1552942843.0
479	572	1552944500.0
948	702	1552949550.0
495	111	1552953022.0
19	736	1552956030.0
175	855	1552958116.0
688	384	1552962163.0
172	131	1552964664.0
815	275	1552966381.0
698	121	1552967117.0
86	203	1552978065.0
973	844	1552996529.0
973	363	1552998363.0
471	544	1552998825.0
915	579	1553002224.0
892	356	1553011497.0
902	65	1553012532.0
22	835	1553016015.0
1048	446	1553019684.0
1053	64	1553024222.0
376	853	1553027789.0
42	108	1553028368.0
1013	851	1553030783.0
1013	844	1553032371.0
64	551	1553037031.0
1000	429	1553040250.0
716	428	1553041877.0
716	808	1553041908.0
792	40	1553042101.0
193	616	1553042280.0
508	19	1553044538.0
172	698	1553044576.0
263	58	1553048862.0
115	215	1553085232.0
838	811	1553088540.0
1012	641	1553088633.0
340	695	1553099331.0
441	680	1553108522.0
699	43	1553110869.0
370	166	1553115491.0
370	47	1553120427.0
60	384	1553122963.0
1014	436	1553131136.0
1014	44	1553131701.0
1014	646	1553131938.0
262	827	1553132865.0
179	856	1553133424.0
1042	595	1553139107.0
655	214	1553140158.0
432	156	1553164506.0
145	482	1553173085.0
964	7	1553182189.0
576	2	1553182512.0
964	206	1553182630.0
964	207	1553186058.0
1015	794	1553186458.0
1036	240	1553192900.0
1054	391	1553194724.0
1054	97	1553195092.0
1054	810	1553195281.0
1054	20	1553195464.0
1054	710	1553195581.0
1054	845	1553195753.0
1054	128	1553196117.0
1054	69	1553196190.0
1054	157	1553196318.0
1054	48	1553196441.0
368	257	1553199178.0
1011	53	1553202843.0
1054	698	1553202863.0
1011	175	1553202946.0
1011	479	1553203054.0
1054	31	1553203130.0
1011	370	1553203190.0
1011	684	1553203258.0
1011	118	1553203339.0
101	530	1553203358.0
1011	378	1553203526.0
1054	57	1553203599.0
1054	26	1553203796.0
170	309	1553203990.0
1054	131	1553204139.0
1010	191	1553204282.0
1054	84	1553204518.0
1010	81	1553204609.0
1010	50	1553204942.0
1054	43	1553204946.0
1010	337	1553205012.0
1054	41	1553205308.0
389	89	1553205768.0
101	172	1553206323.0
1011	619	1553209405.0
53	827	1553210604.0
340	206	1553213543.0
1043	312	1553215575.0
1043	271	1553216167.0
1052	826	1553216508.0
1043	439	1553216752.0
1055	398	1553216789.0
1043	300	1553217489.0
1056	393	1553219786.0
262	84	1553220592.0
68	2	1553220821.0
1054	50	1553221222.0
1054	368	1553221283.0
1054	186	1553221734.0
1054	378	1553222030.0
528	84	1553222637.0
1054	533	1553222948.0
614	382	1553223917.0
816	20	1553226367.0
515	206	1553227938.0
515	668	1553228203.0
387	853	1553254667.0
251	428	1553262683.0
614	195	1553262822.0
157	456	1553270264.0
352	664	1553272555.0
1055	21	1553273596.0
1055	179	1553274054.0
723	467	1553277401.0
589	49	1553286693.0
589	237	1553287158.0
589	769	1553287565.0
106	675	1553288995.0
175	84	1553289958.0
62	214	1553290882.0
175	822	1553292244.0
1019	504	1553292849.0
1055	487	1553298570.0
1033	509	1553298935.0
372	837	1553299289.0
181	386	1553303359.0
497	835	1553304812.0
929	814	1553317238.0
110	7	1553326855.0
404	63	1553341467.0
687	5	1553342191.0
857	703	1553345722.0
1010	58	1553347072.0
528	386	1553350180.0
1019	307	1553352986.0
589	420	1553353607.0
1013	857	1553355078.0
487	0	1553355121.0
589	848	1553355380.0
589	275	1553355455.0
725	857	1553355891.0
589	489	1553356040.0
281	93	1553358038.0
1057	9	1553362872.0
1057	272	1553362892.0
1057	668	1553362919.0
1057	169	1553362983.0
793	167	1553362995.0
1057	421	1553363014.0
1057	179	1553363048.0
1057	518	1553363078.0
1055	214	1553363128.0
1057	656	1553363195.0
1057	692	1553363224.0
1057	464	1553363266.0
1057	50	1553363307.0
1055	206	1553363749.0
1055	598	1553364468.0
986	84	1553370173.0
487	390	1553371062.0
1057	381	1553372190.0
1055	485	1553377082.0
913	673	1553379266.0
519	854	1553379695.0
681	357	1553380387.0
1020	39	1553380553.0
910	620	1553382457.0
525	272	1553385849.0
525	51	1553389806.0
1044	236	1553395702.0
752	124	1553397193.0
486	585	1553397253.0
235	633	1553397580.0
455	839	1553398075.0
530	283	1553401815.0
626	847	1553406596.0
404	739	1553426285.0
404	790	1553427398.0
404	84	1553427908.0
404	114	1553428133.0
404	533	1553428555.0
404	219	1553428874.0
1038	846	1553429477.0
1058	235	1553429818.0
1058	10	1553430242.0
404	175	1553430630.0
758	424	1553431666.0
513	723	1553435810.0
600	582	1553436206.0
513	113	1553436758.0
242	845	1553439094.0
34	372	1553439584.0
372	270	1553442163.0
666	164	1553442206.0
196	131	1553442687.0
407	149	1553444542.0
311	804	1553447281.0
34	233	1553447882.0
160	838	1553448758.0
843	593	1553448863.0
160	840	1553449113.0
34	734	1553450232.0
1055	114	1553452734.0
479	131	1553454081.0
1055	706	1553456995.0
746	63	1553458542.0
432	284	1553460184.0
637	814	1553460467.0
111	271	1553460531.0
637	676	1553461483.0
637	509	1553461636.0
637	797	1553461812.0
682	50	1553462339.0
479	572	1553465123.0
409	388	1553465311.0
251	846	1553466996.0
251	528	1553467524.0
472	251	1553467687.0
472	827	1553468406.0
472	301	1553468535.0
892	752	1553469463.0
311	651	1553470906.0
1059	264	1553471157.0
1059	275	1553473661.0
990	460	1553473745.0
52	840	1553474189.0
407	203	1553474390.0
1046	208	1553474512.0
1060	342	1553477698.0
1013	147	1553478423.0
494	512	1553478725.0
298	467	1553479101.0
388	284	1553480055.0
388	26	1553480203.0
388	270	1553482544.0
388	485	1553485924.0
535	488	1553486418.0
388	761	1553486918.0
336	848	1553495400.0
825	531	1553509509.0
973	421	1553522309.0
39	616	1553523012.0
39	644	1553523064.0
290	317	1553523068.0
39	160	1553523241.0
928	385	1553524623.0
650	439	1553525471.0
543	265	1553526965.0
116	452	1553527126.0
116	5	1553527308.0
116	275	1553527339.0
495	474	1553529903.0
61	99	1553529981.0
61	226	1553530567.0
650	850	1553530969.0
650	120	1553531864.0
252	574	1553533255.0
648	404	1553533609.0
650	346	1553537348.0
589	320	1553537561.0
264	767	1553538545.0
892	687	1553541742.0
40	485	1553545390.0
242	239	1553545580.0
54	741	1553546573.0
54	855	1553546681.0
54	290	1553546818.0
40	211	1553547032.0
688	148	1553550351.0
275	352	1553554758.0
269	840	1553556150.0
497	500	1553556534.0
451	170	1553556539.0
269	275	1553556976.0
1015	857	1553559120.0
1019	315	1553560013.0
512	20	1553562539.0
88	23	1553562959.0
1059	626	1553562964.0
206	300	1553566005.0
825	331	1553570759.0
825	58	1553571012.0
825	788	1553571100.0
21	427	1553595551.0
988	27	1553602935.0
988	484	1553603124.0
988	314	1553603613.0
265	206	1553603661.0
988	602	1553603791.0
27	131	1553612301.0
535	212	1553613339.0
940	668	1553617906.0
791	531	1553620517.0
940	506	1553620903.0
237	400	1553621225.0
1059	521	1553621861.0
740	25	1553625503.0
964	413	1553625752.0
129	251	1553626433.0
1040	29	1553629378.0
939	330	1553635402.0
1000	41	1553637620.0
749	323	1553641251.0
883	512	1553642562.0
73	803	1553651621.0
528	125	1553652913.0
329	543	1553654107.0
399	88	1553663571.0
399	411	1553663905.0
399	53	1553664670.0
856	400	1553683931.0
856	206	1553684037.0
1027	146	1553690987.0
392	801	1553692872.0
295	801	1553695915.0
989	798	1553696103.0
295	835	1553697395.0
791	186	1553706812.0
911	725	1553710963.0
144	437	1553713581.0
417	314	1553714348.0
580	781	1553714385.0
580	275	1553715517.0
580	843	1553716074.0
580	844	1553716222.0
185	449	1553717676.0
964	522	1553717787.0
111	321	1553717823.0
1009	522	1553718702.0
5	726	1553720813.0
1036	730	1553724679.0
883	852	1553727572.0
159	242	1553730470.0
213	96	1553730723.0
247	264	1553732494.0
954	39	1553732826.0
247	39	1553733099.0
1012	525	1553736435.0
0	29	1553736886.0
0	88	1553736938.0
1019	35	1553736947.0
0	12	1553737562.0
0	264	1553737738.0
637	671	1553739553.0
330	350	1553740243.0
330	758	1553740436.0
330	710	1553740504.0
330	94	1553740572.0
752	773	1553742126.0
535	752	1553742932.0
806	268	1553744875.0
138	345	1553764725.0
988	677	1553776631.0
988	206	1553776759.0
988	439	1553777082.0
988	586	1553777409.0
952	837	1553777545.0
988	44	1553777724.0
1018	101	1553779478.0
964	108	1553784509.0
263	636	1553784778.0
263	582	1553785717.0
581	469	1553787351.0
581	131	1553789093.0
999	211	1553789373.0
1052	766	1553793393.0
1052	611	1553793536.0
528	635	1553794023.0
1012	701	1553799960.0
581	245	1553802649.0
228	280	1553802667.0
581	255	1553802894.0
581	572	1553803129.0
917	486	1553805675.0
243	290	1553805745.0
946	200	1553806820.0
917	168	1553806908.0
273	802	1553807536.0
965	264	1553807757.0
421	810	1553808244.0
421	369	1553808387.0
1054	36	1553812721.0
1054	130	1553812977.0
1054	30	1553813959.0
240	858	1553817494.0
240	833	1553817703.0
1008	793	1553818230.0
472	805	1553823223.0
1019	67	1553824364.0
974	108	1553824815.0
974	131	1553825245.0
815	243	1553827922.0
201	439	1553828514.0
999	729	1553832803.0
999	356	1553833749.0
288	331	1553853006.0
981	268	1553864267.0
999	323	1553868549.0
1028	749	1553869264.0
1028	177	1553869377.0
1028	655	1553869469.0
1028	12	1553869574.0
1028	473	1553869678.0
1028	36	1553869761.0
1028	424	1553869824.0
999	147	1553869828.0
1028	187	1553870094.0
1028	92	1553870163.0
1028	621	1553870470.0
1028	599	1553870565.0
1028	571	1553871031.0
1028	323	1553872146.0
1028	214	1553872273.0
1028	13	1553872480.0
1028	191	1553872663.0
988	486	1553873518.0
988	31	1553873814.0
22	99	1553874576.0
259	82	1553875736.0
923	347	1553877921.0
921	436	1553878437.0
921	226	1553879588.0
310	138	1553880380.0
519	120	1553880643.0
749	348	1553880714.0
1021	112	1553881374.0
1060	131	1553883570.0
1061	251	1553885372.0
1061	470	1553888492.0
721	275	1553888797.0
1061	593	1553889261.0
1061	611	1553889511.0
1061	843	1553889582.0
1061	795	1553891442.0
573	535	1553891505.0
1060	338	1553892310.0
923	175	1553893965.0
923	0	1553894370.0
1060	366	1553895021.0
895	744	1553896295.0
475	766	1553897767.0
439	660	1553897890.0
991	425	1553898645.0
257	161	1553900349.0
680	837	1553902625.0
729	59	1553902657.0
1051	503	1553904886.0
762	229	1553910869.0
885	354	1553912444.0
885	787	1553912943.0
687	23	1553915511.0
884	108	1553917925.0
983	320	1553926587.0
687	71	1553946189.0
1009	632	1553946291.0
161	266	1553950201.0
161	644	1553950999.0
884	281	1553957501.0
884	17	1553958057.0
644	103	1553958428.0
884	24	1553958668.0
884	88	1553959899.0
696	130	1553960285.0
884	503	1553960954.0
198	836	1553962467.0
614	489	1553970407.0
988	144	1553971960.0
988	844	1553972191.0
876	355	1553973622.0
876	225	1553973825.0
631	808	1553975164.0
1047	836	1553975866.0
1061	857	1553976373.0
1062	370	1553976505.0
805	9	1553976918.0
1047	135	1553978177.0
1047	294	1553978329.0
371	350	1553979087.0
1051	462	1553982285.0
473	221	1553983503.0
550	714	1553984824.0
758	799	1553984836.0
432	848	1553986344.0
432	83	1553987231.0
1047	161	1553987446.0
432	518	1553987562.0
631	202	1553987692.0
193	379	1553988540.0
432	58	1553988682.0
432	855	1553989050.0
372	160	1553989365.0
432	846	1553989757.0
450	445	1553990437.0
1047	142	1553991941.0
853	427	1553993625.0
990	113	1553995906.0
392	61	1553997464.0
806	544	1553997782.0
946	41	1554002291.0
696	555	1554002598.0
655	798	1554003274.0
946	84	1554014963.0
1019	200	1554032132.0
458	486	1554032270.0
260	184	1554036685.0
856	826	1554038089.0
221	203	1554042711.0
673	283	1554048964.0
751	108	1554049073.0
631	239	1554051703.0
1012	556	1554054236.0
1012	207	1554054955.0
251	95	1554055676.0
251	264	1554056255.0
251	404	1554056864.0
895	210	1554058018.0
196	421	1554058157.0
252	267	1554059201.0
52	195	1554060872.0
52	267	1554062341.0
193	16	1554065329.0
217	859	1554065589.0
247	88	1554066074.0
1046	484	1554069301.0
1059	486	1554070420.0
86	801	1554071037.0
589	284	1554072908.0
589	340	1554073432.0
589	769	1554073674.0
986	801	1554074593.0
75	30	1554076557.0
843	230	1554077248.0
968	777	1554078110.0
539	542	1554080046.0
1035	351	1554082707.0
962	171	1554085086.0
1046	78	1554085717.0
710	833	1554087674.0
830	574	1554088614.0
902	44	1554089154.0
581	84	1554094086.0
539	797	1554097998.0
539	132	1554098299.0
539	754	1554098895.0
539	240	1554099387.0
154	694	1554118481.0
687	378	1554119774.0
1008	804	1554124723.0
845	58	1554129037.0
86	147	1554130126.0
151	256	1554130910.0
774	840	1554131103.0
1060	555	1554137218.0
725	687	1554138321.0
725	854	1554139184.0
55	128	1554139329.0
82	796	1554143076.0
95	67	1554145500.0
1015	40	1554149814.0
40	558	1554149901.0
946	179	1554153269.0
181	267	1554153779.0
699	458	1554153904.0
39	393	1554153915.0
360	827	1554154694.0
162	97	1554160115.0
213	847	1554160308.0
162	146	1554161240.0
1048	83	1554161532.0
385	305	1554170319.0
352	2	1554174667.0
52	445	1554175376.0
352	426	1554176046.0
172	628	1554181196.0
857	130	1554187025.0
617	731	1554187071.0
617	6	1554187317.0
227	560	1554202801.0
577	123	1554222368.0
973	5	1554227342.0
27	782	1554228281.0
964	123	1554228943.0
974	31	1554229485.0
90	432	1554233378.0
90	830	1554235299.0
25	616	1554240138.0
90	368	1554241501.0
844	42	1554251034.0
1063	57	1554251131.0
1019	544	1554251303.0
616	199	1554253069.0
958	851	1554257426.0
1064	282	1554259144.0
224	347	1554259336.0
644	400	1554290597.0
207	25	1554293518.0
846	708	1554299942.0
25	489	1554300928.0
1062	702	1554303326.0
401	454	1554304055.0
392	50	1554305647.0
391	240	1554306382.0
391	833	1554306732.0
391	167	1554307093.0
948	702	1554307120.0
880	534	1554314870.0
183	690	1554317440.0
1036	857	1554321750.0
1058	634	1554328059.0
1058	615	1554328278.0
1058	724	1554328353.0
1063	669	1554329366.0
1047	761	1554333426.0
501	341	1554334431.0
550	839	1554342034.0
119	181	1554344883.0
1044	471	1554346846.0
243	386	1554347041.0
1063	145	1554350050.0
1011	337	1554352555.0
1011	27	1554352642.0
1011	475	1554352694.0
1010	368	1554382714.0
1010	65	1554383086.0
1010	459	1554383219.0
472	818	1554385130.0
780	702	1554393442.0
178	148	1554395919.0
789	252	1554399407.0
789	242	1554399856.0
238	661	1554401333.0
1017	359	1554401924.0
238	783	1554402931.0
1017	64	1554403802.0
353	42	1554409156.0
905	278	1554415173.0
981	558	1554422272.0
948	602	1554422360.0
799	160	1554423128.0
1065	225	1554427596.0
181	257	1554428340.0
310	48	1554428557.0
268	664	1554429505.0
245	259	1554433709.0
953	386	1554457625.0
921	269	1554477961.0
331	378	1554482055.0
1017	331	1554488185.0
1066	810	1554488598.0
1017	130	1554488688.0
1066	95	1554488767.0
1066	2	1554488975.0
1035	794	1554489070.0
1035	781	1554489623.0
251	810	1554490360.0
62	810	1554491289.0
62	837	1554491460.0
1018	590	1554493317.0
1023	229	1554493705.0
259	27	1554496583.0
1018	370	1554496897.0
1066	820	1554500413.0
535	853	1554502385.0
214	840	1554504114.0
116	99	1554518165.0
116	177	1554518950.0
722	138	1554523075.0
581	114	1554524631.0
1067	757	1554552223.0
1067	520	1554552426.0
1068	840	1554556527.0
147	101	1554558294.0
965	435	1554558724.0
890	157	1554560570.0
207	734	1554561427.0
1044	311	1554564979.0
220	675	1554565804.0
1012	132	1554568453.0
905	509	1554570460.0
905	176	1554571048.0
1003	29	1554573274.0
85	331	1554576068.0
601	49	1554577002.0
601	199	1554577112.0
893	78	1554578153.0
432	692	1554582830.0
432	138	1554583277.0
1018	133	1554583425.0
432	807	1554583762.0
402	205	1554586036.0
875	17	1554588060.0
1012	310	1554589763.0
758	579	1554590357.0
105	549	1554593601.0
14	544	1554594204.0
750	846	1554596148.0
386	719	1554598781.0
52	627	1554599978.0
255	804	1554605330.0
585	9	1554606527.0
587	489	1554607799.0
317	857	1554609564.0
911	159	1554637838.0
100	307	1554639989.0
105	827	1554640917.0
105	26	1554641226.0
508	364	1554642358.0
804	854	1554643308.0
508	741	1554643340.0
758	56	1554643492.0
17	141	1554643822.0
17	32	1554644058.0
17	57	1554644175.0
51	350	1554649531.0
201	781	1554653779.0
432	850	1554659422.0
187	168	1554662796.0
412	150	1554664516.0
479	131	1554666069.0
680	275	1554667815.0
105	838	1554669775.0
634	317	1554669815.0
680	288	1554670626.0
843	435	1554670749.0
690	283	1554671157.0
690	289	1554671300.0
690	530	1554671549.0
843	490	1554672296.0
1013	489	1554672570.0
753	47	1554675342.0
980	823	1554675737.0
753	323	1554676699.0
649	810	1554679606.0
1065	355	1554681560.0
1065	850	1554683178.0
1065	712	1554684142.0
237	842	1554684877.0
1065	22	1554684977.0
105	334	1554686369.0
749	517	1554686786.0
111	55	1554687930.0
291	378	1554690002.0
657	803	1554692058.0
657	781	1554693738.0
1012	51	1554697337.0
1029	417	1554709838.0
439	432	1554715507.0
432	584	1554716884.0
528	455	1554729560.0
164	596	1554730794.0
164	338	1554731280.0
846	101	1554732230.0
1017	111	1554732256.0
418	350	1554734307.0
544	62	1554736253.0
544	270	1554736448.0
614	745	1554737242.0
887	99	1554738403.0
848	220	1554739510.0
1017	138	1554740732.0
120	369	1554740891.0
120	3	1554741111.0
1044	853	1554742339.0
297	7	1554746357.0
663	127	1554746910.0
752	553	1554750808.0
752	225	1554750992.0
552	431	1554754074.0
1016	31	1554754694.0
854	607	1554759454.0
1060	79	1554766890.0
359	851	1554770029.0
981	575	1554772125.0
1067	489	1554775815.0
325	349	1554776007.0
452	321	1554782189.0
172	781	1554783597.0
60	765	1554811205.0
123	321	1554811604.0
988	131	1554817711.0
988	478	1554818130.0
1062	27	1554820608.0
969	58	1554821681.0
164	686	1554822272.0
969	793	1554823171.0
164	590	1554823303.0
969	264	1554824545.0
1012	693	1554826100.0
1012	212	1554826319.0
1012	24	1554826735.0
290	774	1554827422.0
215	748	1554828256.0
215	785	1554828597.0
340	11	1554832501.0
535	191	1554832848.0
910	99	1554833551.0
592	372	1554838711.0
592	834	1554839317.0
969	565	1554840985.0
844	391	1554842240.0
356	299	1554845907.0
300	252	1554846676.0
247	822	1554847554.0
910	346	1554848022.0
316	28	1554849460.0
312	796	1554852499.0
473	90	1554855896.0
1025	9	1554857234.0
1013	783	1554857433.0
1047	626	1554859608.0
637	839	1554859798.0
637	798	1554860268.0
1016	6	1554861459.0
60	651	1554895367.0
64	218	1554901780.0
846	847	1554903120.0
953	245	1554906829.0
674	321	1554911971.0
163	512	1554913404.0
1025	177	1554914108.0
67	663	1554914561.0
281	825	1554915631.0
791	345	1554916066.0
22	499	1554920301.0
167	781	1554921945.0
164	287	1554922896.0
990	797	1554923744.0
965	282	1554924540.0
1069	113	1554929378.0
1069	184	1554929726.0
1069	5	1554929818.0
1069	179	1554929908.0
1044	146	1554929920.0
1069	275	1554931299.0
883	378	1554932461.0
547	794	1554933279.0
217	20	1554933445.0
217	831	1554933930.0
217	806	1554934637.0
217	535	1554934908.0
810	810	1554936117.0
385	58	1554941024.0
687	30	1554942359.0
915	333	1554945006.0
1048	50	1554945727.0
49	86	1554953561.0
988	317	1554983058.0
251	317	1554989710.0
244	211	1554989981.0
953	169	1554990372.0
288	433	1554992107.0
60	198	1554993187.0
902	732	1554995896.0
902	267	1554995993.0
625	487	1554997740.0
384	846	1554999090.0
525	14	1554999307.0
384	128	1554999943.0
525	249	1555000492.0
397	720	1555000856.0
1048	247	1555002872.0
10	362	1555003362.0
142	843	1555003479.0
1063	470	1555006950.0
613	31	1555007623.0
252	826	1555011744.0
14	213	1555012509.0
991	462	1555015778.0
310	765	1555018845.0
915	36	1555024922.0
653	860	1555025388.0
162	267	1555025969.0
14	15	1555026056.0
395	546	1555031692.0
395	412	1555034449.0
527	217	1555034782.0
154	605	1555034921.0
527	575	1555034931.0
476	324	1555035237.0
527	81	1555035560.0
495	294	1555035684.0
1029	822	1555036956.0
953	651	1555038272.0
758	131	1555039284.0
333	529	1555079397.0
395	342	1555085105.0
915	336	1555085839.0
958	84	1555088719.0
958	29	1555088877.0
958	64	1555089195.0
991	421	1555089227.0
607	817	1555092324.0
990	32	1555093049.0
197	392	1555095840.0
1025	713	1555096111.0
933	58	1555096335.0
197	855	1555096384.0
933	20	1555096440.0
933	84	1555096518.0
197	32	1555096524.0
933	131	1555096667.0
197	669	1555096692.0
102	782	1555101524.0
86	36	1555106724.0
479	485	1555109003.0
872	246	1555112183.0
203	12	1555112262.0
480	598	1555113254.0
476	840	1555115795.0
974	750	1555116345.0
476	240	1555119567.0
785	377	1555121043.0
852	30	1555124192.0
852	29	1555124463.0
852	746	1555124745.0
702	23	1555125010.0
852	823	1555125100.0
953	827	1555131741.0
1005	38	1555157034.0
1005	131	1555157792.0
953	858	1555167333.0
1059	283	1555170364.0
791	35	1555170664.0
791	543	1555172066.0
911	214	1555177589.0
911	346	1555179041.0
432	755	1555185462.0
432	156	1555186391.0
1070	779	1555186395.0
1070	264	1555186448.0
432	732	1555187535.0
432	5	1555188234.0
1071	388	1555188722.0
432	287	1555189549.0
777	774	1555195005.0
777	206	1555195129.0
631	796	1555196576.0
1038	276	1555197277.0
965	141	1555201688.0
682	190	1555204632.0
31	177	1555205292.0
634	206	1555206955.0
1072	106	1555211730.0
780	267	1555212607.0
806	714	1555214995.0
806	272	1555215324.0
564	245	1555239465.0
626	835	1555243566.0
508	689	1555245519.0
1067	578	1555245523.0
325	458	1555245876.0
930	351	1555250330.0
894	136	1555250611.0
894	546	1555251365.0
894	188	1555251767.0
894	287	1555252158.0
495	382	1555252719.0
894	838	1555252803.0
894	489	1555253632.0
1073	326	1555254027.0
53	804	1555255248.0
47	99	1555258936.0
455	481	1555262239.0
106	147	1555263375.0
86	203	1555266588.0
252	528	1555266915.0
852	649	1555267019.0
652	112	1555271001.0
171	823	1555271725.0
1038	825	1555272844.0
1027	99	1555272894.0
332	828	1555274709.0
552	831	1555277955.0
552	618	1555278382.0
1015	783	1555281231.0
1074	179	1555282393.0
1074	20	1555282435.0
1074	396	1555284099.0
885	203	1555284674.0
1074	322	1555284719.0
969	217	1555286129.0
969	479	1555286953.0
105	781	1555286984.0
400	528	1555288038.0
409	703	1555288297.0
409	6	1555288597.0
500	845	1555292906.0
220	559	1555293012.0
1074	187	1555293105.0
110	2	1555303591.0
1037	547	1555306774.0
71	703	1555329255.0
915	150	1555330013.0
988	585	1555335582.0
56	621	1555335898.0
988	623	1555336048.0
988	311	1555336920.0
988	672	1555337185.0
120	694	1555340199.0
27	368	1555341027.0
758	4	1555346757.0
758	317	1555347215.0
503	729	1555354554.0
913	763	1555357552.0
846	170	1555357688.0
902	43	1555363222.0
902	2	1555363331.0
797	275	1555363424.0
18	719	1555370253.0
18	320	1555370574.0
18	267	1555370881.0
892	537	1555372831.0
892	542	1555376426.0
969	44	1555377605.0
410	99	1555378645.0
973	299	1555380354.0
21	306	1555413151.0
911	672	1555416902.0
284	70	1555425264.0
663	859	1555428181.0
374	844	1555430121.0
24	320	1555432271.0
283	854	1555432536.0
845	341	1555432712.0
1044	750	1555432903.0
131	108	1555439258.0
131	756	1555439415.0
85	71	1555444922.0
1009	60	1555446964.0
564	245	1555454390.0
500	419	1555455154.0
227	625	1555459699.0
227	616	1555460592.0
227	788	1555460800.0
1048	543	1555464197.0
1048	857	1555464869.0
201	375	1555466029.0
1054	804	1555466061.0
791	148	1555467777.0
1064	483	1555467798.0
500	841	1555469107.0
269	840	1555472082.0
945	620	1555472198.0
36	835	1555500947.0
777	819	1555507041.0
913	838	1555507565.0
33	741	1555508533.0
923	530	1555511021.0
170	137	1555513095.0
946	27	1555513742.0
170	177	1555514382.0
170	699	1555515260.0
170	250	1555515902.0
171	17	1555517945.0
1068	477	1555526533.0
1068	311	1555526770.0
1068	573	1555526873.0
1068	28	1555527151.0
65	655	1555527480.0
1068	0	1555527653.0
1068	545	1555528097.0
65	479	1555528101.0
1068	319	1555528764.0
1068	45	1555528921.0
1068	169	1555530758.0
1068	426	1555530892.0
1068	141	1555531127.0
1068	410	1555531341.0
1068	486	1555531418.0
1068	747	1555531642.0
1068	681	1555532064.0
1068	593	1555532326.0
1068	51	1555532524.0
1068	423	1555532794.0
773	751	1555536580.0
276	456	1555538496.0
849	650	1555538602.0
1068	494	1555539233.0
1068	464	1555540107.0
1068	416	1555540315.0
1068	24	1555540445.0
1068	212	1555540533.0
1068	646	1555540645.0
1068	289	1555541033.0
1068	425	1555541257.0
1068	32	1555541454.0
1068	624	1555543749.0
1068	415	1555543926.0
1068	797	1555544436.0
1068	605	1555544684.0
432	518	1555544736.0
1068	419	1555544795.0
1068	240	1555544965.0
1068	699	1555545119.0
432	523	1555545214.0
1068	316	1555545219.0
1068	631	1555545287.0
1068	284	1555545638.0
719	781	1555546616.0
1068	709	1555547507.0
1068	414	1555547738.0
1068	558	1555547931.0
1008	838	1555548710.0
1068	651	1555549039.0
522	287	1555549136.0
1068	693	1555549522.0
522	292	1555549591.0
522	396	1555549875.0
1068	843	1555550124.0
522	243	1555550532.0
1068	754	1555550670.0
1068	829	1555551041.0
1068	803	1555551239.0
522	804	1555551254.0
1068	645	1555551470.0
1068	123	1555551734.0
1068	857	1555551952.0
1068	671	1555552447.0
479	755	1555587474.0
365	826	1555595278.0
365	5	1555596208.0
849	798	1555601082.0
94	835	1555601571.0
70	854	1555609939.0
1008	720	1555611531.0
1075	494	1555613874.0
96	343	1555615377.0
181	673	1555616551.0
640	389	1555624494.0
643	428	1555625375.0
946	94	1555627416.0
1036	797	1555629719.0
268	9	1555631941.0
758	475	1555637882.0
480	478	1555640338.0
844	414	1555640462.0
709	189	1555640582.0
806	339	1555642112.0
251	840	1555643055.0
75	532	1555643364.0
360	471	1555676216.0
675	274	1555685245.0
921	273	1555685450.0
885	3	1555685894.0
283	224	1555690151.0
815	188	1555694650.0
133	275	1555695431.0
40	717	1555696396.0
203	501	1555708313.0
437	766	1555711445.0
432	544	1555713126.0
133	129	1555714552.0
432	276	1555716690.0
345	58	1555717130.0
955	690	1555718109.0
673	214	1555720161.0
996	145	1555721395.0
140	300	1555721493.0
111	18	1555721687.0
996	270	1555722029.0
111	721	1555722206.0
1013	211	1555723992.0
73	36	1555726868.0
452	798	1555726929.0
128	242	1555726974.0
1039	69	1555727391.0
450	516	1555727396.0
452	523	1555728942.0
452	24	1555729885.0
187	2	1555762165.0
1047	64	1555762237.0
479	264	1555763958.0
30	99	1555772848.0
146	764	1555774769.0
5	695	1555777036.0
962	336	1555778195.0
1027	566	1555779736.0
220	160	1555780178.0
962	703	1555780526.0
385	268	1555782339.0
903	449	1555783746.0
1060	519	1555784573.0
1038	301	1555787796.0
181	489	1555787993.0
950	73	1555789237.0
1013	251	1555791579.0
699	824	1555793855.0
4	773	1555794633.0
699	778	1555794660.0
1070	275	1555797097.0
347	861	1555800037.0
968	539	1555801845.0
525	584	1555803530.0
910	406	1555808912.0
1049	41	1555809148.0
1013	354	1555809280.0
113	126	1555812924.0
550	847	1555813157.0
550	859	1555814673.0
102	633	1555820116.0
875	860	1555824592.0
535	811	1555848473.0
535	535	1555849245.0
603	862	1555849843.0
105	741	1555852500.0
952	79	1555855594.0
965	266	1555860985.0
699	313	1555861340.0
481	653	1555865940.0
981	10	1555865976.0
803	56	1555876269.0
682	30	1555879155.0
243	50	1555881521.0
682	336	1555883129.0
951	862	1555885110.0
965	651	1555887347.0
84	336	1555887797.0
84	851	1555888135.0
601	122	1555889410.0
535	644	1555890439.0
1070	666	1555892068.0
476	284	1555894320.0
735	207	1555894458.0
735	281	1555895051.0
794	276	1555903465.0
699	764	1555906788.0
471	660	1555933967.0
111	671	1555938084.0
680	579	1555941406.0
297	67	1555941527.0
1058	108	1555943203.0
39	311	1555946737.0
779	142	1555950125.0
954	315	1555951117.0
794	485	1555952827.0
471	230	1555954176.0
572	108	1555954954.0
337	357	1555955088.0
243	264	1555960533.0
1076	429	1555961427.0
243	665	1555961583.0
484	274	1555963464.0
978	860	1555964865.0
528	226	1555965966.0
1028	584	1555967048.0
1028	113	1555967184.0
1028	41	1555967330.0
1028	26	1555967382.0
1028	489	1555967818.0
1028	97	1555967873.0
1028	128	1555968086.0
193	702	1555968149.0
1060	74	1555969542.0
1060	74	1555970289.0
1076	74	1555971247.0
1063	677	1555972546.0
1068	206	1555980670.0
1060	429	1555981923.0
251	182	1555987891.0
385	309	1555989418.0
815	569	1555990076.0
95	840	1555995310.0
95	311	1555997512.0
95	28	1555998204.0
1029	109	1556031585.0
207	777	1556032751.0
46	859	1556036045.0
1029	813	1556043852.0
248	843	1556047534.0
920	464	1556048471.0
40	741	1556049324.0
920	646	1556049439.0
376	856	1556050435.0
978	27	1556055745.0
4	827	1556057587.0
352	303	1556061017.0
352	661	1556061313.0
981	863	1556061464.0
803	321	1556066258.0
243	582	1556069029.0
1060	557	1556069126.0
1068	152	1556069982.0
690	31	1556070036.0
690	840	1556070798.0
102	71	1556071354.0
1044	176	1556074341.0
380	549	1556082265.0
20	267	1556083015.0
380	24	1556087541.0
343	736	1556090108.0
343	19	1556090509.0
940	864	1556107453.0
243	431	1556108747.0
923	439	1556110202.0
178	627	1556113242.0
655	526	1556120553.0
911	62	1556123447.0
1029	91	1556126225.0
751	71	1556126897.0
83	107	1556127128.0
1029	264	1556127330.0
792	337	1556131609.0
432	620	1556133306.0
996	425	1556137132.0
767	357	1556141312.0
122	447	1556142933.0
1077	498	1556144574.0
201	188	1556145343.0
200	176	1556146050.0
200	779	1556147103.0
981	173	1556147965.0
1077	212	1556150018.0
614	284	1556150130.0
310	575	1556150412.0
1077	668	1556150606.0
981	293	1556155679.0
861	357	1556157852.0
1071	840	1556159139.0
1078	136	1556162257.0
1029	44	1556163000.0
1078	772	1556163158.0
1078	783	1556163435.0
379	841	1556169565.0
379	651	1556170856.0
379	843	1556171945.0
993	69	1556180271.0
624	234	1556193266.0
65	99	1556201524.0
993	179	1556201557.0
65	264	1556203411.0
643	148	1556204870.0
993	5	1556206435.0
993	33	1556209382.0
993	217	1556211403.0
393	56	1556212398.0
1029	49	1556214965.0
393	129	1556214974.0
393	102	1556215208.0
397	370	1556218104.0
993	753	1556219016.0
993	808	1556219862.0
828	686	1556222657.0
828	38	1556222954.0
828	114	1556223923.0
1021	403	1556226552.0
1077	539	1556227154.0
379	88	1556231413.0
379	113	1556232554.0
915	132	1556240650.0
915	538	1556240916.0
133	783	1556243943.0
546	269	1556246430.0
393	742	1556247865.0
1063	157	1556250811.0
1029	117	1556252672.0
45	357	1556254650.0
339	755	1556283158.0
614	851	1556283744.0
1079	303	1556283838.0
339	560	1556285672.0
1008	840	1556288648.0
597	43	1556293752.0
597	222	1556294042.0
514	456	1556294186.0
514	360	1556294338.0
514	12	1556294522.0
514	26	1556295912.0
514	779	1556297866.0
40	408	1556298015.0
990	286	1556298332.0
685	710	1556299022.0
1044	420	1556300070.0
1035	606	1556302437.0
543	444	1556302727.0
440	275	1556303717.0
1080	447	1556303921.0
440	294	1556304072.0
440	847	1556304297.0
243	267	1556306051.0
907	847	1556307795.0
722	853	1556309039.0
268	770	1556314483.0
301	734	1556321606.0
993	479	1556324509.0
301	179	1556324587.0
417	836	1556326601.0
1019	285	1556327113.0
1064	589	1556327365.0
242	850	1556327408.0
1064	269	1556328181.0
981	624	1556334028.0
991	573	1556335789.0
203	621	1556336334.0
752	548	1556336811.0
203	599	1556338443.0
974	330	1556369640.0
758	28	1556373078.0
955	779	1556374384.0
274	585	1556378791.0
920	133	1556382945.0
398	256	1556382949.0
60	465	1556386486.0
432	861	1556388000.0
993	752	1556389019.0
993	658	1556391060.0
365	327	1556393929.0
479	204	1556394532.0
479	131	1556394941.0
689	840	1556398958.0
401	131	1556399127.0
758	60	1556400047.0
689	31	1556400130.0
916	667	1556402137.0
916	176	1556404066.0
1077	24	1556406409.0
1077	19	1556406656.0
1077	179	1556407214.0
263	252	1556409059.0
536	864	1556412758.0
674	595	1556416472.0
319	306	1556418831.0
609	75	1556419951.0
993	575	1556455805.0
690	341	1556457499.0
1062	2	1556457553.0
690	275	1556458397.0
1018	185	1556458406.0
945	245	1556459039.0
1018	65	1556461730.0
193	175	1556463027.0
1081	646	1556464266.0
1081	206	1556464325.0
1081	73	1556464448.0
1081	755	1556464547.0
1081	814	1556464806.0
1081	542	1556464924.0
1081	557	1556465186.0
1081	686	1556465385.0
1081	335	1556465782.0
1081	179	1556466057.0
690	53	1556466089.0
690	124	1556466307.0
1077	416	1556466960.0
230	561	1556467299.0
1060	541	1556468826.0
514	354	1556469794.0
387	26	1556469970.0
48	290	1556471341.0
564	455	1556471644.0
593	60	1556472471.0
593	179	1556472880.0
593	53	1556473104.0
593	159	1556473234.0
986	59	1556473297.0
593	61	1556473365.0
593	2	1556473506.0
60	783	1556473627.0
593	94	1556473885.0
761	601	1556474561.0
133	276	1556475820.0
761	555	1556475829.0
159	49	1556477261.0
194	150	1556477629.0
502	861	1556478183.0
846	864	1556479861.0
970	759	1556482433.0
970	183	1556483986.0
171	509	1556486978.0
797	616	1556487073.0
60	794	1556488517.0
196	332	1556489322.0
707	108	1556489950.0
707	502	1556490440.0
707	274	1556491052.0
707	167	1556492072.0
640	413	1556493116.0
1018	331	1556494222.0
1012	247	1556494307.0
707	275	1556496017.0
864	315	1556496049.0
1070	572	1556496664.0
344	114	1556496693.0
1076	541	1556496896.0
707	129	1556496973.0
1021	141	1556497075.0
1070	206	1556497371.0
1070	464	1556497640.0
393	2	1556507056.0
27	58	1556543937.0
458	865	1556546098.0
970	801	1556549717.0
970	341	1556549872.0
177	372	1556555010.0
46	327	1556560774.0
1029	122	1556560898.0
46	99	1556562425.0
39	385	1556570336.0
148	781	1556571732.0
148	839	1556572674.0
148	88	1556573094.0
148	143	1556573939.0
148	515	1556574284.0
252	7	1556574937.0
763	845	1556575240.0
763	20	1556576634.0
65	452	1556576743.0
1079	234	1556577543.0
955	797	1556577636.0
849	438	1556579154.0
873	858	1556581698.0
1062	828	1556582072.0
873	488	1556582160.0
1048	92	1556585287.0
802	370	1556586006.0
379	40	1556589436.0
168	136	1556590007.0
681	143	1556590694.0
681	703	1556590973.0
758	439	1556592962.0
415	806	1556598532.0
902	310	1556631874.0
902	79	1556632087.0
1077	206	1556632213.0
552	838	1556632650.0
65	584	1556635235.0
432	133	1556639483.0
316	500	1556640766.0
316	84	1556641395.0
964	283	1556654814.0
964	437	1556656320.0
964	108	1556657645.0
1037	88	1556658634.0
873	862	1556659698.0
340	619	1556661386.0
993	27	1556661739.0
1015	419	1556665814.0
1072	2	1556666865.0
962	84	1556672006.0
1029	30	1556673680.0
1037	244	1556676556.0
696	282	1556679888.0
816	95	1556686554.0
471	822	1556712287.0
997	667	1556718041.0
993	285	1556722122.0
928	544	1556723279.0
928	20	1556723470.0
764	184	1556724224.0
251	128	1556727898.0
794	827	1556728238.0
452	706	1556728475.0
432	620	1556731580.0
1059	347	1556733727.0
1029	361	1556735202.0
244	304	1556737939.0
432	231	1556740256.0
225	864	1556745430.0
225	171	1556745573.0
965	120	1556753292.0
1038	214	1556753314.0
1039	48	1556760998.0
184	544	1556761304.0
846	462	1556761349.0
1039	301	1556762171.0
1078	695	1556763270.0
1039	58	1556764110.0
95	310	1556766537.0
297	44	1556771619.0
203	624	1556774290.0
380	850	1556778508.0
939	821	1556791980.0
804	318	1556792765.0
325	110	1556795575.0
483	819	1556802962.0
1044	500	1556806540.0
661	43	1556809341.0
710	615	1556810224.0
111	723	1556810243.0
710	671	1556810523.0
710	572	1556810630.0
52	366	1556810924.0
264	466	1556811436.0
952	430	1556811664.0
1060	36	1556812042.0
382	94	1556812373.0
382	120	1556812842.0
66	827	1556817640.0
397	143	1556819058.0
529	826	1556820607.0
713	201	1556822152.0
1082	283	1556826339.0
240	850	1556826366.0
1082	306	1556826612.0
1082	739	1556829051.0
1082	96	1556829194.0
1082	180	1556829311.0
1082	724	1556829386.0
1083	846	1556831646.0
432	133	1556836696.0
1051	129	1556838636.0
105	822	1556840656.0
370	30	1556843269.0
105	861	1556843450.0
666	177	1556844770.0
133	177	1556844779.0
440	521	1556846137.0
1029	435	1556847550.0
815	846	1556851743.0
968	336	1556884158.0
27	437	1556884238.0
140	23	1556890306.0
140	345	1556890581.0
140	391	1556890831.0
140	445	1556891469.0
140	187	1556892188.0
140	160	1556893012.0
140	94	1556893767.0
140	735	1556893939.0
140	830	1556896175.0
661	254	1556900407.0
140	136	1556902178.0
240	865	1556905453.0
636	230	1556908218.0
360	99	1556910511.0
397	6	1556911707.0
939	773	1556912220.0
923	493	1556912327.0
145	741	1556912625.0
145	795	1556913491.0
145	345	1556914096.0
145	806	1556914936.0
751	861	1556914971.0
145	710	1556915417.0
145	67	1556915805.0
1018	27	1556921367.0
1018	65	1556921871.0
716	452	1556929216.0
301	187	1556930521.0
301	703	1556930640.0
301	356	1556930794.0
301	44	1556930989.0
902	160	1556939927.0
761	313	1556944182.0
312	296	1556944525.0
844	17	1556946474.0
844	9	1556947590.0
844	827	1556948385.0
387	368	1556969238.0
301	427	1556971741.0
301	284	1556972180.0
302	708	1556978051.0
240	445	1556981767.0
428	260	1556981907.0
479	179	1556983773.0
581	580	1556984322.0
448	327	1556989265.0
448	834	1556990533.0
1013	19	1556990820.0
18	24	1556995093.0
379	230	1556995172.0
1040	113	1556995194.0
183	63	1556996373.0
978	736	1556999704.0
978	350	1557000410.0
614	509	1557001335.0
970	744	1557006476.0
697	108	1557007543.0
432	729	1557008064.0
432	434	1557008360.0
86	274	1557009649.0
90	734	1557010579.0
70	235	1557011974.0
1071	534	1557019348.0
36	806	1557022566.0
685	810	1557027313.0
600	92	1557034516.0
52	840	1557049488.0
679	158	1557057998.0
679	350	1557058320.0
679	781	1557058728.0
428	369	1557058909.0
679	515	1557058964.0
1084	56	1557065280.0
1010	847	1557065327.0
955	489	1557065895.0
467	780	1557071814.0
1062	435	1557072169.0
467	141	1557072221.0
965	118	1557072564.0
965	708	1557072856.0
1085	708	1557075766.0
1085	651	1557075902.0
981	822	1557078139.0
1086	808	1557079548.0
1087	808	1557080376.0
784	835	1557081083.0
864	598	1557081568.0
777	753	1557085616.0
777	102	1557085777.0
1068	783	1557086367.0
1087	43	1557087979.0
1032	18	1557088300.0
1032	436	1557088398.0
1032	536	1557088526.0
1032	696	1557088641.0
707	276	1557089513.0
1086	43	1557090694.0
75	39	1557090837.0
535	191	1557090888.0
1032	21	1557091400.0
873	560	1557091859.0
432	83	1557092939.0
869	282	1557093238.0
1072	16	1557093989.0
837	210	1557095749.0
1086	386	1557098151.0
947	2	1557098518.0
974	713	1557098527.0
947	545	1557098723.0
1069	476	1557100140.0
1087	386	1557101909.0
837	598	1557102559.0
525	43	1557102630.0
261	306	1557102967.0
302	12	1557103477.0
380	71	1557104569.0
1087	177	1557104837.0
212	211	1557109813.0
212	35	1557110043.0
775	792	1557116591.0
261	848	1557146460.0
920	24	1557148810.0
1062	850	1557150566.0
964	95	1557154320.0
483	553	1557160600.0
215	322	1557166273.0
1029	641	1557166509.0
797	410	1557171120.0
268	346	1557172101.0
1088	521	1557174221.0
39	333	1557174298.0
39	861	1557176044.0
419	99	1557176197.0
419	637	1557176292.0
1089	802	1557177124.0
509	827	1557177268.0
1087	131	1557179353.0
926	97	1557180940.0
1086	453	1557185363.0
885	504	1557186495.0
1076	36	1557189059.0
985	99	1557189119.0
1013	350	1557190017.0
456	272	1557190295.0
1023	23	1557191439.0
1023	63	1557192609.0
1071	272	1557192784.0
1023	615	1557194487.0
1025	206	1557197797.0
934	362	1557198519.0
902	337	1557199262.0
133	240	1557203249.0
561	835	1557229720.0
890	848	1557231662.0
722	861	1557233968.0
1069	44	1557243257.0
1069	229	1557243380.0
1069	177	1557245275.0
1069	24	1557245443.0
1069	131	1557245508.0
1069	378	1557245619.0
351	396	1557247841.0
379	865	1557249771.0
700	367	1557250604.0
592	827	1557251840.0
592	522	1557252007.0
651	335	1557253169.0
651	827	1557253765.0
310	270	1557254578.0
993	331	1557256010.0
993	236	1557256847.0
993	198	1557257279.0
592	236	1557257436.0
1039	446	1557258076.0
968	114	1557259772.0
993	572	1557260060.0
203	426	1557264113.0
471	383	1557264490.0
363	275	1557265773.0
203	143	1557267391.0
654	861	1557267467.0
40	265	1557268462.0
299	770	1557269065.0
40	755	1557269102.0
750	848	1557269679.0
379	101	1557270096.0
752	123	1557274000.0
752	12	1557274324.0
752	57	1557274567.0
1018	160	1557276094.0
565	46	1557277248.0
184	537	1557277547.0
184	131	1557278324.0
1056	179	1557278948.0
1056	659	1557279300.0
1056	531	1557279482.0
1056	230	1557279628.0
1056	67	1557280169.0
1056	177	1557280314.0
1056	38	1557280653.0
1056	520	1557281097.0
1056	637	1557281280.0
1056	486	1557281513.0
1056	240	1557281699.0
1056	419	1557281797.0
146	160	1557281918.0
247	863	1557283867.0
247	63	1557284254.0
881	38	1557286052.0
479	266	1557286719.0
1051	88	1557287574.0
905	794	1557288050.0
326	98	1557308762.0
181	138	1557319763.0
181	194	1557320157.0
83	863	1557320769.0
1090	544	1557320827.0
1090	369	1557321122.0
1090	237	1557321466.0
1090	161	1557321619.0
1090	57	1557321873.0
1090	186	1557322571.0
1090	380	1557322784.0
749	122	1557323616.0
1018	85	1557324163.0
417	343	1557324858.0
592	176	1557327304.0
1038	43	1557330835.0
181	659	1557331921.0
1091	31	1557338914.0
1091	125	1557339417.0
1091	2	1557343806.0
1091	237	1557345013.0
162	118	1557345116.0
39	840	1557345526.0
921	320	1557346273.0
1091	583	1557347027.0
733	855	1557348237.0
1090	201	1557351156.0
1091	327	1557352000.0
1091	650	1557352581.0
782	505	1557352588.0
782	112	1557352890.0
1091	246	1557353285.0
14	0	1557354952.0
23	212	1557355590.0
1056	43	1557356003.0
1056	758	1557356499.0
1072	855	1557357746.0
1072	120	1557358627.0
190	541	1557358746.0
537	639	1557359920.0
14	511	1557360102.0
1092	32	1557361984.0
1092	689	1557362106.0
1092	752	1557362453.0
799	359	1557363687.0
993	323	1557364799.0
1028	347	1557366660.0
903	288	1557368017.0
17	59	1557368406.0
654	436	1557374332.0
790	31	1557392973.0
852	120	1557401123.0
1060	53	1557406250.0
453	731	1557411426.0
453	845	1557412704.0
1090	20	1557413110.0
991	531	1557413651.0
1091	747	1557415069.0
453	489	1557418466.0
453	179	1557418533.0
453	57	1557418621.0
1091	489	1557419446.0
614	703	1557419662.0
397	766	1557420091.0
453	130	1557421315.0
349	111	1557421849.0
707	475	1557426847.0
1063	71	1557427053.0
964	617	1557427926.0
707	130	1557428414.0
947	668	1557428565.0
947	646	1557428830.0
1090	668	1557429641.0
947	487	1557430260.0
947	490	1557430643.0
196	864	1557433288.0
1063	348	1557433950.0
947	211	1557434033.0
844	30	1557439709.0
1093	268	1557440281.0
252	385	1557441534.0
920	416	1557443562.0
240	356	1557444342.0
1094	861	1557444348.0
920	245	1557448010.0
1019	39	1557448677.0
1023	88	1557452221.0
641	331	1557452381.0
1023	594	1557455302.0
830	645	1557461032.0
1033	862	1557485697.0
911	321	1557486581.0
276	774	1557489312.0
312	99	1557491017.0
902	456	1557494518.0
1091	91	1557500909.0
764	325	1557501500.0
764	44	1557504615.0
752	139	1557507831.0
626	310	1557508356.0
1092	527	1557510032.0
1092	686	1557510188.0
251	703	1557515744.0
215	668	1557517382.0
563	384	1557517598.0
438	41	1557519000.0
1092	498	1557520647.0
178	659	1557526965.0
1086	788	1557527496.0
993	65	1557528235.0
1056	120	1557528559.0
1027	256	1557528717.0
52	456	1557531137.0
911	66	1557531514.0
911	48	1557532157.0
691	141	1557532182.0
389	260	1557536286.0
691	371	1557539699.0
556	86	1557543154.0
627	350	1557544842.0
1087	661	1557545423.0
947	272	1557545676.0
1086	84	1557546242.0
415	741	1557582009.0
415	124	1557582540.0
1021	471	1557582708.0
415	512	1557582884.0
1021	613	1557582946.0
764	827	1557585060.0
1086	837	1557586506.0
288	740	1557587290.0
419	708	1557588359.0
1062	114	1557588541.0
1063	639	1557589698.0
993	818	1557591525.0
1013	708	1557594231.0
569	26	1557595320.0
252	184	1557595892.0
432	518	1557599589.0
1013	436	1557600366.0
479	163	1557601383.0
178	120	1557611401.0
340	794	1557611521.0
340	797	1557611878.0
44	805	1557613721.0
540	533	1557615709.0
1095	554	1557617216.0
111	185	1557623819.0
563	6	1557624049.0
1041	76	1557626815.0
594	128	1557628401.0
1089	393	1557634840.0
1078	843	1557635124.0
790	789	1557657772.0
36	56	1557661863.0
36	226	1557662338.0
1096	206	1557663112.0
614	464	1557667642.0
918	703	1557667872.0
918	513	1557669705.0
184	360	1557672692.0
1067	865	1557676809.0
1067	317	1557677651.0
173	251	1557681709.0
902	697	1557682417.0
794	239	1557684623.0
885	275	1557685804.0
885	803	1557686826.0
885	58	1557688867.0
432	174	1557691373.0
696	215	1557692660.0
965	257	1557695677.0
820	835	1557695682.0
820	157	1557695841.0
965	385	1557696411.0
181	783	1557698958.0
929	220	1557700070.0
212	263	1557700461.0
771	84	1557700500.0
1048	147	1557703996.0
393	346	1557704241.0
393	348	1557704522.0
1016	828	1557705654.0
223	850	1557707147.0
1042	50	1557709392.0
1062	120	1557709586.0
1062	708	1557709847.0
1012	669	1557711078.0
1097	677	1557712765.0
1097	565	1557713114.0
1097	134	1557714787.0
1072	257	1557718116.0
259	559	1557726203.0
1098	26	1557728311.0
1098	464	1557728536.0
1098	206	1557729882.0
1098	485	1557731268.0
1098	689	1557731474.0
790	157	1557733801.0
1018	354	1557752557.0
171	392	1557753298.0
1044	834	1557754597.0
1044	703	1557755596.0
1078	373	1557759556.0
727	605	1557762075.0
240	788	1557763583.0
617	56	1557766004.0
828	251	1557769362.0
983	864	1557770127.0
707	494	1557770479.0
993	534	1557770566.0
1078	44	1557770911.0
707	802	1557771761.0
225	71	1557779342.0
887	205	1557782494.0
986	480	1557784185.0
912	114	1557786185.0
912	214	1557786982.0
398	691	1557794012.0
182	583	1557796260.0
767	383	1557797416.0
792	277	1557797571.0
118	489	1557799901.0
794	241	1557802489.0
410	346	1557802782.0
410	84	1557803177.0
958	160	1557838763.0
958	383	1557838884.0
1099	134	1557840418.0
788	505	1557844285.0
1100	20	1557844924.0
1100	544	1557846378.0
794	410	1557846432.0
525	44	1557846497.0
1100	77	1557847213.0
559	441	1557847533.0
525	83	1557847547.0
1100	235	1557847735.0
1100	487	1557847856.0
1100	464	1557848029.0
1100	281	1557848572.0
958	340	1557849030.0
1100	21	1557849349.0
306	65	1557849489.0
559	827	1557850747.0
1063	615	1557854851.0
1100	172	1557855612.0
526	805	1557859920.0
713	159	1557862781.0
960	592	1557864935.0
960	290	1557865213.0
960	565	1557865545.0
960	72	1557865618.0
960	20	1557865670.0
1062	511	1557866732.0
1072	199	1557871256.0
651	827	1557872746.0
379	801	1557874069.0
947	289	1557874271.0
947	69	1557874728.0
1044	860	1557877399.0
885	367	1557880205.0
52	827	1557881165.0
885	79	1557881427.0
635	99	1557883276.0
635	818	1557883880.0
1056	418	1557885105.0
607	461	1557887553.0
607	289	1557889575.0
654	58	1557891717.0
1051	790	1557896273.0
983	735	1557899515.0
983	864	1557899700.0
1046	799	1557923373.0
432	133	1557924153.0
1101	756	1557927595.0
1091	386	1557928403.0
1091	289	1557929884.0
1016	349	1557929993.0
146	311	1557930074.0
1033	819	1557930084.0
317	51	1557930865.0
405	850	1557931878.0
751	258	1557933405.0
264	813	1557934313.0
751	27	1557934436.0
243	65	1557935514.0
453	176	1557936978.0
453	40	1557937033.0
453	46	1557937232.0
881	489	1557937776.0
395	82	1557938286.0
1033	88	1557939386.0
902	864	1557939814.0
1100	131	1557946131.0
1100	31	1557946632.0
39	862	1557947510.0
1100	10	1557948109.0
1091	248	1557950849.0
295	338	1557951679.0
1091	478	1557951913.0
1091	337	1557952615.0
1089	222	1557956913.0
1096	355	1557960541.0
1096	440	1557961615.0
797	816	1557961916.0
1096	20	1557964164.0
1087	135	1557964374.0
1086	135	1557964712.0
861	193	1557966581.0
93	256	1557972941.0
93	283	1557973462.0
93	695	1557973791.0
93	676	1557974165.0
93	81	1557974314.0
878	5	1557974705.0
93	720	1557974901.0
878	784	1557976316.0
1080	660	1557977582.0
871	489	1557981910.0
880	425	1557985402.0
138	861	1557997188.0
193	556	1558003866.0
432	133	1558011843.0
713	835	1558017382.0
1096	45	1558021658.0
178	846	1558022673.0
397	200	1558023289.0
1085	566	1558025138.0
683	403	1558025343.0
959	769	1558029248.0
707	503	1558030831.0
958	559	1558032819.0
1102	84	1558038975.0
1102	98	1558039175.0
1096	46	1558044838.0
1096	209	1558045818.0
118	860	1558045920.0
638	848	1558047442.0
638	18	1558047697.0
468	826	1558050467.0
935	738	1558059531.0
981	681	1558059615.0
981	509	1558061285.0
746	840	1558062693.0
746	822	1558063452.0
881	860	1558063475.0
746	803	1558065217.0
82	203	1558092001.0
130	859	1558095627.0
885	730	1558102048.0
885	368	1558102594.0
209	284	1558102816.0
290	781	1558104076.0
661	106	1558109093.0
481	179	1558112717.0
699	560	1558115284.0
552	809	1558115396.0
96	466	1558117961.0
1064	207	1558122312.0
1096	50	1558122459.0
1064	85	1558122944.0
1064	164	1558123437.0
1064	282	1558123611.0
1096	498	1558131812.0
361	560	1558134110.0
1096	654	1558134425.0
773	419	1558137956.0
773	197	1558138137.0
504	835	1558139456.0
1087	850	1558139696.0
1087	817	1558140511.0
511	290	1558141166.0
758	101	1558144574.0
1023	32	1558147738.0
133	272	1558151212.0
1068	207	1558155369.0
110	805	1558165145.0
638	422	1558178422.0
1100	254	1558182257.0
1100	605	1558182561.0
1101	741	1558183729.0
453	206	1558187375.0
298	182	1558188397.0
1101	354	1558190963.0
29	632	1558196430.0
178	833	1558196931.0
947	284	1558197689.0
947	800	1558197933.0
239	5	1558199249.0
1094	94	1558199566.0
1097	790	1558199965.0
1097	209	1558200345.0
530	815	1558202024.0
530	10	1558203747.0
306	180	1558208160.0
306	473	1558208289.0
606	489	1558209012.0
983	150	1558211456.0
432	631	1558217815.0
90	36	1558218023.0
432	800	1558220055.0
432	356	1558221818.0
758	245	1558223118.0
226	125	1558227018.0
226	57	1558228358.0
896	160	1558228756.0
229	288	1558229017.0
60	791	1558229766.0
885	734	1558229870.0
1103	754	1558240264.0
1103	103	1558241510.0
1103	1	1558242188.0
1103	647	1558242761.0
1103	783	1558243372.0
1103	77	1558244392.0
1103	730	1558244875.0
1103	51	1558245215.0
1103	235	1558245907.0
1103	399	1558246669.0
1103	480	1558248452.0
1098	232	1558249215.0
491	32	1558265364.0
983	781	1558268236.0
624	833	1558272674.0
1035	31	1558274589.0
1025	585	1558274947.0
1100	328	1558276280.0
252	311	1558287122.0
252	44	1558288286.0
807	442	1558289286.0
952	738	1558294128.0
1033	282	1558294318.0
133	141	1558294994.0
1094	267	1558298091.0
1051	323	1558300605.0
479	433	1558301443.0
643	221	1558302223.0
643	282	1558303099.0
413	396	1558303320.0
385	114	1558306785.0
952	202	1558309561.0
892	610	1558314068.0
1104	490	1558316319.0
1104	247	1558316604.0
1104	186	1558316963.0
1104	498	1558317209.0
42	779	1558321034.0
690	613	1558321706.0
167	349	1558325095.0
167	800	1558326605.0
952	862	1558327068.0
53	860	1558347165.0
859	263	1558349256.0
772	136	1558358139.0
1033	864	1558358271.0
182	227	1558358651.0
596	348	1558372550.0
880	131	1558375560.0
758	31	1558376293.0
793	339	1558376808.0
252	479	1558379443.0
1059	99	1558381643.0
1025	866	1558383438.0
207	800	1558384492.0
996	417	1558385225.0
1099	131	1558387932.0
7	135	1558392546.0
60	775	1558393451.0
216	741	1558397296.0
339	58	1558401458.0
339	108	1558401584.0
564	65	1558403050.0
564	0	1558403469.0
564	442	1558405201.0
1104	391	1558407588.0
60	798	1558409401.0
844	334	1558411131.0
1105	560	1558411934.0
1105	379	1558412256.0
1105	337	1558412632.0
1105	580	1558413591.0
1025	834	1558415754.0
983	102	1558416204.0
983	78	1558416427.0
983	544	1558416689.0
983	285	1558416813.0
246	61	1558447108.0
1106	157	1558449440.0
40	818	1558449986.0
1106	549	1558450670.0
1106	193	1558451126.0
1106	51	1558452457.0
1106	341	1558453085.0
1106	803	1558453454.0
12	186	1558457734.0
921	64	1558459979.0
252	602	1558460177.0
921	42	1558460450.0
772	275	1558460707.0
1099	251	1558461405.0
411	501	1558461933.0
340	41	1558462091.0
530	848	1558462869.0
1106	179	1558463693.0
1106	840	1558464048.0
12	339	1558465906.0
12	506	1558466139.0
133	31	1558467441.0
1091	417	1558470252.0
310	362	1558474536.0
794	36	1558476243.0
64	14	1558478271.0
111	806	1558479068.0
1093	235	1558481012.0
413	846	1558484871.0
275	563	1558485506.0
77	299	1558486304.0
482	377	1558490049.0
799	58	1558490958.0
839	434	1558495251.0
839	162	1558495668.0
839	305	1558495862.0
839	551	1558496561.0
790	65	1558506819.0
491	127	1558523604.0
913	89	1558524926.0
913	443	1558525086.0
181	386	1558527755.0
181	89	1558528021.0
1106	20	1558529066.0
286	129	1558530903.0
707	84	1558532875.0
40	231	1558533529.0
423	564	1558536773.0
997	249	1558537857.0
19	561	1558540299.0
193	579	1558541376.0
954	741	1558544769.0
749	510	1558546909.0
185	849	1558548324.0
880	835	1558548642.0
502	840	1558550045.0
852	674	1558551524.0
852	349	1558551635.0
812	866	1558552453.0
680	489	1558554317.0
90	282	1558555738.0
417	286	1558557706.0
993	97	1558558290.0
114	2	1558558902.0
293	864	1558559210.0
1066	544	1558559833.0
66	587	1558560745.0
481	153	1558560826.0
405	822	1558567249.0
405	385	1558567328.0
404	815	1558569014.0
276	370	1558569213.0
404	691	1558569287.0
404	615	1558569767.0
1009	205	1558569994.0
340	389	1558571193.0
146	512	1558574955.0
429	828	1558575431.0
802	855	1558577910.0
523	355	1558586927.0
859	760	1558608330.0
690	159	1558618739.0
930	237	1558618884.0
997	32	1558619433.0
881	703	1558620707.0
95	521	1558630216.0
991	224	1558632767.0
1088	774	1558633255.0
1088	127	1558634925.0
1044	819	1558636217.0
1088	590	1558636486.0
243	826	1558636707.0
29	61	1558637327.0
993	442	1558637604.0
846	864	1558641022.0
1088	83	1558653176.0
1088	487	1558653489.0
1088	507	1558653954.0
432	133	1558653957.0
1088	216	1558654683.0
1088	598	1558654884.0
1088	26	1558655318.0
1088	21	1558655680.0
1088	464	1558656180.0
189	369	1558659112.0
1066	781	1558660188.0
60	246	1558661778.0
71	859	1558662635.0
631	249	1558665588.0
930	242	1558665873.0
930	20	1558665981.0
126	139	1558669137.0
110	151	1558670682.0
1088	147	1558671420.0
1088	178	1558671692.0
307	355	1558700263.0
267	762	1558700662.0
1059	867	1558702393.0
950	751	1558715023.0
947	267	1558715867.0
947	494	1558716367.0
947	489	1558717505.0
947	755	1558717849.0
947	699	1558718739.0
947	504	1558719222.0
471	99	1558726750.0
47	864	1558727140.0
1052	84	1558730325.0
1107	703	1558732500.0
1107	618	1558732673.0
1107	323	1558732768.0
643	30	1558738367.0
759	285	1558741087.0
990	868	1558742663.0
1084	864	1558743550.0
136	33	1558744083.0
1088	629	1558746368.0
237	116	1558746552.0
237	224	1558746780.0
916	852	1558749758.0
688	329	1558749900.0
916	378	1558751596.0
203	862	1558757657.0
946	391	1558764952.0
946	101	1558765259.0
651	216	1558768480.0
790	84	1558785952.0
1084	110	1558788995.0
942	577	1558789557.0
942	261	1558790064.0
341	101	1558791979.0
23	588	1558792487.0
1097	5	1558796022.0
799	178	1558796164.0
5	189	1558801197.0
266	696	1558803380.0
698	273	1558803384.0
266	490	1558803589.0
684	33	1558803975.0
684	747	1558804343.0
266	163	1558804532.0
111	354	1558805195.0
859	646	1558805316.0
407	19	1558805381.0
684	423	1558805464.0
1010	339	1558805585.0
111	275	1558805672.0
1010	340	1558805706.0
1010	696	1558805817.0
1010	270	1558805915.0
684	61	1558806028.0
432	166	1558807730.0
70	670	1558815770.0
1101	212	1558821654.0
740	745	1558823159.0
740	848	1558824187.0
740	64	1558824454.0
1095	453	1558825551.0
252	391	1558827338.0
407	315	1558828168.0
209	489	1558833039.0
697	749	1558837633.0
697	857	1558837869.0
935	567	1558839770.0
927	460	1558842176.0
592	831	1558872767.0
955	414	1558878699.0
365	61	1558878845.0
771	43	1558878962.0
944	827	1558883168.0
944	41	1558883416.0
944	26	1558883485.0
1062	383	1558883996.0
947	50	1558888890.0
1017	449	1558891752.0
1017	489	1558893596.0
631	18	1558895188.0
110	793	1558895854.0
291	596	1558898116.0
1005	186	1558899630.0
291	2	1558899766.0
291	557	1558900455.0
1097	23	1558905092.0
252	60	1558905128.0
1087	91	1558905325.0
606	327	1558909575.0
572	545	1558909779.0
771	32	1558909954.0
914	326	1558910410.0
914	303	1558910611.0
914	47	1558911359.0
914	436	1558911930.0
914	463	1558912033.0
774	177	1558912207.0
322	163	1558914213.0
1023	7	1558919257.0
1023	651	1558919878.0
1108	321	1558920698.0
532	304	1558921208.0
1023	577	1558921345.0
407	620	1558924028.0
799	400	1558924169.0
407	226	1558924663.0
689	468	1558926023.0
576	130	1558937180.0
1098	108	1558938661.0
1098	41	1558938900.0
1098	169	1558939151.0
1098	32	1558939570.0
1076	131	1558965567.0
1101	695	1558967560.0
1059	825	1558968713.0
852	780	1558969623.0
1077	48	1558969826.0
1077	160	1558970174.0
437	869	1558971055.0
437	482	1558971370.0
947	44	1558974733.0
947	108	1558975365.0
250	59	1558977026.0
947	801	1558978011.0
178	815	1558978141.0
365	39	1558979787.0
495	294	1558979955.0
95	445	1558980024.0
495	226	1558980396.0
952	755	1558982259.0
844	104	1558983259.0
952	562	1558983902.0
365	305	1558984932.0
1109	436	1558986314.0
530	99	1558987140.0
530	486	1558988035.0
32	819	1558992681.0
1093	414	1558997276.0
652	851	1559000938.0
226	862	1559002237.0
1106	458	1559003003.0
1106	659	1559003203.0
1106	50	1559003470.0
1106	254	1559003624.0
1106	443	1559004402.0
1106	391	1559004687.0
1106	29	1559004825.0
1106	693	1559005097.0
472	50	1559005218.0
178	226	1559008867.0
1088	684	1559010558.0
472	196	1559010699.0
472	651	1559010958.0
1017	846	1559011105.0
472	47	1559011188.0
203	661	1559015174.0
1068	50	1559016789.0
1068	45	1559020608.0
1098	364	1559036396.0
1098	410	1559036547.0
1098	560	1559036706.0
68	267	1559037133.0
1098	446	1559037181.0
1101	76	1559042479.0
942	196	1559043812.0
942	456	1559049116.0
485	177	1559051546.0
915	802	1559053206.0
594	244	1559058934.0
626	783	1559060253.0
938	695	1559062515.0
750	804	1559066035.0
1110	464	1559066308.0
713	625	1559068252.0
114	870	1559074768.0
1056	802	1559077814.0
807	544	1559077902.0
1111	367	1559079686.0
1111	20	1559080008.0
284	33	1559082284.0
19	842	1559084325.0
322	31	1559087978.0
1105	9	1559088926.0
719	182	1559089153.0
719	422	1559089262.0
1105	625	1559089650.0
996	673	1559090419.0
535	81	1559090525.0
1105	671	1559091015.0
419	767	1559091386.0
1006	229	1559091481.0
719	559	1559091879.0
1074	367	1559091884.0
1074	301	1559092006.0
1105	840	1559093765.0
1105	451	1559094534.0
1107	743	1559125045.0
77	99	1559134575.0
1052	769	1559134832.0
396	871	1559138680.0
700	175	1559150600.0
252	458	1559154714.0
512	275	1559155923.0
964	152	1559159026.0
170	412	1559159072.0
167	1	1559163445.0
905	359	1559166233.0
1112	391	1559169541.0
483	735	1559171084.0
1097	34	1559174805.0
594	64	1559174819.0
1104	321	1559177070.0
900	162	1559180558.0
571	864	1559181047.0
60	695	1559184128.0
382	825	1559184598.0
382	806	1559185125.0
643	819	1559185830.0
1045	287	1559188796.0
370	449	1559211310.0
68	31	1559211806.0
68	251	1559212135.0
68	806	1559213462.0
1107	811	1559213765.0
56	872	1559217314.0
1107	610	1559219104.0
902	486	1559221043.0
740	58	1559223979.0
1107	746	1559225585.0
326	89	1559227000.0
637	10	1559227629.0
740	537	1559229054.0
1003	94	1559232946.0
653	873	1559234528.0
740	400	1559234607.0
251	512	1559235833.0
1087	707	1559235933.0
947	281	1559238269.0
1091	738	1559239350.0
1104	247	1559240197.0
1107	637	1559243650.0
1091	394	1559244516.0
719	266	1559247625.0
1091	322	1559247915.0
1087	350	1559249273.0
1091	272	1559249629.0
274	20	1559250441.0
1112	659	1559251948.0
655	4	1559252663.0
983	663	1559254691.0
651	2	1559256150.0
740	99	1559261696.0
573	328	1559261770.0
370	152	1559263359.0
419	45	1559263998.0
419	448	1559264508.0
740	20	1559264545.0
740	188	1559265115.0
552	134	1559268612.0
359	847	1559270356.0
815	860	1559271453.0
902	56	1559273831.0
1025	29	1559291553.0
1107	617	1559295840.0
1091	175	1559306122.0
1091	743	1559306661.0
1091	88	1559307484.0
1009	259	1559307993.0
1110	381	1559312382.0
1037	328	1559316841.0
1113	177	1559318517.0
836	35	1559318557.0
1113	275	1559318620.0
1113	489	1559318678.0
1113	179	1559318753.0
1113	57	1559318826.0
1113	379	1559318940.0
1113	20	1559319044.0
1113	23	1559319232.0
1113	251	1559319327.0
1113	287	1559319437.0
1113	160	1559319503.0
1113	331	1559319610.0
1113	153	1559319692.0
1113	479	1559319786.0
1113	33	1559319986.0
1113	264	1559320160.0
1113	53	1559320431.0
1113	317	1559320483.0
1113	272	1559320570.0
1113	783	1559320629.0
1113	135	1559320726.0
1113	378	1559320767.0
1113	240	1559321065.0
1026	71	1559323376.0
1026	274	1559323706.0
991	218	1559324188.0
947	30	1559326947.0
1084	4	1559329802.0
684	137	1559332709.0
947	24	1559335065.0
947	201	1559335695.0
947	541	1559336160.0
338	426	1559336542.0
947	518	1559336881.0
1006	774	1559337137.0
365	870	1559339227.0
892	47	1559341916.0
1003	316	1559342349.0
1070	175	1559345589.0
1026	249	1559350274.0
3	264	1559350617.0
631	128	1559351023.0
1026	605	1559351948.0
1006	344	1559354317.0
100	65	1559355155.0
291	616	1559358008.0
573	256	1559360537.0
1098	568	1559370179.0
1098	131	1559371207.0
796	20	1559372965.0
404	451	1559390015.0
404	487	1559390376.0
685	837	1559396051.0
404	324	1559400795.0
525	5	1559400950.0
1018	404	1559400970.0
404	390	1559400984.0
404	437	1559401379.0
594	871	1559401671.0
1042	786	1559401991.0
96	764	1559403423.0
1070	747	1559405289.0
1070	557	1559405573.0
1097	228	1559406300.0
1087	282	1559406357.0
600	805	1559407902.0
799	390	1559408331.0
1083	108	1559409098.0
844	260	1559420721.0
432	620	1559424898.0
432	733	1559425140.0
432	248	1559425837.0
688	675	1559427090.0
759	30	1559427439.0
340	71	1559430266.0
1114	392	1559430419.0
1107	831	1559430614.0
1107	818	1559430883.0
432	468	1559433164.0
1107	274	1559434630.0
202	860	1559434894.0
688	331	1559436042.0
712	818	1559437504.0
844	97	1559440329.0
261	242	1559442386.0
212	260	1559445363.0
655	738	1559445632.0
983	561	1559453365.0
983	782	1559453652.0
1068	193	1559453758.0
365	50	1559458943.0
954	864	1559478383.0
954	512	1559480262.0
160	863	1559480402.0
990	2	1559481891.0
1115	43	1559483243.0
404	362	1559485430.0
155	184	1559486807.0
562	91	1559488935.0
758	795	1559488976.0
1037	199	1559489253.0
303	370	1559493969.0
310	549	1559494987.0
310	857	1559495432.0
310	781	1559496543.0
1033	786	1559499673.0
503	114	1559500389.0
503	809	1559500691.0
401	378	1559503902.0
401	236	1559504162.0
401	783	1559504285.0
194	282	1559505365.0
281	275	1559518057.0
1072	132	1559519595.0
224	870	1559520940.0
983	489	1559520988.0
123	251	1559523540.0
851	38	1559524412.0
1046	309	1559524487.0
341	590	1559538275.0
341	390	1559539262.0
341	684	1559539837.0
1008	125	1559561144.0
859	21	1559562102.0
60	754	1559563488.0
251	39	1559568716.0
175	860	1559569861.0
284	338	1559571254.0
522	268	1559575980.0
522	17	1559576296.0
483	869	1559576374.0
353	66	1559577558.0
1012	828	1559577600.0
164	131	1559578239.0
472	251	1559579687.0
39	82	1559580640.0
522	311	1559585565.0
522	701	1559585792.0
680	65	1559586304.0
522	228	1559591497.0
772	41	1559591854.0
522	49	1559592857.0
434	80	1559594786.0
268	696	1559596533.0
1104	184	1559602620.0
1104	48	1559603324.0
1104	827	1559603718.0
1104	132	1559604057.0
1104	273	1559604492.0
626	866	1559606678.0
940	309	1559607651.0
122	835	1559608639.0
1112	130	1559610038.0
90	215	1559612133.0
1116	493	1559613061.0
1114	147	1559613487.0
60	506	1559614253.0
875	85	1559615612.0
808	161	1559617521.0
952	208	1559619843.0
952	309	1559623831.0
699	264	1559654762.0
1107	848	1559656124.0
1087	367	1559658229.0
251	99	1559659836.0
964	164	1559664231.0
921	341	1559665726.0
859	162	1559666569.0
275	71	1559667376.0
165	64	1559673358.0
21	39	1559680487.0
391	19	1559681530.0
391	612	1559681960.0
752	286	1559687141.0
983	855	1559687731.0
983	179	1559688187.0
281	429	1559692271.0
175	856	1559695876.0
57	29	1559696873.0
710	436	1559697750.0
710	410	1559698076.0
1056	235	1559698281.0
379	377	1559698875.0
272	767	1559702289.0
1112	378	1559704633.0
1016	871	1559704819.0
805	287	1559705937.0
805	143	1559706078.0
805	804	1559706138.0
805	242	1559706234.0
1104	183	1559715257.0
252	568	1559716659.0
352	226	1559723797.0
730	457	1559743293.0
181	856	1559747916.0
271	810	1559749113.0
1044	128	1559749658.0
440	676	1559750858.0
340	443	1559752533.0
391	99	1559753598.0
961	31	1559753780.0
472	85	1559757782.0
676	843	1559757786.0
391	537	1559759458.0
812	856	1559763069.0
784	266	1559769587.0
453	603	1559772187.0
1116	308	1559782029.0
929	817	1559782185.0
844	331	1559782766.0
716	856	1559786704.0
892	242	1559794202.0
913	84	1559826405.0
634	239	1559828371.0
181	113	1559831973.0
892	18	1559832270.0
1112	864	1559833270.0
79	99	1559833906.0
989	749	1559834312.0
19	756	1559835129.0
164	813	1559835558.0
1106	282	1559840613.0
1037	616	1559841115.0
386	289	1559848568.0
1087	346	1559849520.0
363	856	1559850430.0
1072	32	1559851785.0
766	131	1559852222.0
766	808	1559852243.0
1059	274	1559857306.0
818	559	1559871916.0
818	203	1559872824.0
550	868	1559875249.0
290	305	1559875419.0
290	556	1559875972.0
1009	826	1559888980.0
685	182	1559915198.0
1038	272	1559916247.0
85	434	1559920754.0
503	394	1559924831.0
322	460	1559927027.0
340	710	1559929196.0
479	370	1559932745.0
155	845	1559936191.0
1116	498	1559936789.0
797	864	1559937705.0
351	760	1559938835.0
1116	247	1559939753.0
993	466	1559942636.0
877	470	1559944189.0
877	41	1559944451.0
877	23	1559944617.0
792	764	1559945848.0
530	34	1559946857.0
641	783	1559947068.0
1040	827	1559947262.0
633	350	1559948115.0
1116	186	1559949456.0
631	648	1559951605.0
714	256	1559954559.0
910	604	1559958847.0
658	453	1559961542.0
981	845	1559963910.0
983	92	1559964676.0
230	754	1559965254.0
252	671	1559967708.0
252	704	1559968189.0
790	312	1559994820.0
1019	95	1559995094.0
18	74	1559996156.0
24	74	1559996404.0
154	723	1559997330.0
533	43	1560000754.0
1117	267	1560003551.0
528	757	1560005698.0
1117	504	1560007019.0
920	19	1560010122.0
1116	425	1560010292.0
1070	417	1560010928.0
51	840	1560019170.0
961	520	1560019305.0
310	179	1560022413.0
910	102	1560026211.0
401	835	1560027063.0
1040	829	1560027140.0
818	36	1560032808.0
818	739	1560033112.0
1116	321	1560033615.0
818	7	1560034499.0
70	150	1560038204.0
813	546	1560045848.0
480	407	1560047579.0
528	444	1560047715.0
1105	461	1560051502.0
1105	752	1560052036.0
1105	410	1560053636.0
1114	728	1560081783.0
1114	549	1560082055.0
1095	855	1560083221.0
487	275	1560085427.0
1009	486	1560087230.0
232	610	1560088635.0
967	764	1560093103.0
860	4	1560094226.0
23	163	1560094585.0
23	317	1560094712.0
313	200	1560094823.0
313	99	1560095090.0
1007	614	1560095137.0
1007	97	1560095193.0
1007	33	1560095277.0
1007	810	1560095365.0
1007	455	1560095586.0
1007	479	1560096193.0
967	177	1560096636.0
967	748	1560097785.0
774	49	1560098320.0
967	381	1560098715.0
315	31	1560103088.0
335	7	1560104009.0
967	114	1560106145.0
934	275	1560107579.0
102	633	1560108521.0
945	231	1560112322.0
945	275	1560113235.0
20	351	1560115235.0
349	249	1560117888.0
572	368	1560117911.0
349	560	1560118224.0
349	201	1560120728.0
533	105	1560121956.0
533	349	1560122327.0
533	336	1560123072.0
740	368	1560123115.0
60	793	1560123125.0
533	479	1560123412.0
533	417	1560124053.0
1009	248	1560126719.0
533	351	1560127416.0
102	36	1560127440.0
1112	651	1560128253.0
340	480	1560129067.0
470	874	1560129531.0
772	815	1560132564.0
985	320	1560136239.0
790	5	1560163876.0
397	239	1560175010.0
892	434	1560176252.0
165	124	1560180250.0
686	854	1560181056.0
527	352	1560181183.0
396	44	1560181802.0
525	63	1560186028.0
1074	275	1560186071.0
39	259	1560188506.0
363	344	1560190898.0
19	815	1560192866.0
640	413	1560195813.0
1044	31	1560196563.0
740	0	1560196770.0
563	78	1560198356.0
1079	32	1560198721.0
1079	68	1560199116.0
1108	206	1560199822.0
910	875	1560200152.0
1093	774	1560200520.0
1087	847	1560202464.0
170	96	1560203981.0
170	256	1560204360.0
109	836	1560206910.0
162	585	1560207231.0
109	346	1560207540.0
109	607	1560211118.0
1068	108	1560215216.0
1051	368	1560218909.0
1051	746	1560219200.0
840	346	1560222511.0
667	819	1560223181.0
667	544	1560223382.0
252	242	1560225500.0
803	44	1560259104.0
340	389	1560262569.0
788	365	1560268049.0
788	98	1560269262.0
1118	501	1560273661.0
124	708	1560274208.0
68	466	1560274612.0
68	283	1560274954.0
655	690	1560276045.0
340	494	1560276427.0
1112	703	1560276823.0
385	182	1560280642.0
934	107	1560291922.0
337	299	1560292147.0
1108	446	1560298848.0
367	434	1560300954.0
281	340	1560303638.0
899	822	1560304639.0
172	143	1560308526.0
945	267	1560309898.0
952	153	1560311559.0
968	814	1560340239.0
614	435	1560343736.0
352	486	1560345587.0
1028	842	1560345856.0
301	400	1560348817.0
1078	806	1560349895.0
775	820	1560351569.0
218	809	1560352452.0
1063	2	1560352673.0
1099	692	1560352958.0
1063	486	1560352962.0
600	47	1560357380.0
479	248	1560358521.0
1078	237	1560366831.0
940	417	1560367019.0
1119	827	1560371713.0
1119	23	1560372011.0
1119	131	1560372105.0
716	626	1560372785.0
846	31	1560373390.0
725	199	1560377283.0
365	689	1560380415.0
981	364	1560384629.0
1064	417	1560388144.0
1064	344	1560391784.0
689	29	1560393899.0
218	6	1560430375.0
25	378	1560433487.0
453	91	1560434209.0
788	57	1560438975.0
397	771	1560439140.0
72	354	1560442038.0
251	651	1560443616.0
983	10	1560444253.0
983	84	1560444408.0
1115	6	1560447795.0
1115	791	1560447805.0
964	478	1560450204.0
340	876	1560451067.0
310	165	1560452210.0
1059	44	1560452999.0
526	378	1560453692.0
1041	289	1560454135.0
1041	349	1560454454.0
203	50	1560455380.0
248	466	1560455958.0
321	394	1560458331.0
1016	394	1560459742.0
138	278	1560461379.0
492	370	1560465633.0
492	148	1560466003.0
201	339	1560470335.0
90	603	1560475026.0
739	391	1560477684.0
1027	367	1560477891.0
739	201	1560478141.0
167	741	1560478208.0
739	540	1560478439.0
739	781	1560479030.0
167	525	1560479740.0
1108	686	1560482188.0
404	439	1560509960.0
486	335	1560513737.0
240	877	1560514924.0
365	166	1560516468.0
739	365	1560517287.0
1067	657	1560517553.0
1067	370	1560518178.0
758	475	1560524952.0
479	106	1560525715.0
42	583	1560528245.0
224	856	1560528888.0
27	98	1560529928.0
956	264	1560530318.0
956	826	1560530542.0
956	474	1560530698.0
956	270	1560531176.0
614	359	1560533219.0
414	234	1560535715.0
365	826	1560536329.0
1117	206	1560537454.0
567	47	1560538220.0
772	688	1560538346.0
251	113	1560540470.0
661	606	1560542056.0
841	20	1560544326.0
310	466	1560546528.0
1033	378	1560551167.0
983	175	1560551536.0
1108	189	1560553574.0
758	20	1560555043.0
758	391	1560555471.0
815	781	1560557595.0
432	505	1560557993.0
1101	51	1560558868.0
1048	783	1560558958.0
242	39	1560564203.0
5	466	1560601618.0
57	63	1560601646.0
1084	20	1560604285.0
5	780	1560607781.0
707	264	1560607885.0
365	622	1560615910.0
1108	654	1560619615.0
1108	743	1560620355.0
651	128	1560620834.0
5	725	1560620862.0
268	486	1560621033.0
399	178	1560621142.0
5	107	1560621810.0
678	272	1560622840.0
678	29	1560622983.0
261	787	1560623019.0
678	130	1560623103.0
758	550	1560623937.0
651	350	1560625057.0
601	828	1560626649.0
875	641	1560628175.0
729	398	1560629662.0
691	359	1560630342.0
791	179	1560633143.0
865	646	1560634319.0
865	727	1560634469.0
754	25	1560635608.0
754	216	1560636238.0
1095	143	1560638161.0
1095	160	1560638472.0
1025	32	1560641227.0
42	320	1560642338.0
344	222	1560644371.0
983	138	1560647114.0
1056	806	1560650315.0
178	394	1560652337.0
938	535	1560652379.0
178	19	1560652417.0
904	84	1560653403.0
904	21	1560653525.0
904	186	1560653592.0
904	160	1560653714.0
904	531	1560653793.0
904	831	1560653946.0
624	784	1560654004.0
904	567	1560654097.0
1013	870	1560654347.0
904	864	1560654643.0
904	43	1560655106.0
904	266	1560655199.0
1084	340	1560668668.0
5	173	1560684639.0
209	58	1560686131.0
839	336	1560688166.0
508	747	1560689298.0
621	868	1560692700.0
1040	163	1560692842.0
1040	2	1560692950.0
716	331	1560694596.0
214	667	1560695462.0
214	758	1560695814.0
1079	226	1560699399.0
1107	535	1560700257.0
683	378	1560700364.0
683	244	1560700571.0
683	267	1560700695.0
1079	219	1560700887.0
683	132	1560701371.0
1027	808	1560702374.0
365	197	1560702556.0
5	852	1560711087.0
740	347	1560711158.0
448	285	1560711514.0
740	135	1560712441.0
5	747	1560712445.0
712	831	1560713185.0
944	71	1560714085.0
1059	670	1560715756.0
1078	23	1560715815.0
1079	476	1560716456.0
862	741	1560717058.0
1072	679	1560719721.0
1059	180	1560720757.0
1013	850	1560721435.0
1059	801	1560722590.0
1068	878	1560722773.0
633	113	1560724519.0
1070	433	1560724622.0
1095	268	1560724954.0
1118	10	1560725622.0
60	878	1560725739.0
749	745	1560725807.0
1095	482	1560726844.0
1095	512	1560727392.0
404	809	1560727727.0
1013	416	1560735631.0
788	210	1560736103.0
197	593	1560736992.0
1120	110	1560738763.0
168	396	1560744882.0
859	743	1560771269.0
789	827	1560776998.0
232	2	1560779404.0
1073	642	1560779423.0
1073	58	1560779749.0
1073	88	1560780329.0
120	806	1560780533.0
1073	427	1560780587.0
120	41	1560780843.0
338	501	1560781744.0
680	490	1560782144.0
1073	43	1560782873.0
1073	227	1560783400.0
1073	159	1560783936.0
290	678	1560783999.0
1101	777	1560784806.0
1050	584	1560785349.0
1121	284	1560787142.0
1121	624	1560787334.0
413	872	1560789590.0
1013	30	1560792637.0
676	460	1560794081.0
82	741	1560794958.0
450	793	1560798730.0
1013	61	1560799356.0
1013	41	1560803360.0
1108	498	1560808392.0
1063	844	1560808859.0
1108	526	1560809261.0
1108	568	1560810254.0
1108	600	1560810923.0
841	135	1560811317.0
841	315	1560811480.0
841	99	1560811655.0
841	38	1560811897.0
841	544	1560812624.0
118	781	1560813135.0
1108	440	1560813885.0
1120	719	1560815790.0
176	703	1560816687.0
252	67	1560816890.0
974	283	1560820023.0
788	514	1560823093.0
597	51	1560825458.0
771	36	1560829059.0
952	616	1560830319.0
581	87	1560839004.0
581	124	1560840033.0
581	520	1560841000.0
581	393	1560841131.0
581	367	1560841722.0
561	848	1560858074.0
699	417	1560866475.0
138	387	1560866594.0
1101	747	1560871642.0
648	708	1560873593.0
676	521	1560873669.0
632	826	1560876877.0
365	259	1560876972.0
1121	109	1560877231.0
1121	641	1560878469.0
1121	179	1560878924.0
1121	21	1560879070.0
1121	598	1560879212.0
1013	99	1560880092.0
845	510	1560881959.0
1121	130	1560882437.0
1121	415	1560882547.0
1121	86	1560882810.0
1084	571	1560883064.0
1084	663	1560883175.0
109	630	1560883552.0
845	179	1560884249.0
929	20	1560884434.0
1121	406	1560888869.0
1121	254	1560888977.0
1062	844	1560889913.0
1062	865	1560890206.0
1062	79	1560890630.0
1062	32	1560890861.0
1063	806	1560895362.0
1008	246	1560896549.0
178	765	1560900296.0
73	625	1560900761.0
200	99	1560901161.0
502	179	1560902176.0
502	449	1560902368.0
502	59	1560902934.0
852	361	1560908774.0
652	782	1560909252.0
997	787	1560909626.0
749	113	1560909934.0
1056	230	1560911023.0
892	165	1560912253.0
302	159	1560914954.0
864	416	1560917464.0
163	268	1560937431.0
165	870	1560948208.0
988	847	1560951586.0
988	708	1560951714.0
988	501	1560951866.0
897	445	1560959662.0
897	160	1560960205.0
897	177	1560960965.0
613	781	1560961086.0
897	20	1560961920.0
897	237	1560962393.0
613	261	1560963233.0
47	783	1560963266.0
707	139	1560964503.0
897	31	1560965253.0
707	151	1560965492.0
750	75	1560966930.0
207	400	1560968684.0
483	238	1560969307.0
617	432	1560969340.0
284	230	1560973962.0
1084	745	1560977424.0
294	703	1560977614.0
993	573	1560978140.0
575	211	1560980591.0
845	362	1560982886.0
1072	79	1560983903.0
575	25	1560990812.0
841	39	1560995552.0
1117	79	1560996090.0
640	98	1560996288.0
1117	207	1560996607.0
1117	41	1560997791.0
379	177	1560998532.0
252	627	1560999643.0
575	593	1561000423.0
575	59	1561000689.0
575	797	1561001385.0
575	494	1561001864.0
575	795	1561002089.0
575	699	1561002465.0
575	700	1561003025.0
575	647	1561004471.0
575	51	1561006368.0
764	31	1561006493.0
764	266	1561007743.0
661	666	1561036058.0
749	834	1561040071.0
458	826	1561040838.0
1084	811	1561041732.0
575	350	1561041787.0
247	796	1561049225.0
247	745	1561049338.0
1006	65	1561050016.0
247	870	1561050085.0
1006	866	1561050110.0
859	206	1561050361.0
94	64	1561052445.0
94	105	1561052584.0
94	855	1561052960.0
592	84	1561052996.0
386	716	1561053296.0
295	78	1561054738.0
575	31	1561062560.0
575	28	1561062905.0
575	334	1561063942.0
172	864	1561064763.0
575	5	1561065052.0
575	84	1561065226.0
575	366	1561065420.0
575	115	1561065579.0
575	58	1561065958.0
942	680	1561066158.0
2	535	1561066926.0
193	367	1561072596.0
1021	69	1561074361.0
575	587	1561075067.0
575	100	1561075729.0
575	275	1561077457.0
575	177	1561077727.0
575	141	1561077872.0
575	791	1561078214.0
940	848	1561078960.0
575	48	1561079693.0
1108	295	1561082754.0
104	862	1561087762.0
401	378	1561097989.0
128	517	1561117486.0
915	657	1561121893.0
19	745	1561129178.0
340	264	1561129260.0
21	852	1561129495.0
940	877	1561129722.0
340	485	1561129832.0
740	605	1561130562.0
740	817	1561131068.0
740	635	1561131488.0
740	822	1561131916.0
740	30	1561132194.0
895	690	1561138493.0
1046	50	1561139525.0
1044	378	1561143912.0
1040	131	1561152966.0
1088	35	1561157886.0
730	697	1561157981.0
1108	677	1561159378.0
1108	591	1561160405.0
370	205	1561160793.0
729	861	1561161995.0
1043	184	1561164152.0
942	317	1561167428.0
472	71	1561167724.0
185	850	1561167915.0
408	655	1561169158.0
1063	317	1561172263.0
983	367	1561174059.0
991	864	1561175612.0
317	788	1561181758.0
485	246	1561203231.0
485	36	1561203355.0
988	762	1561208534.0
988	275	1561208941.0
697	20	1561212308.0
528	157	1561217539.0
528	854	1561218153.0
365	442	1561218606.0
683	441	1561220231.0
1014	47	1561221040.0
631	870	1561224898.0
352	848	1561229510.0
606	877	1561233041.0
1119	650	1561235328.0
754	806	1561235340.0
739	437	1561235634.0
1086	390	1561239922.0
1086	859	1561240482.0
240	586	1561242430.0
191	43	1561243525.0
326	839	1561245204.0
294	879	1561246291.0
558	25	1561255888.0
806	264	1561255901.0
1025	235	1561256207.0
97	102	1561258097.0
989	99	1561260904.0
839	25	1561262595.0
993	0	1561290884.0
758	246	1561294382.0
691	354	1561295073.0
758	134	1561295150.0
691	359	1561295319.0
765	131	1561299703.0
365	20	1561300149.0
771	55	1561301606.0
885	387	1561302958.0
23	519	1561304241.0
1115	216	1561305976.0
1115	573	1561306359.0
432	58	1561307220.0
1115	527	1561307243.0
905	108	1561309431.0
905	141	1561309561.0
86	251	1561309937.0
432	95	1561311370.0
453	411	1561314546.0
453	660	1561315729.0
1040	489	1561317159.0
342	745	1561319804.0
433	827	1561321868.0
291	725	1561321974.0
476	845	1561325359.0
1048	549	1561329179.0
571	131	1561330109.0
775	848	1561334004.0
938	129	1561334137.0
86	708	1561334158.0
1038	5	1561335262.0
1041	849	1561335481.0
236	351	1561337526.0
73	866	1561339551.0
73	36	1561339759.0
806	347	1561340085.0
91	66	1561340292.0
1122	20	1561345196.0
1122	795	1561345617.0
1122	59	1561345971.0
833	375	1561351417.0
839	657	1561351951.0
839	538	1561352288.0
1112	851	1561374275.0
908	312	1561377812.0
971	150	1561388321.0
39	802	1561388558.0
39	360	1561388766.0
97	60	1561392309.0
183	815	1561393830.0
90	246	1561393993.0
90	475	1561394121.0
1107	334	1561394827.0
1066	160	1561395072.0
958	704	1561395875.0
215	872	1561396569.0
215	322	1561397082.0
890	660	1561397452.0
707	558	1561398153.0
1066	106	1561399701.0
964	426	1561400837.0
753	584	1561417887.0
606	871	1561418913.0
668	689	1561419054.0
167	327	1561419316.0
212	818	1561420407.0
212	677	1561420805.0
1084	5	1561425401.0
754	870	1561425526.0
468	409	1561425894.0
379	316	1561427795.0
667	99	1561430436.0
325	544	1561432074.0
34	861	1561436494.0
1123	309	1561441636.0
708	661	1561446883.0
708	585	1561447095.0
707	746	1561473966.0
1115	646	1561477166.0
340	858	1561478126.0
40	368	1561478754.0
1059	282	1561489091.0
974	551	1561500866.0
662	777	1561502389.0
1120	214	1561503632.0
755	617	1561505810.0
791	43	1561509508.0
1120	377	1561512000.0
961	179	1561515632.0
261	64	1561516473.0
839	46	1561518078.0
1089	144	1561523125.0
297	788	1561528632.0
251	246	1561552792.0
471	135	1561553161.0
599	558	1561560078.0
1118	560	1561560318.0
525	544	1561560402.0
835	827	1561562100.0
47	867	1561566146.0
878	37	1561566615.0
804	788	1561570513.0
97	504	1561572975.0
611	762	1561574739.0
782	340	1561576684.0
103	844	1561577688.0
856	779	1561579360.0
567	744	1561581249.0
1086	275	1561585756.0
695	273	1561590489.0
527	279	1561590948.0
1117	58	1561592639.0
750	285	1561592710.0
128	165	1561594003.0
736	108	1561596150.0
340	752	1561598430.0
1084	61	1561599259.0
1048	281	1561602928.0
386	332	1561603291.0
311	783	1561605954.0
1124	34	1561632950.0
750	873	1561637663.0
286	99	1561639566.0
286	520	1561640030.0
889	219	1561641648.0
802	801	1561643480.0
592	42	1561646286.0
802	607	1561646897.0
592	283	1561646908.0
592	20	1561647091.0
626	864	1561647959.0
39	277	1561649139.0
182	503	1561653196.0
989	848	1561654731.0
750	804	1561655626.0
215	531	1561657444.0
700	288	1561661800.0
700	493	1561662755.0
700	869	1561666411.0
1120	21	1561671245.0
162	275	1561671715.0
1124	140	1561673843.0
1077	494	1561674682.0
741	227	1561682828.0
935	649	1561702108.0
736	428	1561726094.0
284	396	1561728524.0
265	827	1561729382.0
1120	436	1561732214.0
479	79	1561732814.0
265	862	1561733573.0
99	869	1561733636.0
1084	806	1561733976.0
261	560	1561737879.0
1018	216	1561738222.0
635	814	1561740142.0
231	110	1561746492.0
740	793	1561752586.0
1117	20	1561754203.0
751	235	1561759705.0
1072	19	1561759968.0
751	370	1561760145.0
1119	706	1561761858.0
1119	797	1561762500.0
811	189	1561763638.0
326	741	1561763901.0
811	369	1561764241.0
17	57	1561764796.0
905	384	1561765578.0
811	160	1561765747.0
811	43	1561766260.0
811	486	1561766669.0
811	579	1561767071.0
811	157	1561768552.0
811	354	1561769066.0
811	348	1561769456.0
799	394	1561779018.0
775	867	1561779864.0
775	544	1561780658.0
470	876	1561816589.0
287	740	1561816617.0
725	535	1561819211.0
725	43	1561819775.0
967	150	1561820600.0
1095	41	1561821558.0
1095	262	1561821977.0
1086	764	1561822439.0
414	55	1561824255.0
90	161	1561824842.0
1101	275	1561825920.0
716	161	1561829905.0
716	65	1561832160.0
52	579	1561832421.0
784	238	1561840323.0
698	235	1561841148.0
961	503	1561843151.0
955	400	1561844599.0
240	194	1561846552.0
317	362	1561853527.0
1125	20	1561856449.0
118	842	1561859695.0
558	184	1561859860.0
1097	70	1561868709.0
79	696	1561869958.0
1010	285	1561901850.0
725	153	1561902209.0
1010	39	1561902575.0
799	818	1561903186.0
1010	863	1561903308.0
725	861	1561905308.0
944	696	1561905947.0
725	47	1561905966.0
96	383	1561906697.0
626	350	1561908479.0
154	547	1561908501.0
23	52	1561910257.0
618	602	1561910381.0
633	544	1561910788.0
669	293	1561913804.0
741	489	1561922916.0
741	235	1561923412.0
741	267	1561923464.0
1089	500	1561926411.0
41	732	1561927833.0
1126	500	1561928214.0
968	855	1561928577.0
1126	879	1561929748.0
251	0	1561931663.0
251	439	1561932073.0
771	551	1561933079.0
1016	289	1561934010.0
1119	186	1561934942.0
1010	274	1561934961.0
730	296	1561938484.0
730	468	1561938685.0
1022	216	1561939797.0
480	336	1561944783.0
86	708	1561944828.0
86	247	1561945520.0
938	219	1561946094.0
684	864	1561951871.0
493	863	1561982821.0
493	113	1561983249.0
77	696	1561984499.0
3	304	1561989536.0
467	729	1561993470.0
516	443	1561996538.0
707	139	1561998736.0
216	847	1562004897.0
216	320	1562005196.0
216	737	1562005361.0
996	538	1562008287.0
750	670	1562009570.0
449	863	1562011483.0
852	599	1562012461.0
878	52	1562012578.0
316	235	1562013783.0
1119	141	1562016219.0
162	865	1562019433.0
1062	45	1562019672.0
268	860	1562020432.0
86	50	1562022109.0
916	584	1562023821.0
903	28	1562027361.0
916	340	1562027906.0
916	736	1562028817.0
916	273	1562029708.0
916	723	1562033334.0
971	364	1562040262.0
209	275	1562068325.0
1045	196	1562072421.0
1120	147	1562073029.0
845	860	1562073407.0
1045	487	1562074179.0
797	671	1562074664.0
845	325	1562076872.0
1127	645	1562077002.0
1127	41	1562077520.0
1127	153	1562078605.0
1127	2	1562079078.0
1127	23	1562079906.0
243	826	1562083630.0
791	421	1562088303.0
791	143	1562088676.0
449	858	1562091923.0
449	833	1562093448.0
472	43	1562096289.0
1050	15	1562096297.0
1124	228	1562098877.0
1044	104	1562099638.0
162	708	1562100536.0
225	58	1562100632.0
1091	696	1562100840.0
1128	750	1562103551.0
1128	51	1562103726.0
347	827	1562105603.0
1120	736	1562111724.0
511	236	1562113923.0
511	875	1562114707.0
1056	876	1562116192.0
145	256	1562116505.0
1115	393	1562122254.0
60	876	1562126718.0
881	870	1562157726.0
1128	551	1562166734.0
436	207	1562173808.0
921	845	1562174395.0
1129	230	1562178434.0
929	651	1562179194.0
410	746	1562179224.0
944	0	1562188245.0
902	676	1562188654.0
902	215	1562189089.0
902	524	1562189278.0
689	177	1562189971.0
1040	276	1562192964.0
1124	266	1562196741.0
788	861	1562212230.0
102	267	1562212768.0
102	31	1562214379.0
637	848	1562238056.0
950	0	1562249014.0
401	2	1562251043.0
401	209	1562251086.0
401	489	1562251201.0
712	849	1562259558.0
973	331	1562264918.0
1114	731	1562265976.0
1095	290	1562267147.0
556	237	1562269146.0
577	193	1562270834.0
1115	558	1562275363.0
909	259	1562275867.0
909	861	1562276223.0
472	177	1562277656.0
911	619	1562283114.0
758	186	1562284296.0
79	743	1562285804.0
846	670	1562292351.0
930	242	1562293195.0
178	421	1562294550.0
991	292	1562323096.0
186	74	1562332484.0
557	864	1562337001.0
173	561	1562340970.0
183	275	1562342962.0
559	318	1562343112.0
182	85	1562348963.0
1095	262	1562359066.0
753	356	1562359763.0
77	703	1562363497.0
365	781	1562365084.0
934	627	1562369365.0
637	359	1562370735.0
432	655	1562372759.0
1130	53	1562376009.0
749	822	1562379295.0
977	703	1562380620.0
977	807	1562380854.0
977	435	1562381065.0
977	822	1562381245.0
655	151	1562387027.0
801	275	1562410525.0
90	488	1562417289.0
224	671	1562418433.0
1044	746	1562418944.0
1089	495	1562424057.0
735	228	1562426831.0
735	266	1562427269.0
1038	256	1562427278.0
735	20	1562427459.0
735	822	1562428037.0
735	173	1562428351.0
910	862	1562428503.0
420	783	1562429076.0
420	459	1562430040.0
1089	876	1562431276.0
630	23	1562431885.0
415	48	1562432881.0
1125	141	1562434142.0
668	664	1562434665.0
1082	241	1562441964.0
1082	43	1562442060.0
1082	131	1562442273.0
1082	97	1562442429.0
1082	179	1562442538.0
1082	31	1562443020.0
417	776	1562443463.0
1040	234	1562445987.0
159	604	1562447035.0
1131	489	1562447988.0
576	673	1562448593.0
610	169	1562449034.0
722	248	1562449179.0
432	489	1562455948.0
178	32	1562458057.0
134	404	1562459745.0
190	598	1562460338.0
1037	484	1562460465.0
122	704	1562461298.0
152	864	1562461368.0
1095	46	1562463736.0
631	780	1562464030.0
1033	875	1562469774.0
758	581	1562470088.0
68	345	1562471332.0
68	663	1562471400.0
580	497	1562502563.0
1109	211	1562504115.0
1109	474	1562504356.0
1109	216	1562504557.0
1109	31	1562504883.0
1109	464	1562505030.0
1109	501	1562505099.0
1109	347	1562505584.0
1109	165	1562505776.0
1109	644	1562505886.0
1109	366	1562505985.0
100	864	1562507277.0
1132	223	1562509197.0
852	823	1562509812.0
945	834	1562510490.0
1124	204	1562515621.0
97	389	1562517801.0
901	257	1562520235.0
100	84	1562522208.0
873	31	1562522378.0
178	689	1562523834.0
252	354	1562526234.0
764	870	1562527078.0
252	89	1562527499.0
764	789	1562527745.0
290	590	1562528418.0
764	489	1562529045.0
290	275	1562529121.0
181	161	1562532876.0
801	31	1562535082.0
801	796	1562536056.0
24	737	1562536590.0
596	864	1562538578.0
596	160	1562538737.0
120	560	1562538851.0
596	420	1562538892.0
62	582	1562542914.0
1070	239	1562547461.0
18	343	1562547739.0
669	830	1562548926.0
750	239	1562554467.0
1079	177	1562554658.0
415	117	1562568154.0
415	472	1562568353.0
691	561	1562589330.0
1044	103	1562596106.0
964	464	1562599284.0
989	41	1562599466.0
379	417	1562599867.0
68	549	1562602691.0
1044	20	1562605666.0
340	710	1562606506.0
379	663	1562608538.0
1008	99	1562612282.0
971	644	1562612829.0
157	733	1562617634.0
922	160	1562618749.0
797	311	1562623130.0
424	550	1562623771.0
68	869	1562631162.0
249	69	1562634243.0
140	400	1562635079.0
327	741	1562639584.0
379	195	1562647448.0
785	31	1562675214.0
819	58	1562677118.0
845	781	1562680808.0
340	758	1562683404.0
340	40	1562683658.0
19	763	1562685604.0
165	598	1562686400.0
1091	337	1562687296.0
1121	691	1562687398.0
1064	766	1562692786.0
1064	445	1562694377.0
1018	210	1562698061.0
1120	695	1562700070.0
64	859	1562702379.0
845	571	1562703277.0
545	822	1562708736.0
545	31	1562709262.0
1121	624	1562717058.0
1021	651	1562718328.0
1133	254	1562718404.0
325	691	1562723979.0
1064	426	1562725512.0
1064	113	1562726335.0
1064	875	1562727034.0
1120	44	1562727449.0
1064	862	1562727495.0
1089	715	1562727675.0
981	864	1562730450.0
767	554	1562738299.0
161	689	1562766582.0
161	154	1562768029.0
1078	27	1562771594.0
52	531	1562773316.0
348	812	1562776610.0
940	262	1562780320.0
203	367	1562781765.0
203	57	1562782415.0
1050	877	1562786146.0
162	866	1562786193.0
964	727	1562786268.0
259	363	1562789413.0
767	829	1562791288.0
928	779	1562792653.0
1	770	1562795457.0
892	836	1562801706.0
753	116	1562811265.0
203	520	1562816870.0
172	338	1562817179.0
1085	483	1562817241.0
1121	624	1562825187.0
565	84	1562826688.0
565	131	1562827074.0
1121	86	1562828126.0
1078	246	1562850824.0
1066	658	1562851571.0
1078	275	1562852795.0
903	846	1562852845.0
14	548	1562854888.0
988	695	1562857048.0
14	838	1562858254.0
610	275	1562860082.0
690	78	1562861067.0
1027	808	1562863852.0
983	799	1562865358.0
983	175	1562867179.0
1026	836	1562869923.0
983	231	1562871947.0
19	332	1562872135.0
1072	45	1562880394.0
797	811	1562880906.0
644	23	1562895455.0
1111	216	1562895820.0
636	802	1562896002.0
983	489	1562898227.0
93	58	1562909749.0
63	88	1562938581.0
7	800	1562941629.0
27	781	1562942660.0
14	434	1562949580.0
14	99	1562951154.0
251	838	1562951413.0
181	802	1562951804.0
384	71	1562951844.0
251	43	1562951973.0
1134	351	1562958422.0
14	781	1562959407.0
443	309	1562961866.0
469	186	1562962966.0
273	869	1562964139.0
1135	416	1562964145.0
681	716	1562964348.0
273	870	1562964439.0
1135	361	1562964470.0
1135	523	1562964479.0
370	874	1562970740.0
171	243	1562982571.0
1115	251	1562986590.0
1115	760	1562986939.0
302	847	1562987786.0
637	707	1563004602.0
624	0	1563020150.0
624	102	1563021249.0
988	741	1563021590.0
988	337	1563021721.0
739	822	1563029047.0
739	795	1563029360.0
739	35	1563029548.0
340	486	1563031493.0
1107	745	1563032902.0
1033	531	1563038429.0
1086	84	1563038743.0
1125	87	1563039464.0
1107	222	1563040050.0
1125	45	1563040164.0
432	191	1563044905.0
432	121	1563045008.0
475	257	1563047257.0
475	661	1563048324.0
1111	2	1563048858.0
1125	177	1563049123.0
527	793	1563049313.0
344	372	1563052212.0
1132	270	1563052313.0
1132	226	1563052529.0
806	346	1563053251.0
806	807	1563053332.0
79	346	1563058623.0
936	261	1563059467.0
302	468	1563061950.0
782	30	1563063267.0
97	287	1563064306.0
97	422	1563064965.0
860	136	1563073852.0
860	850	1563074145.0
860	350	1563074624.0
326	486	1563076762.0
340	801	1563079212.0
955	99	1563084515.0
219	341	1563105001.0
344	20	1563106431.0
940	698	1563108484.0
856	194	1563111477.0
1120	787	1563111592.0
1120	57	1563111848.0
1129	462	1563112776.0
1129	683	1563113265.0
1132	497	1563113902.0
874	444	1563114421.0
874	58	1563114818.0
874	489	1563115168.0
874	216	1563115238.0
955	29	1563117925.0
729	621	1563120960.0
729	116	1563121253.0
1040	26	1563121568.0
1040	184	1563121626.0
1117	231	1563121649.0
1117	452	1563122641.0
784	114	1563124859.0
1112	0	1563125599.0
1112	340	1563126045.0
488	71	1563128294.0
535	396	1563128423.0
252	341	1563128658.0
275	680	1563128971.0
341	864	1563132130.0
341	512	1563132444.0
1068	471	1563135642.0
413	870	1563135686.0
1068	435	1563136146.0
910	465	1563142380.0
262	325	1563144478.0
178	254	1563144538.0
792	551	1563145977.0
249	165	1563146218.0
818	781	1563147686.0
418	346	1563147798.0
300	522	1563148510.0
707	402	1563148902.0
1132	486	1563155772.0
1120	339	1563155988.0
563	240	1563156042.0
1132	219	1563156239.0
578	307	1563158313.0
563	878	1563158719.0
479	376	1563185994.0
1132	580	1563189723.0
252	20	1563193652.0
252	5	1563194198.0
1008	510	1563200766.0
238	286	1563203308.0
418	579	1563204709.0
398	738	1563205873.0
1126	624	1563206893.0
1126	152	1563207365.0
1126	30	1563208114.0
989	203	1563208385.0
644	442	1563214329.0
959	263	1563216882.0
845	489	1563220903.0
845	19	1563221536.0
420	803	1563221675.0
1044	745	1563225290.0
971	359	1563225971.0
971	437	1563227321.0
714	153	1563229027.0
714	671	1563229204.0
561	0	1563235846.0
23	677	1563236859.0
1083	400	1563248561.0
110	496	1563262138.0
1050	20	1563278627.0
86	105	1563280875.0
1129	21	1563281878.0
150	670	1563282246.0
252	33	1563284383.0
1022	41	1563286285.0
1022	414	1563287050.0
1022	370	1563287431.0
1022	82	1563290369.0
1022	30	1563291572.0
1022	426	1563292135.0
248	794	1563293592.0
804	321	1563293878.0
2	489	1563302823.0
340	316	1563308756.0
340	470	1563308933.0
751	205	1563311035.0
526	848	1563314063.0
86	76	1563315096.0
1132	154	1563322064.0
997	702	1563322884.0
864	165	1563327560.0
864	32	1563327763.0
611	598	1563328826.0
1026	452	1563329806.0
815	2	1563329834.0
1136	321	1563330286.0
653	99	1563330595.0
82	160	1563364441.0
1022	58	1563372855.0
1022	367	1563373115.0
1022	797	1563373875.0
817	5	1563374000.0
1066	131	1563374208.0
817	846	1563374365.0
1022	822	1563374768.0
252	872	1563376358.0
1022	751	1563376967.0
1022	435	1563377157.0
1066	113	1563377960.0
958	737	1563379047.0
54	801	1563379554.0
28	113	1563390482.0
757	275	1563392319.0
757	373	1563393142.0
1128	354	1563395663.0
1128	453	1563395732.0
238	527	1563396662.0
791	58	1563414508.0
791	834	1563415580.0
183	327	1563428518.0
110	636	1563433635.0
815	745	1563443727.0
28	134	1563453691.0
1022	108	1563455070.0
317	552	1563462772.0
327	32	1563465514.0
991	403	1563470656.0
175	873	1563473582.0
118	860	1563474150.0
1013	39	1563475685.0
892	211	1563475771.0
719	391	1563475975.0
719	149	1563476022.0
389	267	1563476548.0
929	46	1563477901.0
929	535	1563478026.0
1128	495	1563479574.0
401	754	1563495670.0
908	860	1563495831.0
852	670	1563501203.0
380	346	1563519305.0
380	409	1563519512.0
380	503	1563519686.0
380	53	1563519783.0
1008	785	1563543101.0
1018	251	1563545033.0
592	125	1563547068.0
251	134	1563547649.0
959	74	1563548404.0
401	783	1563555082.0
438	781	1563556438.0
880	561	1563560655.0
259	363	1563565892.0
57	621	1563566045.0
57	780	1563568209.0
1072	276	1563568380.0
714	429	1563576234.0
759	57	1563582559.0
959	745	1563583177.0
959	507	1563583418.0
1088	300	1563583527.0
959	26	1563584168.0
959	598	1563584274.0
959	191	1563584435.0
1121	538	1563588303.0
644	443	1563592259.0
942	866	1563595623.0
1134	201	1563617990.0
920	562	1563623409.0
1132	428	1563624244.0
1132	723	1563625019.0
1132	260	1563625810.0
146	453	1563629394.0
146	282	1563631221.0
429	827	1563633572.0
429	214	1563633678.0
251	822	1563643085.0
874	44	1563652378.0
365	125	1563653980.0
1089	527	1563654354.0
52	41	1563654527.0
974	428	1563655645.0
398	256	1563659081.0
881	840	1563660067.0
1052	737	1563660101.0
1094	875	1563662884.0
917	123	1563665050.0
558	808	1563668755.0
818	0	1563671762.0
709	53	1563674077.0
709	179	1563674326.0
709	282	1563674807.0
1137	827	1563676541.0
669	47	1563680140.0
398	423	1563680917.0
885	64	1563682954.0
885	69	1563683491.0
399	33	1563684968.0
86	801	1563716622.0
1013	626	1563721480.0
1132	151	1563724210.0
23	816	1563725819.0
1124	756	1563727428.0
96	28	1563728764.0
1040	866	1563729818.0
54	880	1563730101.0
77	580	1563732542.0
791	844	1563733721.0
973	199	1563735926.0
1124	693	1563738366.0
973	112	1563738875.0
955	745	1563739131.0
916	12	1563739706.0
955	127	1563739840.0
955	165	1563740126.0
955	124	1563740482.0
668	261	1563743238.0
178	489	1563743552.0
178	185	1563743826.0
1085	270	1563744121.0
178	258	1563744219.0
618	239	1563744502.0
1085	865	1563745076.0
209	99	1563746670.0
710	21	1563747083.0
710	600	1563747396.0
710	535	1563747575.0
644	177	1563750925.0
75	860	1563751667.0
989	870	1563752799.0
989	168	1563753772.0
122	58	1563754754.0
434	703	1563755476.0
419	110	1563758893.0
535	874	1563759891.0
527	260	1563762521.0
1125	346	1563766345.0
230	763	1563776427.0
1018	627	1563798747.0
920	9	1563799716.0
479	31	1563801494.0
1079	585	1563801974.0
561	99	1563802093.0
39	191	1563804076.0
39	822	1563804550.0
1133	729	1563809095.0
1133	336	1563809160.0
1127	548	1563809389.0
1018	672	1563810132.0
849	408	1563811257.0
1127	806	1563815276.0
1022	651	1563815674.0
937	824	1563817917.0
937	275	1563818054.0
937	864	1563818454.0
937	151	1563818777.0
40	215	1563818934.0
937	825	1563818961.0
937	99	1563819259.0
937	676	1563819421.0
937	452	1563819612.0
937	786	1563819753.0
634	140	1563820036.0
937	23	1563820054.0
406	880	1563820506.0
707	501	1563820685.0
784	800	1563822325.0
634	755	1563823233.0
921	23	1563824563.0
165	378	1563824908.0
921	157	1563825543.0
989	6	1563826614.0
771	821	1563827927.0
816	879	1563829785.0
615	678	1563830102.0
252	115	1563830144.0
252	872	1563830335.0
892	870	1563836551.0
811	163	1563837888.0
379	278	1563838432.0
1127	21	1563845060.0
719	287	1563845713.0
719	814	1563845903.0
719	504	1563846218.0
719	283	1563846367.0
1127	230	1563846771.0
1127	57	1563846970.0
138	451	1563861689.0
538	859	1563871976.0
757	827	1563880644.0
757	5	1563881248.0
637	596	1563884766.0
928	201	1563885769.0
129	179	1563893852.0
384	346	1563893881.0
181	300	1563893886.0
849	513	1563895211.0
849	251	1563896026.0
849	57	1563896827.0
356	873	1563897236.0
616	501	1563897625.0
817	84	1563898471.0
909	311	1563898830.0
335	174	1563900045.0
982	700	1563901071.0
982	56	1563901388.0
494	537	1563901627.0
675	738	1563907603.0
1068	880	1563912366.0
24	719	1563912663.0
28	707	1563916701.0
983	6	1563919037.0
1060	8	1563924814.0
181	108	1563930960.0
938	52	1563931388.0
353	827	1563932644.0
1062	687	1563934464.0
997	560	1563934642.0
675	839	1563940787.0
1125	366	1563943725.0
270	131	1563944079.0
988	417	1563974180.0
988	742	1563974506.0
161	779	1563974576.0
243	2	1563974723.0
988	161	1563975042.0
243	159	1563975546.0
284	763	1563976375.0
675	137	1563979705.0
340	418	1563981574.0
1059	836	1563982419.0
614	275	1563985287.0
307	366	1563987166.0
1041	346	1563994485.0
1041	485	1563995156.0
185	713	1563995367.0
845	400	1563998940.0
1138	479	1563999041.0
1127	419	1564001966.0
1125	471	1564004067.0
651	866	1564004178.0
1125	540	1564005097.0
344	811	1564005592.0
1125	843	1564006085.0
1131	176	1564006406.0
1131	47	1564006923.0
844	280	1564010660.0
844	30	1564011550.0
105	826	1564011967.0
344	677	1564014652.0
146	798	1564015958.0
201	370	1564017737.0
1120	260	1564017840.0
1012	828	1564018705.0
1127	418	1564023173.0
1127	670	1564024311.0
243	482	1564026330.0
1122	44	1564030623.0
1139	436	1564053616.0
777	838	1564055760.0
777	131	1564055924.0
777	819	1564056106.0
940	307	1564062556.0
60	860	1564064797.0
989	356	1564065485.0
563	417	1564068443.0
420	251	1564070359.0
959	692	1564076387.0
1016	0	1564078148.0
1132	616	1564078542.0
988	563	1564084731.0
797	311	1564086670.0
317	878	1564093840.0
589	169	1564096098.0
1140	78	1564096204.0
1121	855	1564097395.0
696	517	1564099860.0
203	528	1564100447.0
1127	857	1564108201.0
989	195	1564150736.0
985	542	1564153153.0
985	101	1564153823.0
380	818	1564161785.0
60	870	1564162050.0
1115	569	1564165323.0
636	6	1564167002.0
529	69	1564167954.0
462	817	1564169941.0
1093	829	1564174735.0
1093	288	1564174898.0
895	56	1564175137.0
334	707	1564176030.0
325	268	1564182425.0
864	576	1564185173.0
610	153	1564186484.0
987	465	1564188540.0
987	704	1564189704.0
987	650	1564190235.0
987	822	1564190382.0
987	43	1564191122.0
987	30	1564191395.0
987	122	1564192274.0
987	762	1564192550.0
987	311	1564192811.0
987	549	1564193026.0
987	530	1564193740.0
987	206	1564194386.0
987	28	1564194830.0
987	443	1564195540.0
1115	408	1564196434.0
1122	599	1564200673.0
987	179	1564201636.0
1122	108	1564201716.0
1141	534	1564202540.0
1122	40	1564202992.0
54	853	1564204780.0
987	715	1564207387.0
987	51	1564207555.0
987	681	1564207782.0
987	434	1564209208.0
987	57	1564209641.0
987	797	1564210215.0
987	804	1564210850.0
987	558	1564211539.0
1142	866	1564234554.0
767	150	1564234914.0
1142	741	1564235711.0
513	25	1564236237.0
784	223	1564237678.0
72	253	1564245937.0
432	454	1564250992.0
432	871	1564251157.0
1010	563	1564252492.0
997	695	1564257965.0
896	798	1564258833.0
754	88	1564260393.0
335	853	1564261125.0
229	51	1564261493.0
586	848	1564262169.0
63	346	1564263426.0
178	26	1564263795.0
828	476	1564264816.0
1122	637	1564264965.0
171	564	1564267867.0
206	57	1564268167.0
1031	206	1564271026.0
14	870	1564271769.0
955	365	1564272225.0
771	688	1564272459.0
14	773	1564272482.0
5	359	1564272746.0
797	51	1564272753.0
178	640	1564275471.0
178	880	1564275751.0
178	745	1564275888.0
206	454	1564276337.0
733	289	1564278705.0
258	280	1564279041.0
258	550	1564279402.0
558	287	1564281001.0
627	439	1564284094.0
1130	23	1564285453.0
749	56	1564288624.0
380	436	1564291796.0
5	132	1564316078.0
100	99	1564316621.0
448	779	1564317096.0
397	84	1564317168.0
365	19	1564318583.0
1136	24	1564328853.0
1143	426	1564329505.0
754	28	1564329607.0
1143	520	1564330056.0
754	870	1564330263.0
1143	871	1564331607.0
784	549	1564332426.0
864	213	1564332730.0
856	847	1564334258.0
1018	252	1564336555.0
620	620	1564339573.0
1129	714	1564339769.0
620	581	1564340743.0
1132	747	1564343214.0
392	337	1564343410.0
943	454	1564346322.0
987	427	1564350580.0
708	282	1564353661.0
708	249	1564353904.0
212	247	1564355457.0
5	165	1564356043.0
101	57	1564359190.0
1074	276	1564360435.0
620	275	1564362373.0
912	59	1564363015.0
955	281	1564363706.0
472	145	1564364201.0
472	178	1564364384.0
472	719	1564364543.0
60	763	1564365046.0
806	635	1564374751.0
365	860	1564406459.0
385	530	1564407642.0
654	766	1564408579.0
405	703	1564408991.0
134	779	1564409020.0
405	780	1564409192.0
405	275	1564409885.0
691	693	1564409957.0
405	23	1564410159.0
845	541	1564416454.0
382	796	1564416648.0
610	696	1564416696.0
51	873	1564420191.0
1075	878	1564422495.0
82	500	1564424405.0
418	131	1564426111.0
5	574	1564426853.0
224	881	1564426903.0
5	808	1564427247.0
5	645	1564427772.0
1059	489	1564428588.0
284	595	1564430540.0
107	57	1564430864.0
5	222	1564433639.0
5	858	1564434597.0
987	312	1564434889.0
1093	314	1564436050.0
14	480	1564438919.0
582	319	1564440842.0
432	871	1564441602.0
582	74	1564441763.0
1125	271	1564444946.0
443	708	1564445711.0
563	533	1564446354.0
1105	351	1564452957.0
79	703	1564453507.0
203	101	1564455650.0
1105	249	1564455896.0
1129	130	1564456569.0
1136	523	1564457058.0
952	327	1564465336.0
952	433	1564465805.0
1058	114	1564489412.0
959	334	1564503785.0
525	275	1564509623.0
1135	247	1564510228.0
1135	211	1564510321.0
1135	143	1564510338.0
215	390	1564510545.0
1104	50	1564510879.0
806	384	1564518058.0
897	134	1564520700.0
1115	207	1564527327.0
915	750	1564532833.0
889	41	1564533156.0
889	187	1564533302.0
915	653	1564533441.0
348	314	1564533563.0
889	32	1564534231.0
889	581	1564534336.0
10	37	1564535674.0
527	688	1564540640.0
1144	351	1564544738.0
1144	64	1564545336.0
1144	201	1564545602.0
1144	262	1564545818.0
1144	643	1564546083.0
1144	465	1564546233.0
1144	94	1564546343.0
1144	358	1564546540.0
1144	443	1564546762.0
1144	468	1564546924.0
1144	735	1564547066.0
1144	228	1564547290.0
1144	319	1564547350.0
270	522	1564555678.0
270	108	1564556984.0
270	88	1564557242.0
270	30	1564557463.0
528	871	1564575568.0
264	99	1564579864.0
1125	881	1564583129.0
64	882	1564587189.0
1129	803	1564587768.0
128	63	1564588038.0
716	767	1564588050.0
989	378	1564589339.0
993	621	1564593076.0
908	881	1564593360.0
173	639	1564593973.0
758	822	1564596771.0
470	846	1564597948.0
844	797	1564599763.0
1031	464	1564600928.0
845	759	1564601524.0
845	41	1564602092.0
1075	756	1564602783.0
248	864	1564606932.0
277	879	1564607426.0
684	160	1564611421.0
777	354	1564619336.0
274	64	1564619437.0
274	822	1564619624.0
274	47	1564620276.0
274	368	1564620573.0
476	742	1564623476.0
940	535	1564624842.0
172	121	1564629084.0
1032	31	1564630723.0
834	208	1564635567.0
1022	120	1564665569.0
1022	207	1564667054.0
1022	104	1564668448.0
1145	77	1564669266.0
251	726	1564670768.0
1145	141	1564670961.0
39	257	1564670993.0
251	817	1564671317.0
251	341	1564671722.0
1145	2	1564672078.0
251	785	1564672220.0
1145	108	1564672361.0
1145	797	1564673613.0
730	109	1564673946.0
562	391	1564683508.0
27	354	1564685719.0
964	668	1564686270.0
788	5	1564689658.0
1050	533	1564691875.0
993	621	1564693653.0
14	18	1564694327.0
257	223	1564696202.0
775	147	1564699332.0
1131	230	1564699569.0
1131	240	1564699821.0
1131	150	1564703768.0
563	78	1564703995.0
589	652	1564704311.0
1131	111	1564704442.0
1075	227	1564705343.0
1124	478	1564710305.0
709	548	1564716228.0
1051	841	1564720243.0
991	67	1564721250.0
992	59	1564727562.0
1102	131	1564732159.0
1102	57	1564733009.0
1102	264	1564733339.0
1102	741	1564734776.0
1102	275	1564735043.0
1079	864	1564752182.0
248	544	1564752312.0
1079	716	1564752878.0
644	308	1564753662.0
989	781	1564754186.0
39	99	1564754806.0
90	264	1564755388.0
197	682	1564765875.0
197	386	1564766986.0
197	806	1564767209.0
197	347	1564767531.0
197	870	1564768599.0
959	591	1564769332.0
682	30	1564769364.0
959	685	1564773680.0
102	846	1564774229.0
750	827	1564774353.0
1146	802	1564778958.0
1135	489	1564779973.0
1135	490	1564779981.0
1135	47	1564779989.0
1135	57	1564779998.0
365	882	1564781230.0
185	55	1564781360.0
206	143	1564782072.0
1014	396	1564786605.0
203	99	1564793603.0
136	801	1564795883.0
644	649	1564799355.0
959	23	1564799693.0
352	19	1564801613.0
102	37	1564803455.0
102	439	1564803967.0
50	703	1564805090.0
992	365	1564805356.0
1147	108	1564805357.0
50	161	1564805790.0
50	131	1564806684.0
11	691	1564806721.0
11	862	1564807481.0
1031	7	1564807786.0
206	287	1564808066.0
11	475	1564808230.0
1122	827	1564809655.0
1122	862	1564810595.0
856	869	1564830532.0
289	143	1564837576.0
60	741	1564837699.0
243	152	1564840435.0
1105	20	1564841195.0
1105	747	1564843119.0
274	324	1564843852.0
453	603	1564843857.0
1141	490	1564847175.0
118	20	1564848378.0
275	453	1564848660.0
1141	487	1564848721.0
1141	221	1564849956.0
947	369	1564852163.0
624	818	1564852458.0
1028	742	1564853410.0
1147	73	1564853450.0
624	175	1564853756.0
4	711	1564854340.0
624	71	1564854344.0
620	208	1564854600.0
947	656	1564855890.0
668	330	1564856006.0
947	300	1564856078.0
852	880	1564858922.0
118	658	1564860867.0
358	153	1564867145.0
476	881	1564867593.0
494	859	1564868999.0
57	447	1564885608.0
1147	804	1564888363.0
657	741	1564896910.0
657	385	1564897457.0
657	804	1564897673.0
620	837	1564922526.0
620	367	1564925949.0
522	720	1564929687.0
90	219	1564929966.0
401	73	1564935466.0
910	270	1564938087.0
36	779	1564939633.0
910	786	1564946085.0
749	86	1564952526.0
749	651	1564952733.0
1075	51	1564955787.0
281	823	1564957327.0
1076	305	1564958239.0
277	396	1564960346.0
243	287	1564961172.0
190	853	1564963827.0
1125	281	1564968146.0
1125	275	1564968744.0
261	849	1564970897.0
425	315	1564978509.0
833	860	1564980023.0
467	867	1565003941.0
1089	48	1565010074.0
128	422	1565011714.0
1091	542	1565014579.0
251	28	1565014608.0
39	860	1565017767.0
1147	464	1565021265.0
970	558	1565024689.0
233	860	1565028064.0
501	276	1565032400.0
501	7	1565032455.0
1076	778	1565033538.0
140	287	1565034788.0
852	631	1565036201.0
852	36	1565036675.0
411	62	1565039002.0
1117	173	1565039699.0
240	22	1565044275.0
1031	749	1565047900.0
600	852	1565049347.0
79	481	1565056306.0
302	75	1565058485.0
1124	58	1565058549.0
861	234	1565059084.0
1136	295	1565061773.0
465	273	1565070886.0
465	275	1565071082.0
465	699	1565071163.0
465	825	1565071270.0
465	629	1565071608.0
465	84	1565071701.0
465	796	1565071822.0
465	32	1565071883.0
465	827	1565071975.0
465	670	1565072390.0
190	47	1565092033.0
982	847	1565100602.0
982	514	1565100887.0
808	28	1565102581.0
982	10	1565103337.0
1050	23	1565106085.0
39	107	1565113976.0
4	500	1565116812.0
57	491	1565117604.0
1013	623	1565117665.0
832	811	1565117890.0
689	678	1565118017.0
57	446	1565118058.0
772	99	1565119314.0
832	828	1565120285.0
207	0	1565123063.0
525	422	1565125054.0
333	53	1565129157.0
401	221	1565129503.0
525	528	1565130822.0
756	844	1565132433.0
1141	651	1565135945.0
1139	61	1565140055.0
734	673	1565140343.0
8	881	1565141541.0
775	808	1565141800.0
465	98	1565141895.0
465	46	1565142093.0
465	363	1565142171.0
465	60	1565142222.0
1141	108	1565142358.0
465	19	1565142361.0
1033	132	1565144845.0
1139	64	1565146090.0
989	112	1565149960.0
512	97	1565153699.0
1139	131	1565179246.0
1084	364	1565183784.0
1084	723	1565184213.0
436	417	1565185220.0
641	266	1565187282.0
1145	123	1565192204.0
1145	582	1565192962.0
1018	287	1565193797.0
1145	228	1565194543.0
1145	35	1565195172.0
1145	57	1565196362.0
1145	782	1565196720.0
39	20	1565197359.0
987	392	1565202667.0
1145	804	1565202763.0
181	28	1565205140.0
1145	30	1565206952.0
1083	871	1565207395.0
959	393	1565208761.0
959	309	1565209153.0
475	452	1565210295.0
24	716	1565210795.0
475	267	1565211075.0
24	365	1565212951.0
24	368	1565213247.0
1136	387	1565220231.0
450	352	1565222632.0
1031	147	1565223361.0
1125	662	1565229045.0
815	742	1565229961.0
698	862	1565231928.0
1077	852	1565269945.0
937	20	1565271646.0
834	696	1565275002.0
4	538	1565280042.0
970	552	1565285790.0
758	522	1565294606.0
1119	47	1565295327.0
1119	108	1565295749.0
370	449	1565297498.0
431	237	1565303474.0
962	99	1565304996.0
375	104	1565308063.0
375	364	1565308422.0
303	877	1565308787.0
375	141	1565309293.0
349	671	1565313724.0
349	36	1565314203.0
730	412	1565315246.0
297	0	1565316295.0
211	99	1565316391.0
102	503	1565318244.0
730	566	1565321240.0
833	694	1565323089.0
383	883	1565324271.0
1145	480	1565326496.0
844	41	1565331437.0
968	435	1565356090.0
910	477	1565357370.0
823	528	1565357442.0
1079	844	1565358812.0
1125	354	1565363011.0
940	852	1565363461.0
99	875	1565363655.0
493	781	1565369324.0
1031	362	1565369917.0
833	221	1565370446.0
600	703	1565370544.0
128	371	1565382061.0
1148	31	1565383254.0
1141	498	1565383399.0
620	631	1565383527.0
431	275	1565384403.0
223	49	1565385498.0
155	862	1565385926.0
1114	881	1565388549.0
1148	275	1565388979.0
1148	99	1565389025.0
1148	324	1565389205.0
1148	210	1565389244.0
1148	101	1565389351.0
1148	542	1565389444.0
1148	439	1565389510.0
1148	189	1565389776.0
1148	374	1565389807.0
1148	529	1565390070.0
1148	295	1565390416.0
1148	252	1565390456.0
1148	581	1565390514.0
1129	647	1565390669.0
1148	141	1565390669.0
1148	417	1565390723.0
1148	774	1565390847.0
1148	865	1565391010.0
1148	496	1565391915.0
1148	742	1565391981.0
1148	161	1565392098.0
1148	185	1565392170.0
1148	177	1565392210.0
1148	370	1565392512.0
1148	21	1565392579.0
1148	131	1565392627.0
1148	267	1565392669.0
1148	741	1565392713.0
1148	264	1565392823.0
1148	446	1565392868.0
1148	97	1565392920.0
1148	621	1565393104.0
1148	71	1565393267.0
1148	579	1565393354.0
1148	847	1565393437.0
1148	323	1565393528.0
1146	18	1565394108.0
1101	416	1565394498.0
1146	848	1565395736.0
927	347	1565396703.0
1003	649	1565400781.0
567	186	1565408278.0
78	843	1565418032.0
78	822	1565418184.0
581	459	1565419481.0
581	447	1565419598.0
581	620	1565419645.0
774	605	1565433800.0
940	718	1565434775.0
1148	868	1565436794.0
1148	58	1565437069.0
1148	119	1565437865.0
1148	703	1565438153.0
274	128	1565443709.0
242	817	1565445000.0
1148	219	1565446380.0
1148	486	1565448730.0
1148	10	1565448959.0
1148	761	1565449004.0
1148	665	1565449315.0
1107	206	1565455823.0
1050	76	1565456731.0
165	159	1565463797.0
243	337	1565465759.0
392	673	1565466824.0
392	734	1565467816.0
1129	593	1565468569.0
725	378	1565468743.0
725	655	1565469141.0
1084	542	1565469160.0
1146	178	1565469171.0
883	67	1565471530.0
758	251	1565472828.0
944	694	1565474009.0
243	152	1565475310.0
415	838	1565478635.0
145	246	1565482103.0
301	38	1565485704.0
255	178	1565498934.0
726	799	1565499442.0
726	651	1565499672.0
465	135	1565500119.0
1020	842	1565523831.0
812	386	1565524629.0
450	143	1565524975.0
4	882	1565527096.0
834	600	1565527699.0
637	56	1565532670.0
44	84	1565537397.0
841	23	1565538141.0
528	64	1565546265.0
743	395	1565546372.0
413	881	1565546908.0
997	787	1565549022.0
348	754	1565554122.0
50	529	1565554140.0
468	417	1565554694.0
881	195	1565557376.0
594	881	1565558391.0
673	390	1565560242.0
852	189	1565561019.0
1132	815	1565561437.0
1132	759	1565561570.0
719	257	1565563194.0
803	504	1565567882.0
237	31	1565571074.0
620	884	1565571180.0
237	133	1565571334.0
72	203	1565571582.0
1123	177	1565573196.0
317	247	1565573228.0
841	246	1565573579.0
563	796	1565576883.0
47	10	1565577089.0
1138	829	1565578620.0
1031	490	1565579511.0
910	148	1565579703.0
1031	487	1565579747.0
1031	351	1565579895.0
860	99	1565582963.0
860	544	1565583541.0
860	848	1565584075.0
232	135	1565609082.0
991	321	1565612075.0
797	783	1565615102.0
942	671	1565617600.0
1138	98	1565617879.0
740	881	1565618943.0
808	501	1565619295.0
39	868	1565622265.0
546	389	1565624388.0
406	105	1565624491.0
617	258	1565628670.0
892	820	1565629304.0
1118	417	1565632072.0
1078	873	1565635705.0
1078	349	1565636090.0
1000	177	1565638805.0
421	38	1565642444.0
1141	654	1565642605.0
421	870	1565642682.0
421	385	1565642905.0
1141	677	1565652799.0
172	136	1565655958.0
803	275	1565658247.0
118	24	1565659241.0
771	806	1565659404.0
1125	645	1565662886.0
1000	245	1565663293.0
1000	457	1565664213.0
429	145	1565665496.0
455	580	1565666005.0
860	285	1565666369.0
1124	729	1565667465.0
895	309	1565670807.0
895	788	1565671377.0
902	275	1565702972.0
902	682	1565703152.0
14	860	1565707390.0
14	318	1565710657.0
921	346	1565713756.0
921	95	1565716467.0
14	89	1565717485.0
1140	69	1565718501.0
421	199	1565719709.0
421	651	1565720146.0
342	845	1565721366.0
1038	226	1565726171.0
552	885	1565728237.0
552	883	1565728884.0
552	886	1565729159.0
1146	489	1565729964.0
1149	51	1565737552.0
431	20	1565737922.0
1149	206	1565738204.0
1149	21	1565738497.0
1149	97	1565738888.0
1149	41	1565739340.0
546	10	1565739640.0
1149	131	1565739713.0
252	385	1565740100.0
1149	602	1565744478.0
1149	20	1565744579.0
472	787	1565744861.0
1105	146	1565746586.0
1148	549	1565747249.0
1148	199	1565747316.0
1148	206	1565747376.0
1148	226	1565747458.0
1148	249	1565747654.0
1148	94	1565747701.0
1148	688	1565748518.0
1148	347	1565748663.0
1148	643	1565748881.0
1148	7	1565749082.0
1148	318	1565749175.0
1148	346	1565749458.0
1148	528	1565749614.0
1148	84	1565749805.0
1148	716	1565749882.0
110	39	1565749974.0
1148	600	1565750328.0
1148	176	1565750431.0
1136	206	1565750451.0
1148	638	1565750583.0
1148	485	1565750872.0
908	885	1565751065.0
1148	727	1565751248.0
1148	69	1565751370.0
1148	106	1565751441.0
908	886	1565751444.0
1148	495	1565751609.0
1148	118	1565751673.0
1148	479	1565751802.0
1148	457	1565752391.0
1148	362	1565752564.0
1148	56	1565752696.0
1148	135	1565752797.0
1148	428	1565752869.0
1148	2	1565753237.0
1148	168	1565753261.0
1148	410	1565753722.0
1148	724	1565754035.0
1148	5	1565754121.0
1148	36	1565754312.0
1148	201	1565754353.0
1148	657	1565754389.0
1148	3	1565754604.0
1148	543	1565754647.0
1148	451	1565754720.0
1148	747	1565754771.0
171	763	1565786648.0
1086	308	1565791576.0
1075	660	1565792117.0
342	870	1565792240.0
420	331	1565796132.0
785	736	1565798779.0
1066	305	1565801695.0
1146	177	1565801818.0
1041	865	1565801986.0
264	117	1565803290.0
903	656	1565809992.0
290	835	1565810021.0
964	475	1565811211.0
290	528	1565812234.0
1104	487	1565813151.0
528	493	1565830045.0
1125	59	1565834217.0
609	875	1565835211.0
983	272	1565839540.0
41	56	1565839664.0
1150	472	1565839903.0
1150	84	1565840237.0
1079	621	1565875245.0
1079	848	1565875890.0
1013	315	1565876483.0
968	106	1565876791.0
1079	190	1565877464.0
546	66	1565880014.0
908	883	1565880377.0
1084	155	1565882362.0
469	613	1565886566.0
873	474	1565886841.0
39	368	1565895919.0
655	566	1565897071.0
567	879	1565898597.0
719	138	1565903912.0
50	195	1565910788.0
50	698	1565911270.0
1008	877	1565917724.0
106	130	1565919307.0
626	64	1565920467.0
106	769	1565920731.0
733	783	1565920783.0
191	622	1565921129.0
106	387	1565921180.0
106	646	1565921969.0
106	533	1565922197.0
952	706	1565922958.0
1071	49	1565926586.0
402	883	1565926981.0
707	213	1565966634.0
348	275	1565966634.0
1126	207	1565969339.0
982	747	1565970703.0
525	703	1565974683.0
458	94	1565975387.0
1151	219	1565978981.0
1151	32	1565982056.0
1016	283	1565982158.0
40	524	1565983134.0
175	886	1565983331.0
39	436	1565984286.0
677	742	1565986241.0
1151	99	1565987048.0
3	31	1565991453.0
947	662	1565995209.0
947	741	1565995342.0
171	426	1565997011.0
758	626	1566001523.0
359	887	1566008744.0
239	256	1566009993.0
943	885	1566017514.0
405	205	1566018521.0
497	458	1566044063.0
1097	496	1566047776.0
503	275	1566048872.0
962	881	1566048946.0
596	131	1566051089.0
983	868	1566051525.0
527	412	1566054268.0
1016	847	1566057825.0
1124	864	1566060572.0
948	263	1566064908.0
302	75	1566064920.0
302	228	1566065232.0
725	479	1566068667.0
591	794	1566071552.0
52	7	1566073628.0
52	227	1566074092.0
1033	378	1566075671.0
578	552	1566078557.0
910	556	1566078790.0
23	533	1566078885.0
578	453	1566078964.0
578	857	1566079299.0
36	887	1566080338.0
432	881	1566087404.0
1152	27	1566087715.0
1152	852	1566087898.0
432	816	1566088076.0
325	305	1566089330.0
806	469	1566090057.0
1152	657	1566090603.0
910	243	1566094673.0
3	886	1566094917.0
1125	875	1566098019.0
1125	651	1566098608.0
1083	258	1566099179.0
317	6	1566100257.0
1083	475	1566102690.0
1130	2	1566104096.0
1130	567	1566104254.0
1130	351	1566104392.0
1083	30	1566105650.0
102	351	1566109061.0
644	53	1566133776.0
476	820	1566134672.0
716	135	1566135733.0
476	584	1566136454.0
268	136	1566138485.0
1083	775	1566138618.0
268	870	1566138699.0
1083	191	1566140397.0
528	287	1566142158.0
944	404	1566146625.0
350	651	1566151856.0
959	805	1566156066.0
922	20	1566156387.0
772	774	1566158483.0
432	201	1566159082.0
432	58	1566159375.0
432	76	1566159851.0
73	20	1566160416.0
569	276	1566163202.0
480	392	1566163314.0
697	162	1566166924.0
1120	397	1566168291.0
378	98	1566169354.0
183	295	1566169425.0
378	477	1566169969.0
183	865	1566170418.0
183	668	1566170666.0
1146	670	1566171407.0
183	23	1566171491.0
1146	180	1566171529.0
95	781	1566172015.0
95	885	1566174389.0
818	195	1566175641.0
944	482	1566176208.0
852	48	1566176978.0
611	417	1566177645.0
1130	307	1566181390.0
852	880	1566181958.0
418	877	1566182959.0
613	790	1566212088.0
528	481	1566219791.0
1018	396	1566224911.0
581	79	1566228304.0
947	368	1566229335.0
947	58	1566229769.0
947	6	1566230010.0
1078	703	1566231770.0
128	886	1566236040.0
146	150	1566239209.0
1097	497	1566247253.0
19	99	1566247677.0
1139	31	1566248577.0
1153	880	1566248708.0
1139	416	1566249114.0
1153	884	1566249271.0
1139	43	1566249405.0
1139	854	1566249751.0
1139	292	1566249867.0
1139	24	1566250059.0
327	177	1566250457.0
1153	327	1566251961.0
859	99	1566252495.0
606	848	1566255201.0
606	881	1566257093.0
379	139	1566257266.0
784	781	1566257469.0
1141	526	1566259476.0
97	143	1566260749.0
1141	302	1566261049.0
1141	745	1566262106.0
910	237	1566262171.0
1076	44	1566262852.0
1141	186	1566263316.0
1018	331	1566263647.0
118	275	1566264796.0
1136	686	1566269686.0
1153	721	1566270508.0
1105	755	1566270716.0
1141	686	1566270759.0
1071	201	1566272441.0
75	822	1566272538.0
1003	733	1566273718.0
905	635	1566283106.0
1154	64	1566301844.0
90	452	1566305300.0
719	16	1566309080.0
55	414	1566310904.0
1033	32	1566315235.0
1033	128	1566315544.0
181	734	1566318147.0
128	63	1566319246.0
910	58	1566324777.0
340	473	1566325508.0
833	543	1566328326.0
19	64	1566328460.0
5	888	1566330507.0
79	580	1566332483.0
1076	67	1566333943.0
1076	137	1566334291.0
1076	53	1566334444.0
1153	50	1566335113.0
420	629	1566338221.0
685	293	1566340418.0
1141	760	1566342404.0
1141	527	1566346301.0
1148	825	1566346395.0
1148	19	1566346529.0
1148	684	1566346815.0
1141	206	1566347062.0
1148	140	1566347310.0
1148	554	1566347669.0
1148	352	1566347743.0
1148	379	1566347952.0
1141	84	1566348489.0
1148	769	1566348825.0
1148	537	1566349158.0
889	661	1566349195.0
1148	580	1566349275.0
1148	615	1566349384.0
1148	283	1566349619.0
1148	640	1566349859.0
1148	669	1566349918.0
1148	322	1566350075.0
1148	116	1566350186.0
1148	274	1566350342.0
1148	522	1566350386.0
42	881	1566351937.0
1136	179	1566353673.0
722	851	1566354369.0
620	805	1566354610.0
596	212	1566358854.0
1150	160	1566359556.0
983	290	1566362137.0
1098	190	1566364837.0
1098	680	1566365215.0
928	734	1566391003.0
385	289	1566391799.0
644	871	1566393421.0
14	45	1566394883.0
991	500	1566395536.0
836	434	1566395936.0
1022	486	1566397500.0
921	528	1566399181.0
1151	570	1566399539.0
849	587	1566404329.0
970	367	1566404870.0
1146	500	1566406134.0
446	830	1566406913.0
446	301	1566407474.0
1031	287	1566408307.0
1031	98	1566409113.0
677	742	1566414025.0
1154	351	1566414904.0
1071	191	1566415154.0
1154	41	1566417405.0
1077	113	1566424030.0
694	827	1566428893.0
758	222	1566430821.0
758	283	1566430976.0
758	618	1566431103.0
1136	44	1566431437.0
1097	497	1566431774.0
1080	417	1566432893.0
1155	32	1566434165.0
1155	86	1566434679.0
1155	206	1566434919.0
1155	173	1566435055.0
1155	44	1566435392.0
251	71	1566438575.0
3	860	1566442893.0
405	741	1566473765.0
1156	10	1566475315.0
698	840	1566479245.0
118	881	1566480113.0
716	99	1566485154.0
398	831	1566488672.0
705	41	1566489996.0
804	483	1566491855.0
686	690	1566493796.0
452	55	1566496441.0
170	97	1566498028.0
452	267	1566499054.0
540	854	1566501774.0
351	831	1566504932.0
1138	343	1566505183.0
1138	575	1566505931.0
1138	99	1566506171.0
1138	348	1566506547.0
1138	809	1566506927.0
453	108	1566507079.0
1138	711	1566507133.0
1138	482	1566507578.0
247	881	1566511967.0
240	367	1566515020.0
1149	101	1566516179.0
1149	57	1566516275.0
1149	23	1566516354.0
1149	525	1566516434.0
818	287	1566516817.0
959	145	1566517891.0
54	486	1566518224.0
1117	367	1566520209.0
959	38	1566522183.0
558	135	1566523126.0
816	273	1566525760.0
959	179	1566526987.0
959	177	1566527194.0
1136	198	1566529900.0
1045	862	1566537787.0
1045	104	1566538373.0
586	848	1566541330.0
147	246	1566541654.0
147	5	1566542570.0
854	603	1566542688.0
854	705	1566542821.0
147	501	1566543262.0
147	113	1566543530.0
147	186	1566543657.0
854	222	1566543918.0
432	884	1566557006.0
112	886	1566562525.0
1155	677	1566571052.0
968	192	1566571952.0
470	549	1566576575.0
1091	101	1566577804.0
231	142	1566578741.0
4	299	1566579522.0
194	99	1566579936.0
194	124	1566580390.0
620	799	1566584528.0
685	293	1566585980.0
189	671	1566589110.0
189	357	1566590215.0
175	861	1566594035.0
355	23	1566594115.0
355	426	1566594424.0
959	548	1566598919.0
1031	775	1566600840.0
0	28	1566603632.0
784	27	1566604591.0
572	123	1566608057.0
194	163	1566608161.0
572	651	1566608277.0
525	99	1566608918.0
983	388	1566609114.0
740	32	1566610335.0
1058	847	1566641887.0
118	889	1566649390.0
910	881	1566650754.0
910	56	1566652259.0
136	838	1566653298.0
786	39	1566653752.0
525	466	1566659741.0
224	861	1566661992.0
1017	584	1566665175.0
1017	239	1566668615.0
1017	251	1566672344.0
359	887	1566673035.0
632	239	1566673505.0
865	26	1566680401.0
1100	276	1566683756.0
1100	391	1566684360.0
743	881	1566690284.0
743	844	1566690371.0
432	241	1566690625.0
1025	267	1566692844.0
947	647	1566693886.0
947	23	1566694356.0
908	115	1566695989.0
860	479	1566696458.0
525	881	1566696830.0
123	725	1566697175.0
122	99	1566698136.0
95	387	1566698497.0
522	432	1566698946.0
73	330	1566699284.0
73	303	1566699691.0
711	248	1566701681.0
1156	216	1566701716.0
1156	44	1566702147.0
533	33	1566743386.0
533	123	1566743593.0
719	887	1566746559.0
968	708	1566750036.0
1125	400	1566751260.0
218	574	1566754905.0
1033	287	1566756348.0
190	84	1566756482.0
1134	295	1566757799.0
1029	473	1566760032.0
1017	846	1566763357.0
4	99	1566765734.0
1017	139	1566767247.0
1133	6	1566768609.0
1133	437	1566768773.0
154	753	1566769635.0
1156	884	1566769813.0
1156	41	1566770167.0
644	61	1566776935.0
374	835	1566778637.0
908	495	1566778731.0
374	453	1566779295.0
974	347	1566781651.0
651	281	1566781875.0
651	449	1566781962.0
910	176	1566784138.0
1013	64	1566785401.0
375	490	1566786181.0
73	9	1566788791.0
1029	740	1566791365.0
685	305	1566820610.0
952	788	1566828560.0
39	835	1566831445.0
1012	828	1566831494.0
535	456	1566834645.0
797	16	1566835160.0
606	886	1566837362.0
436	346	1566837463.0
342	881	1566839266.0
231	249	1566839761.0
787	721	1566840442.0
483	275	1566844541.0
751	148	1566844750.0
483	536	1566844834.0
845	240	1566845001.0
1143	608	1566845069.0
1127	120	1566846989.0
458	99	1566848453.0
1155	50	1566849416.0
1155	668	1566849974.0
1155	289	1566850162.0
535	488	1566850172.0
225	147	1566850472.0
1155	24	1566850996.0
163	870	1566851199.0
586	371	1566851382.0
1155	216	1566851438.0
19	484	1566853188.0
398	818	1566855277.0
157	364	1566856433.0
759	787	1566857490.0
1074	864	1566862050.0
1074	685	1566862278.0
797	874	1566862282.0
1074	788	1566862493.0
1074	177	1566862942.0
1074	747	1566863174.0
799	461	1566868165.0
698	29	1566871527.0
871	31	1566872125.0
1128	814	1566873955.0
614	802	1566911437.0
614	850	1566912428.0
63	888	1566912723.0
1134	206	1566914495.0
420	851	1566919974.0
64	874	1566920843.0
420	203	1566920917.0
242	781	1566921287.0
845	874	1566921956.0
845	59	1566927557.0
1026	870	1566928301.0
1026	46	1566928457.0
1026	666	1566928768.0
289	58	1566929142.0
947	21	1566930099.0
947	751	1566930802.0
967	582	1566930854.0
967	59	1566932452.0
533	247	1566933066.0
967	382	1566933083.0
533	24	1566933434.0
967	270	1566935112.0
643	119	1566935356.0
238	144	1566936757.0
251	31	1566937760.0
238	299	1566938095.0
251	504	1566939237.0
251	482	1566939919.0
967	417	1566940108.0
1156	497	1566940523.0
257	223	1566943263.0
620	47	1566947635.0
620	835	1566948332.0
447	185	1566948792.0
1136	654	1566951990.0
707	861	1566953138.0
1072	84	1566953441.0
1072	385	1566954611.0
21	834	1566955678.0
1148	234	1566956246.0
560	754	1566961303.0
864	287	1566962100.0
126	874	1566963864.0
587	315	1567001756.0
587	95	1567002675.0
743	98	1567004374.0
1127	71	1567008609.0
1146	634	1567014387.0
1146	743	1567014928.0
1146	433	1567015296.0
1146	887	1567016940.0
964	870	1567017274.0
707	248	1567019690.0
382	601	1567022318.0
1153	61	1567026133.0
543	866	1567028023.0
944	85	1567028564.0
251	442	1567028639.0
303	99	1567030756.0
1087	868	1567034646.0
374	266	1567035639.0
1117	282	1567038637.0
72	417	1567039790.0
105	400	1567044344.0
944	703	1567044960.0
1102	20	1567082134.0
785	92	1567084684.0
785	197	1567084866.0
405	229	1567086833.0
989	386	1567087020.0
405	273	1567087395.0
405	845	1567088933.0
615	881	1567090520.0
615	741	1567091392.0
615	844	1567092158.0
615	82	1567094294.0
988	881	1567095304.0
988	390	1567096137.0
988	544	1567096549.0
615	79	1567096983.0
1138	46	1567098273.0
1006	375	1567105332.0
1006	21	1567105439.0
1157	64	1567108925.0
1157	400	1567109237.0
754	885	1567110607.0
1048	848	1567112634.0
396	528	1567114108.0
396	767	1567114789.0
962	877	1567114912.0
584	870	1567117318.0
448	881	1567119557.0
615	637	1567119594.0
1158	745	1567119899.0
276	251	1567120674.0
751	886	1567123550.0
502	864	1567123866.0
1146	835	1567124231.0
1152	260	1567126395.0
973	275	1567126535.0
345	333	1567127945.0
1020	63	1567128993.0
161	887	1567130625.0
852	125	1567134801.0
973	331	1567136520.0
57	398	1567159443.0
57	858	1567159845.0
57	75	1567159953.0
755	143	1567160939.0
467	389	1567167127.0
547	868	1567169026.0
284	846	1567172699.0
1127	783	1567176968.0
921	874	1567177079.0
1031	796	1567178531.0
637	62	1567180484.0
118	868	1567181703.0
691	484	1567185622.0
580	853	1567186943.0
719	2	1567191473.0
1026	64	1567191773.0
1026	23	1567192445.0
158	859	1567193192.0
1026	177	1567195276.0
983	364	1567195378.0
417	883	1567201515.0
417	886	1567202651.0
417	820	1567202794.0
105	745	1567205008.0
641	710	1567206191.0
105	848	1567206199.0
981	888	1567206464.0
861	20	1567207782.0
685	598	1567207942.0
1054	841	1567208863.0
708	40	1567209119.0
582	378	1567211405.0
1013	437	1567212369.0
1031	871	1567213795.0
95	881	1567217540.0
908	889	1567219989.0
399	323	1567221902.0
399	339	1567225251.0
95	391	1567254323.0
1143	75	1567257243.0
105	726	1567260437.0
806	860	1567265769.0
1152	417	1567269547.0
432	149	1567272986.0
432	201	1567273329.0
631	549	1567273963.0
1026	671	1567274906.0
432	6	1567275373.0
719	643	1567275689.0
432	881	1567276424.0
295	780	1567281331.0
535	452	1567292718.0
1152	451	1567293144.0
1156	814	1567295230.0
992	838	1567297160.0
974	267	1567299713.0
1159	268	1567299852.0
1159	131	1567300334.0
1020	156	1567303637.0
649	868	1567307972.0
1160	553	1567312870.0
708	5	1567335719.0
644	82	1567335913.0
1148	64	1567344593.0
1148	858	1567344816.0
1148	833	1567344909.0
848	881	1567346920.0
983	881	1567347372.0
497	61	1567347838.0
403	691	1567357492.0
649	239	1567358203.0
541	456	1567358433.0
69	33	1567360305.0
69	806	1567360597.0
69	844	1567361125.0
69	801	1567361947.0
69	41	1567362282.0
125	862	1567366525.0
399	540	1567367205.0
447	370	1567368342.0
1019	851	1567369899.0
938	864	1567370309.0
596	341	1567371568.0
948	646	1567372106.0
420	512	1567374092.0
948	671	1567375525.0
649	844	1567376411.0
649	789	1567376514.0
924	827	1567376655.0
649	170	1567377284.0
1120	586	1567378103.0
1120	646	1567378244.0
1010	131	1567378723.0
1010	578	1567378893.0
1129	5	1567379901.0
649	489	1567379919.0
289	883	1567382512.0
289	886	1567382835.0
644	442	1567384379.0
641	835	1567386146.0
145	835	1567386380.0
1014	331	1567386392.0
741	143	1567387151.0
453	803	1567388811.0
992	426	1567403391.0
741	405	1567429216.0
892	607	1567432420.0
69	108	1567438661.0
453	473	1567439401.0
615	56	1567442717.0
447	870	1567442851.0
615	842	1567443304.0
541	560	1567443528.0
615	13	1567443794.0
432	235	1567444942.0
948	317	1567445006.0
797	826	1567446242.0
1148	390	1567446472.0
948	1	1567446551.0
797	33	1567446621.0
1026	676	1567449888.0
1026	786	1567450147.0
243	348	1567450464.0
1026	601	1567450589.0
627	827	1567452127.0
1125	365	1567454684.0
1117	32	1567457585.0
417	883	1567458003.0
1156	367	1567459759.0
873	55	1567459789.0
91	275	1567459812.0
1013	643	1567462890.0
741	41	1567463151.0
815	268	1567463830.0
1013	327	1567465267.0
792	317	1567465531.0
792	607	1567466330.0
614	798	1567469787.0
1151	234	1567470692.0
1120	43	1567476982.0
1123	193	1567481883.0
1120	379	1567484794.0
1120	457	1567485008.0
552	517	1567521437.0
615	822	1567525625.0
40	99	1567526151.0
989	881	1567530514.0
915	499	1567532270.0
447	64	1567532366.0
911	131	1567533577.0
39	870	1567535049.0
39	307	1567535712.0
67	150	1567537607.0
198	817	1567538917.0
198	867	1567539327.0
496	829	1567541109.0
380	799	1567543399.0
380	797	1567543600.0
953	881	1567543602.0
953	282	1567543835.0
1153	393	1567544512.0
1153	874	1567544777.0
1153	247	1567544916.0
1020	147	1567545915.0
198	39	1567546065.0
268	98	1567549184.0
268	287	1567549405.0
401	211	1567549432.0
252	802	1567552532.0
271	776	1567554218.0
948	282	1567555591.0
876	750	1567555945.0
942	516	1567561335.0
70	600	1567561597.0
247	378	1567561617.0
942	234	1567561912.0
105	790	1567599681.0
767	382	1567601487.0
158	53	1567607406.0
158	354	1567608258.0
1152	741	1567608288.0
1152	267	1567608852.0
978	23	1567610547.0
158	184	1567611719.0
19	859	1567615397.0
158	339	1567617452.0
339	201	1567621076.0
339	605	1567622642.0
150	844	1567622886.0
419	535	1567624092.0
1161	141	1567624158.0
1161	31	1567624497.0
1161	2	1567624610.0
1161	206	1567624746.0
1161	870	1567624932.0
1161	275	1567625669.0
1161	179	1567625845.0
1161	43	1567627494.0
1161	97	1567627558.0
158	157	1567627588.0
1161	44	1567627727.0
1161	41	1567627819.0
224	874	1567629461.0
375	44	1567631086.0
1161	799	1567631202.0
681	744	1567631969.0
740	860	1567632814.0
661	500	1567633746.0
217	58	1567634127.0
46	222	1567634720.0
883	886	1567636245.0
1021	747	1567643756.0
1161	256	1567644674.0
844	108	1567650211.0
1156	677	1567657695.0
1098	506	1567664585.0
1020	848	1567678119.0
1152	864	1567683057.0
1120	202	1567689265.0
638	568	1567692474.0
638	212	1567692682.0
638	57	1567692845.0
638	671	1567693039.0
638	435	1567698686.0
638	332	1567699278.0
638	284	1567699636.0
638	84	1567699842.0
638	741	1567700083.0
638	446	1567700262.0
638	32	1567700387.0
638	206	1567700726.0
1143	443	1567706899.0
961	475	1567711134.0
1138	889	1567711353.0
1138	217	1567712061.0
1018	275	1567713572.0
1054	543	1567715525.0
290	582	1567717608.0
1153	652	1567717784.0
945	745	1567718425.0
802	10	1567719348.0
998	141	1567726560.0
973	131	1567731367.0
212	106	1567734794.0
212	434	1567735249.0
212	146	1567735704.0
1152	43	1567736805.0
722	195	1567739372.0
607	251	1567742082.0
21	444	1567767804.0
758	57	1567774437.0
655	679	1567778131.0
998	211	1567780765.0
998	247	1567781914.0
998	20	1567782540.0
998	378	1567782886.0
998	128	1567785749.0
998	111	1567787234.0
998	817	1567787755.0
998	818	1567788340.0
1006	564	1567789511.0
891	31	1567789552.0
998	470	1567790310.0
998	61	1567790913.0
432	840	1567791473.0
775	117	1567793315.0
1157	371	1567796881.0
1157	289	1567797253.0
700	887	1567797374.0
1157	400	1567797611.0
1128	315	1567798365.0
1128	766	1567798458.0
1128	224	1567798555.0
338	431	1567804602.0
358	876	1567806457.0
762	879	1567807983.0
762	364	1567808369.0
818	887	1567815448.0
434	444	1567815840.0
818	359	1567815909.0
818	506	1567816565.0
1129	587	1567819386.0
212	436	1567821870.0
378	23	1567823187.0
476	617	1567824191.0
476	31	1567825009.0
953	327	1567825311.0
953	784	1567825796.0
1156	254	1567826492.0
476	76	1567826897.0
340	824	1567830699.0
1083	64	1567831499.0
1083	371	1567832242.0
1083	351	1567832778.0
1083	191	1567832959.0
1083	30	1567832978.0
1083	258	1567833025.0
1083	176	1567834100.0
1083	17	1567835698.0
482	332	1567844772.0
208	71	1567860053.0
1159	124	1567863781.0
4	871	1567865323.0
896	77	1567866572.0
944	335	1567869940.0
1162	31	1567870034.0
1162	21	1567870152.0
1162	57	1567870356.0
1162	23	1567870569.0
1162	237	1567871041.0
1162	20	1567871139.0
1162	179	1567871449.0
1162	331	1567871661.0
1162	160	1567871920.0
1162	245	1567872580.0
1162	811	1567872763.0
1102	23	1567877150.0
661	886	1567878995.0
1062	336	1567879097.0
432	289	1567881019.0
432	881	1567887763.0
1120	492	1567887767.0
816	420	1567889194.0
980	39	1567890645.0
1152	131	1567890833.0
1154	806	1567890848.0
1154	337	1567891262.0
1154	157	1567891505.0
688	649	1567895843.0
649	92	1567896365.0
649	310	1567899976.0
150	280	1567900401.0
87	346	1567900864.0
1152	747	1567905387.0
1154	179	1567907128.0
1154	220	1567907299.0
178	410	1567916427.0
178	275	1567916808.0
865	41	1567942339.0
236	415	1567947593.0
147	270	1567948727.0
638	704	1567949631.0
549	464	1567949791.0
1088	865	1567950534.0
1134	498	1567950778.0
549	26	1567953619.0
549	668	1567954345.0
1120	536	1567954378.0
1152	731	1567962317.0
181	115	1567963734.0
181	609	1567964079.0
181	870	1567966510.0
481	862	1567970213.0
1019	881	1567970801.0
432	267	1567971943.0
532	26	1567978253.0
159	242	1567980365.0
1120	670	1567983919.0
1152	44	1567989020.0
730	323	1567992366.0
983	648	1567993422.0
730	656	1567993432.0
806	881	1567994560.0
699	799	1567994623.0
699	47	1567995290.0
1159	275	1567995591.0
1159	740	1567996207.0
110	802	1567996475.0
823	205	1568026075.0
39	854	1568040474.0
894	872	1568043355.0
661	310	1568045325.0
1130	182	1568047307.0
615	695	1568049304.0
615	455	1568049622.0
84	158	1568050476.0
538	412	1568052537.0
640	522	1568057037.0
264	786	1568057207.0
921	199	1568057390.0
830	42	1568057679.0
63	795	1568058130.0
921	817	1568058645.0
265	888	1568058784.0
1153	394	1568063002.0
335	746	1568063075.0
1153	326	1568063187.0
970	798	1568065459.0
1133	475	1568067933.0
1133	83	1568068144.0
533	738	1568069219.0
649	848	1568071536.0
155	746	1568071624.0
1074	881	1568072565.0
1074	883	1568073229.0
1048	377	1568075653.0
1048	455	1568076017.0
1025	175	1568079915.0
1136	600	1568080285.0
685	268	1568086092.0
927	860	1568087081.0
651	463	1568101923.0
651	464	1568102263.0
651	668	1568102591.0
823	367	1568111371.0
871	846	1568115797.0
375	590	1568127387.0
170	782	1568127514.0
530	848	1568128531.0
1127	510	1568132838.0
1157	57	1568133564.0
530	881	1568133699.0
39	846	1568134224.0
134	317	1568135416.0
845	561	1568136820.0
674	79	1568137920.0
788	394	1568143289.0
1056	423	1568157986.0
477	126	1568162334.0
477	655	1568163217.0
691	795	1568163433.0
691	123	1568163498.0
691	515	1568163579.0
1150	398	1568165439.0
339	513	1568167230.0
339	580	1568167486.0
339	741	1568168004.0
259	860	1568174846.0
631	863	1568212587.0
247	226	1568213737.0
804	531	1568214607.0
484	834	1568215519.0
1111	108	1568218462.0
719	445	1568218465.0
1111	21	1568218594.0
77	626	1568223316.0
896	105	1568228989.0
891	204	1568232567.0
1125	419	1568238997.0
28	442	1568240738.0
891	315	1568242722.0
370	396	1568247212.0
758	327	1568250235.0
620	544	1568250870.0
1163	633	1568263308.0
1163	53	1568263394.0
340	638	1568266403.0
1077	459	1568288957.0
1079	661	1568290723.0
787	371	1568296089.0
891	236	1568299240.0
365	863	1568299380.0
891	211	1568303698.0
627	867	1568304098.0
707	874	1568304805.0
915	500	1568306292.0
523	874	1568309144.0
528	878	1568310279.0
28	885	1568315822.0
751	200	1568316108.0
695	89	1568316641.0
983	553	1568317587.0
988	596	1568318720.0
981	642	1568321220.0
1153	239	1568321864.0
1153	372	1568322275.0
879	275	1568323398.0
1067	580	1568326487.0
666	97	1568327064.0
1067	246	1568327071.0
1067	815	1568327393.0
947	173	1568329094.0
947	7	1568329512.0
1164	782	1568332611.0
796	114	1568334083.0
1035	115	1568337603.0
1035	407	1568338542.0
895	689	1568343144.0
1035	417	1568344136.0
791	538	1568351020.0
844	545	1568354338.0
94	265	1568372073.0
1164	567	1568376276.0
28	596	1568378635.0
1152	175	1568379320.0
940	705	1568379522.0
615	20	1568383984.0
1152	206	1568384801.0
891	4	1568386949.0
1044	275	1568390199.0
1075	783	1568392377.0
1075	316	1568392492.0
1164	173	1568395324.0
27	125	1568398112.0
651	882	1568398169.0
695	764	1568398428.0
686	862	1568398892.0
526	138	1568400279.0
945	171	1568401870.0
1164	646	1568402353.0
1164	568	1568402484.0
338	131	1568403443.0
891	264	1568404877.0
1164	749	1568405444.0
910	151	1568405869.0
915	855	1568406090.0
891	288	1568406099.0
910	613	1568407049.0
852	749	1568408979.0
248	136	1568410529.0
248	99	1568411666.0
974	344	1568412940.0
1161	840	1568413066.0
974	136	1568414331.0
974	303	1568415114.0
974	804	1568415764.0
1164	400	1568417663.0
716	881	1568426799.0
118	810	1568427037.0
1156	255	1568441019.0
1058	860	1568460166.0
1058	31	1568460728.0
1058	612	1568461182.0
1134	654	1568466712.0
1131	769	1568468006.0
651	168	1568468104.0
785	335	1568470628.0
1157	106	1568474886.0
1164	596	1568477652.0
1075	31	1568478555.0
991	588	1568479396.0
991	209	1568479488.0
722	63	1568479571.0
991	44	1568479771.0
175	859	1568480565.0
582	179	1568482069.0
1157	326	1568485694.0
526	266	1568486736.0
526	72	1568486954.0
1162	246	1568488084.0
1162	2	1568488389.0
1162	421	1568488685.0
1162	486	1568489008.0
1162	5	1568489156.0
182	835	1568490921.0
426	418	1568492332.0
426	558	1568492515.0
426	175	1568492743.0
572	746	1568499008.0
1164	171	1568499140.0
797	176	1568502852.0
84	391	1568507385.0
1150	114	1568507765.0
1165	171	1568507968.0
1165	226	1568508084.0
1150	416	1568508154.0
1165	669	1568508388.0
1165	504	1568508532.0
1150	598	1568508769.0
1165	400	1568508829.0
1165	782	1568509028.0
751	881	1568509499.0
673	881	1568509575.0
1165	173	1568509631.0
473	806	1568509793.0
1165	549	1568509939.0
1165	175	1568510027.0
71	810	1568511089.0
649	517	1568512108.0
649	63	1568513009.0
792	191	1568513421.0
1156	45	1568513615.0
1088	331	1568513776.0
1156	875	1568514978.0
53	882	1568551250.0
1134	21	1568553538.0
408	877	1568559735.0
1165	881	1568561185.0
1165	591	1568561427.0
998	108	1568566765.0
389	626	1568567132.0
479	618	1568571673.0
998	449	1568572052.0
1164	586	1568572396.0
349	848	1568573724.0
1129	587	1568573991.0
774	860	1568574454.0
349	379	1568574995.0
649	726	1568575569.0
649	43	1568576632.0
329	64	1568577082.0
349	36	1568577144.0
825	201	1568579112.0
1032	337	1568580270.0
1032	352	1568580421.0
349	275	1568580447.0
1032	417	1568580611.0
959	122	1568581079.0
23	143	1568581492.0
310	110	1568583193.0
167	831	1568585339.0
661	614	1568587615.0
207	462	1568588033.0
1018	327	1568590549.0
1038	834	1568591886.0
1142	31	1568592808.0
1142	369	1568593136.0
4	348	1568595184.0
146	672	1568595318.0
267	99	1568595962.0
267	27	1568596511.0
267	847	1568596971.0
525	626	1568598581.0
1139	336	1568599934.0
267	834	1568600405.0
948	556	1568600507.0
1139	365	1568601063.0
1139	44	1568601203.0
1139	206	1568601412.0
1139	23	1568601642.0
203	2	1568602028.0
145	325	1568602589.0
203	788	1568603089.0
1166	23	1568603414.0
1166	741	1568603628.0
1166	53	1568603749.0
1166	114	1568604009.0
1166	400	1568604220.0
1139	346	1568604494.0
1166	84	1568604615.0
1139	630	1568604678.0
68	429	1568604709.0
1139	646	1568604846.0
1166	43	1568604905.0
1139	257	1568604995.0
1166	285	1568605162.0
1166	341	1568605428.0
1166	201	1568605598.0
1166	826	1568606067.0
1166	28	1568606184.0
1139	871	1568606355.0
1166	530	1568606682.0
1166	6	1568606796.0
1139	754	1568607265.0
1139	133	1568607497.0
1139	442	1568607737.0
1139	378	1568607890.0
1139	821	1568608121.0
232	246	1568637463.0
528	33	1568643290.0
365	347	1568643599.0
1167	549	1568643953.0
1167	613	1568644665.0
1167	409	1568644755.0
747	43	1568644810.0
245	767	1568644863.0
1167	591	1568645094.0
1167	881	1568645216.0
1167	171	1568645744.0
1167	226	1568646139.0
1167	669	1568646288.0
1167	596	1568646679.0
1167	504	1568646797.0
1039	179	1568646910.0
1167	175	1568647199.0
1167	206	1568647700.0
1167	173	1568647815.0
1127	852	1568649391.0
807	386	1568650736.0
644	297	1568651159.0
1167	677	1568652029.0
650	858	1568654130.0
106	106	1568655331.0
1156	334	1568655709.0
39	236	1568658694.0
1152	179	1568661073.0
1152	301	1568661559.0
974	275	1568665058.0
954	19	1568668813.0
1139	169	1568670115.0
1153	881	1568672925.0
220	521	1568677942.0
1168	142	1568678347.0
1168	161	1568678528.0
106	16	1568678802.0
106	333	1568679466.0
431	310	1568679486.0
106	823	1568679638.0
106	789	1568679855.0
1168	881	1568680146.0
1168	844	1568680463.0
1168	6	1568680541.0
1168	201	1568680609.0
1168	346	1568680976.0
1168	79	1568681049.0
1168	135	1568681206.0
1168	817	1568681445.0
750	84	1568682100.0
927	745	1568682301.0
67	544	1568682749.0
650	536	1568690075.0
1162	157	1568693960.0
1162	325	1568694285.0
1107	827	1568715166.0
262	346	1568716293.0
917	740	1568727035.0
650	199	1568728684.0
650	871	1568728853.0
1050	525	1568729275.0
917	41	1568729602.0
740	853	1568730678.0
615	626	1568738303.0
615	502	1568738784.0
902	117	1568738820.0
1169	113	1568739339.0
1169	391	1568739736.0
1169	827	1568740930.0
1169	369	1568741877.0
845	272	1568741992.0
371	781	1568742309.0
1169	280	1568742881.0
747	232	1568743135.0
1169	810	1568743843.0
40	153	1568744189.0
891	84	1568745000.0
251	293	1568749870.0
251	250	1568751845.0
891	548	1568752117.0
90	609	1568753171.0
90	188	1568753498.0
891	827	1568754323.0
1118	399	1568755205.0
1170	161	1568760335.0
1170	206	1568760530.0
525	687	1568760694.0
496	222	1568763533.0
1139	368	1568764494.0
525	736	1568765865.0
1139	247	1568766846.0
1169	822	1568767077.0
1139	486	1568767996.0
150	821	1568768218.0
1139	32	1568768267.0
1170	275	1568768867.0
1159	436	1568770144.0
649	846	1568770351.0
1170	486	1568770535.0
1170	56	1568770889.0
1171	328	1568772360.0
398	479	1568779520.0
128	182	1568808807.0
675	232	1568812486.0
1118	331	1568813636.0
481	300	1568813857.0
181	176	1568814818.0
937	420	1568820530.0
699	247	1568821597.0
699	90	1568822315.0
636	57	1568823628.0
952	743	1568828190.0
996	225	1568828251.0
561	84	1568843794.0
1169	58	1568848791.0
1170	638	1568853410.0
832	56	1568854912.0
832	768	1568855141.0
832	743	1568856620.0
832	417	1568857562.0
285	378	1568861092.0
796	439	1568865942.0
796	185	1568866071.0
796	284	1568866866.0
33	516	1568868371.0
1150	521	1568870912.0
1150	98	1568872207.0
937	53	1568897154.0
1158	464	1568899484.0
747	60	1568899741.0
1168	796	1568901263.0
520	860	1568905303.0
520	626	1568905769.0
520	56	1568906133.0
520	676	1568906524.0
520	294	1568906992.0
4	239	1568907533.0
1152	331	1568907659.0
1107	64	1568910732.0
828	703	1568911490.0
804	890	1568911600.0
964	735	1568913086.0
470	880	1568913726.0
804	891	1568914053.0
953	199	1568915298.0
953	840	1568915592.0
311	335	1568916368.0
40	325	1568916704.0
985	854	1568922598.0
902	287	1568934727.0
211	7	1568942557.0
211	50	1568942687.0
944	131	1568944046.0
927	835	1568954650.0
823	30	1568975811.0
245	428	1568979796.0
1079	335	1568981646.0
21	239	1568985530.0
1159	308	1568985713.0
750	881	1568985867.0
747	355	1568990308.0
1168	809	1568991662.0
1111	290	1568993575.0
1152	2	1568993662.0
286	64	1568993680.0
1128	236	1568993945.0
1102	89	1568997098.0
856	881	1569002071.0
1142	107	1569003772.0
19	844	1569003884.0
228	872	1569005976.0
501	99	1569012993.0
1089	309	1569015121.0
1068	384	1569020960.0
707	631	1569023493.0
1145	28	1569025875.0
1169	47	1569026474.0
675	47	1569027719.0
52	892	1569029862.0
52	840	1569030197.0
589	864	1569031616.0
799	792	1569031803.0
864	335	1569034172.0
178	789	1569037012.0
1134	526	1569052167.0
1107	700	1569059999.0
623	835	1569065909.0
476	211	1569066433.0
1168	177	1569069661.0
1168	367	1569070030.0
1168	605	1569070226.0
68	142	1569071142.0
68	237	1569071194.0
910	809	1569071594.0
697	5	1569071939.0
1132	638	1569073280.0
1132	274	1569074309.0
1171	99	1569077220.0
643	747	1569078843.0
155	850	1569080389.0
526	310	1569085090.0
128	340	1569087122.0
953	881	1569090864.0
988	706	1569092294.0
910	47	1569095116.0
747	331	1569095454.0
895	726	1569095622.0
1068	520	1569095942.0
996	49	1569096322.0
1019	137	1569101611.0
755	394	1569103354.0
529	872	1569104740.0
407	94	1569105232.0
893	587	1569106040.0
792	197	1569106749.0
414	746	1569107162.0
432	475	1569108720.0
1074	191	1569109045.0
432	530	1569109075.0
432	890	1569109540.0
1074	84	1569109735.0
420	269	1569110333.0
317	26	1569117704.0
580	219	1569121590.0
944	335	1569124120.0
14	351	1569125587.0
14	806	1569126933.0
1171	179	1569157520.0
525	64	1569158973.0
649	119	1569164743.0
493	331	1569165101.0
675	746	1569166087.0
285	741	1569167382.0
285	31	1569167549.0
747	23	1569168230.0
739	31	1569170420.0
1172	135	1569174890.0
1006	808	1569176354.0
1172	99	1569179267.0
1172	131	1569179584.0
958	365	1569179865.0
1172	36	1569180016.0
1171	192	1569180361.0
864	23	1569182900.0
802	282	1569183044.0
964	656	1569183337.0
637	432	1569184872.0
240	551	1569185226.0
633	544	1569185277.0
432	289	1569185301.0
1171	64	1569185324.0
633	2	1569185660.0
967	282	1569187149.0
953	287	1569192808.0
953	736	1569193195.0
432	65	1569193294.0
953	129	1569193578.0
460	378	1569193791.0
953	325	1569194210.0
310	274	1569200728.0
1156	487	1569201975.0
1156	490	1569202329.0
1156	747	1569203240.0
1142	303	1569204868.0
1142	664	1569205178.0
1142	177	1569205595.0
1153	489	1569210107.0
767	330	1569212031.0
51	859	1569216824.0
84	251	1569221738.0
823	688	1569235045.0
1046	875	1569239764.0
807	399	1569241658.0
232	57	1569242798.0
617	715	1569243264.0
617	700	1569243407.0
597	414	1569243573.0
232	5	1569244250.0
845	362	1569244770.0
747	811	1569246217.0
1123	391	1569246985.0
232	870	1569247654.0
382	837	1569248026.0
989	655	1569248874.0
1118	428	1569249160.0
102	881	1569249327.0
207	734	1569254217.0
251	268	1569254256.0
40	833	1569255435.0
251	285	1569256348.0
251	627	1569256598.0
251	753	1569256902.0
251	510	1569257267.0
73	34	1569257583.0
1173	452	1569262270.0
1173	56	1569262465.0
567	834	1569263339.0
1173	417	1569263934.0
1053	77	1569264583.0
824	386	1569268189.0
338	240	1569270651.0
797	305	1569272999.0
1072	110	1569274522.0
118	847	1569276046.0
21	887	1569277262.0
1120	16	1569278472.0
1120	83	1569278858.0
21	330	1569284556.0
1045	236	1569285514.0
895	117	1569285561.0
644	399	1569289230.0
311	838	1569292166.0
1118	222	1569292403.0
1015	334	1569294087.0
659	275	1569296114.0
659	99	1569296286.0
755	5	1569321714.0
97	99	1569327361.0
614	99	1569332107.0
1053	47	1569332415.0
491	99	1569333538.0
375	68	1569345236.0
527	296	1569346944.0
19	333	1569351565.0
944	414	1569352156.0
643	643	1569352579.0
1152	84	1569353187.0
921	626	1569353203.0
968	652	1569356299.0
797	885	1569365875.0
544	831	1569367275.0
544	677	1569368105.0
927	475	1569370966.0
927	348	1569371112.0
750	287	1569373068.0
1017	99	1569374251.0
1045	102	1569374461.0
1102	835	1569376645.0
756	64	1569377314.0
183	297	1569377366.0
756	414	1569378174.0
1017	31	1569379170.0
419	115	1569379919.0
944	859	1569380067.0
927	82	1569383259.0
791	27	1569384140.0
927	851	1569384288.0
791	6	1569384887.0
1173	52	1569408158.0
1173	703	1569408389.0
1173	150	1569409120.0
1173	764	1569409385.0
1173	373	1569409743.0
1173	89	1569409930.0
1053	312	1569416138.0
802	565	1569416970.0
937	378	1569417344.0
164	468	1569418286.0
615	199	1569418882.0
873	891	1569420461.0
1053	99	1569420811.0
240	865	1569422907.0
378	889	1569422948.0
1032	835	1569428338.0
791	114	1569431416.0
791	437	1569432564.0
82	861	1569437251.0
388	179	1569440752.0
388	21	1569440832.0
194	36	1569440900.0
194	891	1569441019.0
686	5	1569441959.0
481	829	1569451255.0
36	885	1569452783.0
1172	330	1569454647.0
1053	881	1569458232.0
90	607	1569461271.0
944	96	1569461544.0
1027	271	1569462378.0
1105	834	1569463135.0
1105	386	1569465154.0
1017	53	1569466214.0
270	309	1569471364.0
270	268	1569471868.0
1152	312	1569475707.0
1169	95	1569478409.0
981	169	1569479423.0
1107	114	1569489974.0
1158	840	1569491427.0
644	838	1569502626.0
64	172	1569503772.0
546	32	1569506576.0
284	59	1569509525.0
284	278	1569510065.0
1111	131	1569511291.0
1140	674	1569511502.0
79	626	1569511851.0
725	97	1569514985.0
225	835	1569515135.0
432	888	1569520736.0
1073	334	1569521289.0
1073	123	1569521640.0
1073	677	1569522092.0
1073	848	1569522468.0
788	666	1569523101.0
1073	281	1569524166.0
983	874	1569525222.0
1073	624	1569527668.0
695	360	1569534645.0
944	546	1569540688.0
140	115	1569544744.0
140	35	1569545205.0
1017	418	1569547993.0
624	110	1569548144.0
624	688	1569550046.0
206	464	1569551310.0
624	268	1569552265.0
830	767	1569557758.0
711	510	1569586048.0
758	662	1569587760.0
615	253	1569588573.0
580	129	1569588711.0
1118	378	1569592823.0
19	436	1569597313.0
789	861	1569597630.0
190	95	1569606177.0
921	176	1569607039.0
90	177	1569608764.0
592	860	1569610062.0
177	582	1569610162.0
788	783	1569612982.0
993	115	1569618524.0
1073	772	1569621985.0
1073	414	1569622321.0
1073	50	1569622570.0
1073	7	1569623056.0
1035	246	1569626210.0
737	32	1569630805.0
737	686	1569631050.0
154	212	1569632178.0
844	308	1569645144.0
506	752	1569659694.0
145	246	1569673314.0
145	115	1569673685.0
895	653	1569675008.0
621	879	1569675356.0
947	606	1569675447.0
947	781	1569676368.0
332	696	1569676475.0
908	893	1569676721.0
947	556	1569677104.0
947	177	1569677669.0
627	489	1569682188.0
989	403	1569682909.0
708	774	1569693470.0
230	876	1569694885.0
651	32	1569696941.0
476	514	1569697113.0
988	517	1569698243.0
311	881	1569703560.0
1083	827	1569703881.0
1083	41	1569705109.0
312	529	1569706059.0
1083	478	1569706268.0
707	176	1569706976.0
1154	57	1569709290.0
1012	821	1569710711.0
655	890	1569711417.0
87	735	1569712381.0
1156	469	1569712592.0
1120	62	1569712770.0
1156	47	1569715106.0
1018	466	1569716259.0
432	76	1569716495.0
1018	117	1569717231.0
1018	837	1569718446.0
1018	778	1569719671.0
1172	275	1569722031.0
846	53	1569722537.0
1172	160	1569723550.0
60	363	1569723702.0
60	71	1569723961.0
1172	346	1569726147.0
1172	0	1569727348.0
168	71	1569735730.0
834	31	1569736133.0
168	455	1569736358.0
450	573	1569757697.0
944	348	1569760357.0
1128	246	1569761958.0
262	334	1569763576.0
4	53	1569770538.0
165	250	1569771228.0
360	69	1569772437.0
1158	24	1569773260.0
918	860	1569773646.0
918	880	1569774349.0
57	699	1569774409.0
650	297	1569775674.0
918	69	1569775713.0
650	847	1569775854.0
650	44	1569775953.0
1143	884	1569777679.0
918	881	1569777715.0
292	431	1569779829.0
993	540	1569782763.0
1073	890	1569783275.0
371	13	1569783294.0
1073	844	1569783622.0
1073	675	1569785192.0
1073	805	1569785556.0
23	878	1569785896.0
1061	108	1569787292.0
852	631	1569788886.0
1061	319	1569789246.0
432	885	1569789279.0
432	886	1569789951.0
84	422	1569791131.0
432	855	1569791783.0
84	1	1569791959.0
84	285	1569793467.0
1174	528	1569794293.0
1175	415	1569795003.0
914	570	1569795858.0
914	716	1569796274.0
107	763	1569801059.0
1061	47	1569801271.0
1061	794	1569801657.0
1068	53	1569809377.0
682	772	1569810098.0
1027	149	1569810493.0
1158	463	1569835383.0
584	65	1569840851.0
1159	367	1569847545.0
284	275	1569847971.0
1159	370	1569848089.0
1159	30	1569848401.0
27	138	1569852780.0
1044	536	1569855012.0
1045	850	1569861094.0
895	672	1569862485.0
39	885	1569864979.0
1111	60	1569872284.0
5	846	1569873304.0
1172	31	1569880138.0
550	551	1569880724.0
1111	604	1569880903.0
1128	32	1569880962.0
955	694	1569884831.0
2	580	1569886060.0
707	874	1569889534.0
1150	58	1569893218.0
263	819	1569895283.0
796	135	1569896086.0
1172	343	1569896620.0
1172	476	1569897578.0
1172	716	1569898339.0
106	492	1569898599.0
1172	579	1569898613.0
803	706	1569913554.0
419	781	1569933866.0
526	145	1569935093.0
787	784	1569941200.0
1111	69	1569954535.0
124	346	1569957042.0
90	590	1569961829.0
1038	6	1569963928.0
550	391	1569966090.0
432	881	1569973367.0
47	424	1569973773.0
145	715	1569974958.0
1052	420	1569976372.0
79	864	1569977116.0
1172	339	1569977403.0
754	528	1569979384.0
185	882	1569980883.0
1158	454	1569981513.0
185	635	1569981999.0
212	20	1569985335.0
828	132	1569986576.0
1126	884	1569986651.0
828	338	1569987062.0
828	0	1569987562.0
263	303	1569997059.0
1126	48	1570020379.0
77	864	1570022031.0
68	60	1570024217.0
724	385	1570027273.0
724	84	1570043641.0
724	360	1570044036.0
724	18	1570044507.0
600	63	1570047668.0
699	286	1570047699.0
830	384	1570048644.0
830	30	1570049418.0
1152	305	1570050541.0
1174	71	1570054791.0
830	88	1570055322.0
830	449	1570055567.0
828	309	1570057481.0
691	709	1570058567.0
560	102	1570067534.0
791	341	1570069762.0
1021	287	1570070629.0
791	835	1570072800.0
844	706	1570087989.0
914	476	1570099433.0
914	20	1570101311.0
1050	889	1570109671.0
982	670	1570111518.0
682	194	1570114024.0
721	648	1570117483.0
900	67	1570121104.0
1022	439	1570121190.0
900	258	1570121900.0
1111	19	1570128238.0
528	434	1570137017.0
655	552	1570137716.0
99	863	1570140315.0
99	886	1570140607.0
828	713	1570141177.0
1052	113	1570141186.0
370	131	1570141530.0
261	528	1570145096.0
1100	135	1570147791.0
126	628	1570147894.0
1100	50	1570150615.0
1100	57	1570150752.0
68	117	1570151863.0
182	859	1570156069.0
1080	305	1570158021.0
1027	2	1570158089.0
973	4	1570161699.0
1102	883	1570162068.0
1102	337	1570162140.0
1102	41	1570162578.0
686	6	1570195913.0
944	58	1570209662.0
473	31	1570210295.0
483	721	1570210679.0
483	327	1570213610.0
788	772	1570213902.0
1152	77	1570231197.0
1156	277	1570231687.0
1035	99	1570237981.0
1176	251	1570244767.0
1176	186	1570245133.0
1176	98	1570245308.0
1176	160	1570245638.0
1176	367	1570245723.0
1176	50	1570245958.0
1176	2	1570246081.0
1176	136	1570246328.0
1176	97	1570246459.0
1176	36	1570246744.0
1176	783	1570246870.0
1176	809	1570247118.0
844	650	1570251404.0
1176	43	1570252185.0
1176	10	1570252435.0
1176	741	1570252584.0
1176	28	1570252695.0
450	386	1570284399.0
869	287	1570293076.0
869	177	1570293133.0
494	285	1570294391.0
365	777	1570301661.0
799	159	1570306420.0
1118	530	1570307083.0
105	807	1570309795.0
105	883	1570311142.0
697	892	1570311703.0
581	226	1570315990.0
719	187	1570323896.0
918	352	1570325318.0
947	469	1570325799.0
396	306	1570326691.0
1145	41	1570329924.0
836	106	1570335209.0
105	493	1570354194.0
890	894	1570372569.0
890	889	1570373232.0
325	352	1570374748.0
711	393	1570375063.0
1134	247	1570375945.0
614	870	1570376513.0
806	889	1570377488.0
105	887	1570377711.0
550	893	1570380885.0
201	0	1570381199.0
201	186	1570381814.0
201	696	1570382400.0
138	421	1570389164.0
967	276	1570389272.0
1172	750	1570389999.0
910	406	1570390232.0
1171	377	1570391062.0
472	877	1570391868.0
194	891	1570393265.0
100	883	1570396598.0
1019	874	1570397462.0
1019	296	1570398221.0
551	894	1570400093.0
792	893	1570401098.0
1045	895	1570402856.0
303	883	1570404926.0
1006	41	1570406488.0
525	34	1570409760.0
313	882	1570409786.0
1156	895	1570410251.0
167	879	1570414961.0
67	287	1570420497.0
1046	500	1570423356.0
1174	218	1570447294.0
371	251	1570450083.0
968	322	1570451311.0
55	881	1570452948.0
952	52	1570453095.0
952	879	1570453611.0
158	886	1570459262.0
1053	640	1570464030.0
1128	31	1570468371.0
787	337	1570471501.0
1097	870	1570473235.0
787	131	1570476211.0
14	422	1570480628.0
1172	303	1570482290.0
530	276	1570482898.0
1020	165	1570488946.0
1174	114	1570489217.0
23	393	1570495068.0
281	386	1570500741.0
316	5	1570502514.0
316	852	1570502872.0
110	818	1570517655.0
1107	52	1570530387.0
860	493	1570534366.0
1100	275	1570543944.0
1100	293	1570545042.0
1100	346	1570546020.0
1100	646	1570546394.0
1031	31	1570549728.0
870	561	1570554121.0
487	881	1570564820.0
964	545	1570565595.0
958	35	1570566230.0
1145	870	1570567955.0
201	18	1570570795.0
1175	846	1570571542.0
276	378	1570573270.0
378	137	1570578226.0
419	873	1570580206.0
1013	108	1570583243.0
1013	63	1570585138.0
1064	31	1570590639.0
1064	856	1570591607.0
1054	823	1570592417.0
432	885	1570613021.0
142	589	1570619528.0
681	854	1570621078.0
953	236	1570623571.0
978	648	1570624597.0
138	811	1570628943.0
4	741	1570630791.0
586	493	1570631098.0
552	84	1570633597.0
607	894	1570635006.0
425	327	1570636078.0
425	893	1570636191.0
944	102	1570638076.0
651	102	1570639450.0
1127	445	1570640527.0
1145	378	1570641716.0
620	239	1570647495.0
341	387	1570649574.0
60	33	1570651488.0
732	577	1570651976.0
1038	137	1570654008.0
615	370	1570655326.0
773	51	1570660440.0
1176	806	1570660503.0
773	342	1570660647.0
773	651	1570661352.0
773	2	1570662045.0
773	446	1570662751.0
341	32	1570665925.0
1107	896	1570666595.0
1177	838	1570668007.0
1150	872	1570668705.0
650	741	1570669868.0
1177	43	1570670273.0
1177	84	1570671622.0
1094	71	1570671753.0
1177	67	1570672299.0
1094	599	1570672613.0
1177	579	1570672836.0
1094	837	1570673204.0
1094	261	1570673492.0
1177	606	1570673947.0
1	177	1570674594.0
1177	400	1570674805.0
1177	818	1570675482.0
1177	183	1570678122.0
1064	810	1570680590.0
1064	97	1570681098.0
1064	335	1570681567.0
1064	120	1570681924.0
154	592	1570709870.0
952	301	1570712886.0
1053	584	1570720266.0
615	881	1570720679.0
197	763	1570723226.0
197	881	1570723755.0
742	99	1570724330.0
742	859	1570725049.0
629	411	1570726078.0
629	394	1570726290.0
629	171	1570726653.0
283	120	1570726945.0
629	543	1570727132.0
740	350	1570728138.0
231	364	1570728940.0
44	533	1570729779.0
44	116	1570730508.0
921	58	1570734424.0
1033	287	1570734444.0
623	726	1570734740.0
623	824	1570734965.0
921	370	1570735055.0
629	485	1570737952.0
140	182	1570738733.0
629	199	1570738770.0
845	881	1570740710.0
272	884	1570740985.0
629	282	1570744430.0
629	108	1570744611.0
629	274	1570745084.0
844	146	1570747263.0
297	801	1570755514.0
1037	106	1570762568.0
432	518	1570782329.0
432	871	1570790098.0
1171	134	1570801822.0
614	619	1570804033.0
532	327	1570804656.0
360	621	1570806437.0
1171	622	1570809730.0
440	99	1570809765.0
440	22	1570810211.0
674	442	1570810320.0
629	640	1570812364.0
844	484	1570814678.0
742	742	1570820073.0
950	545	1570823057.0
792	30	1570836830.0
370	846	1570841411.0
968	153	1570843361.0
1025	20	1570848374.0
1080	94	1570849374.0
844	19	1570854277.0
646	838	1570886512.0
201	338	1570889321.0
389	219	1570889723.0
201	695	1570889762.0
1082	353	1570889863.0
201	493	1570890614.0
1111	449	1570894481.0
60	60	1570899010.0
529	391	1570904745.0
637	724	1570905733.0
243	883	1570905821.0
944	349	1570906414.0
988	101	1570913015.0
860	60	1570914108.0
361	394	1570925622.0
1171	848	1570926954.0
407	372	1570927079.0
627	859	1570936382.0
627	357	1570936842.0
1088	792	1570942215.0
697	797	1570973417.0
1142	311	1570975047.0
829	285	1570975420.0
0	47	1570976098.0
586	60	1570980373.0
1129	125	1570980416.0
1129	169	1570980972.0
1129	382	1570981454.0
586	276	1570981459.0
314	446	1570981515.0
1129	876	1570981851.0
1037	822	1570982340.0
799	365	1570984186.0
981	360	1570986399.0
1145	881	1570989998.0
933	417	1570991404.0
933	809	1570991621.0
933	126	1570991739.0
614	895	1570992394.0
77	755	1570993856.0
1118	676	1570993979.0
1118	682	1570994104.0
1019	176	1570994381.0
1019	300	1570994939.0
1035	102	1570997454.0
653	868	1570998223.0
1171	788	1571001293.0
983	215	1571003501.0
633	886	1571003864.0
633	711	1571004944.0
389	399	1571006972.0
191	326	1571011365.0
819	40	1571015093.0
719	37	1571016071.0
43	881	1571019358.0
43	870	1571020343.0
201	250	1571021047.0
167	660	1571021836.0
815	84	1571023289.0
1031	891	1571028045.0
1031	21	1571029473.0
591	44	1571049028.0
799	339	1571050140.0
846	360	1571062459.0
846	0	1571062917.0
644	16	1571071602.0
644	159	1571072175.0
395	373	1571075445.0
921	741	1571075627.0
784	800	1571077320.0
989	896	1571081051.0
1053	372	1571085525.0
1053	496	1571086033.0
1013	842	1571089979.0
1110	132	1571090027.0
70	506	1571093803.0
389	524	1571096242.0
379	268	1571099263.0
379	876	1571100138.0
247	99	1571101620.0
247	834	1571103024.0
247	886	1571103622.0
433	894	1571111115.0
1130	275	1571148412.0
1107	598	1571148735.0
1118	151	1571149956.0
1118	638	1571150180.0
845	2	1571151478.0
1152	216	1571155867.0
1053	776	1571156673.0
181	40	1571158094.0
181	813	1571158334.0
1127	726	1571158377.0
181	613	1571158633.0
1100	702	1571158667.0
1100	58	1571158973.0
989	870	1571159118.0
1127	331	1571159405.0
1152	802	1571160878.0
785	258	1571163560.0
1072	269	1571165537.0
251	305	1571166945.0
845	144	1571168854.0
1110	143	1571175752.0
1110	30	1571178494.0
67	798	1571183486.0
707	819	1571183852.0
1035	6	1571189132.0
118	203	1571194067.0
869	146	1571232532.0
1156	874	1571235740.0
1044	76	1571235988.0
384	889	1571240731.0
1110	179	1571242284.0
84	23	1571258388.0
559	74	1571258770.0
84	5	1571258922.0
559	266	1571262840.0
931	98	1571265953.0
931	131	1571266584.0
931	720	1571266691.0
983	140	1571266768.0
931	46	1571266854.0
1172	742	1571267498.0
205	774	1571267770.0
1170	485	1571268254.0
1170	275	1571270072.0
1170	638	1571270615.0
1174	58	1571272093.0
580	893	1571274615.0
84	160	1571274908.0
580	419	1571276066.0
84	201	1571276144.0
580	161	1571276718.0
1079	664	1571279380.0
1150	268	1571280088.0
317	7	1571316717.0
181	69	1571321388.0
856	246	1571322535.0
64	176	1571331809.0
1111	584	1571334985.0
240	742	1571335966.0
370	254	1571336113.0
4	655	1571337604.0
799	33	1571337790.0
921	861	1571343045.0
138	798	1571343799.0
1152	291	1571349913.0
415	883	1571353253.0
1110	206	1571357559.0
881	64	1571364433.0
1110	391	1571365829.0
1110	47	1571366505.0
1074	679	1571366705.0
1074	896	1571367231.0
1074	729	1571367507.0
1074	455	1571367853.0
1028	896	1571369775.0
629	137	1571397602.0
1126	360	1571405059.0
1099	559	1571412145.0
203	501	1571416831.0
1099	31	1571417581.0
1071	31	1571419879.0
1071	145	1571420115.0
1111	50	1571426121.0
1018	267	1571431350.0
1018	57	1571431882.0
1120	896	1571433443.0
138	60	1571436737.0
432	871	1571444355.0
968	179	1571450148.0
44	76	1571452134.0
586	703	1571455587.0
1178	856	1571456725.0
1179	329	1571456853.0
1178	888	1571457595.0
1179	798	1571457615.0
1179	108	1571457969.0
734	255	1571461061.0
734	881	1571462006.0
734	396	1571462518.0
1179	273	1571462553.0
71	856	1571489815.0
71	740	1571490178.0
71	346	1571490428.0
864	32	1571491182.0
71	886	1571491251.0
1179	169	1571491457.0
1179	176	1571491951.0
978	896	1571495321.0
988	872	1571495882.0
178	565	1571510331.0
178	264	1571510463.0
1110	426	1571513479.0
481	783	1571513496.0
1102	58	1571514000.0
387	862	1571516365.0
973	605	1571522192.0
420	341	1571524006.0
953	400	1571525750.0
673	110	1571539768.0
758	741	1571540050.0
23	798	1571541652.0
298	482	1571547106.0
415	893	1571560706.0
432	50	1571568531.0
184	576	1571575360.0
193	206	1571577030.0
195	362	1571587291.0
195	779	1571587587.0
1179	30	1571587986.0
556	206	1571590200.0
1100	844	1571593322.0
1180	568	1571599728.0
1180	206	1571600905.0
1180	530	1571601511.0
1180	291	1571601913.0
1180	57	1571602522.0
1180	405	1571605488.0
947	735	1571606764.0
1180	420	1571606951.0
1180	706	1571608108.0
14	805	1571609837.0
696	7	1571611025.0
624	542	1571611628.0
67	878	1571613314.0
910	108	1571615687.0
12	522	1571616252.0
1142	286	1571616291.0
547	30	1571616322.0
1170	289	1571617953.0
14	236	1571618082.0
1170	589	1571618161.0
1100	30	1571619613.0
1179	593	1571623577.0
418	860	1571624840.0
219	817	1571624904.0
1123	57	1571633845.0
823	84	1571654329.0
940	716	1571658351.0
944	41	1571660957.0
1118	264	1571665479.0
264	722	1571673882.0
526	43	1571675220.0
618	835	1571678923.0
1107	239	1571679555.0
1152	219	1571682143.0
1152	825	1571682223.0
1152	129	1571682442.0
1179	599	1571684500.0
1159	472	1571684854.0
240	868	1571694946.0
944	116	1571695109.0
944	546	1571703881.0
275	867	1571706903.0
237	20	1571707822.0
237	396	1571707942.0
1074	463	1571708704.0
1074	110	1571708957.0
14	889	1571714438.0
14	886	1571716346.0
915	785	1571745700.0
944	566	1571749388.0
14	378	1571750141.0
921	715	1571757032.0
436	92	1571767948.0
1181	41	1571768827.0
842	822	1571768952.0
1172	563	1571776409.0
7	453	1571779926.0
1094	608	1571781828.0
227	219	1571781951.0
243	893	1571783000.0
552	203	1571795577.0
552	94	1571795717.0
552	143	1571795893.0
167	60	1571833988.0
167	287	1571834186.0
167	5	1571834483.0
167	81	1571834643.0
126	132	1571838042.0
826	835	1571847596.0
530	870	1571850575.0
1159	651	1571856956.0
1181	189	1571856966.0
1181	295	1571857246.0
739	26	1571857630.0
739	881	1571858484.0
287	822	1571859363.0
325	331	1571870500.0
340	593	1571872702.0
826	20	1571876767.0
826	802	1571877265.0
826	190	1571878114.0
340	822	1571880049.0
84	749	1571881495.0
84	80	1571882380.0
84	714	1571883036.0
508	579	1571883431.0
84	38	1571883924.0
84	541	1571884369.0
84	631	1571884855.0
1150	544	1571887448.0
183	636	1571911863.0
1182	20	1571918604.0
1182	84	1571918942.0
1182	206	1571919122.0
1182	32	1571919285.0
1182	275	1571919491.0
1182	881	1571919635.0
1182	8	1571919753.0
1182	131	1571919869.0
1182	23	1571919974.0
1182	57	1571920124.0
1182	245	1571920344.0
1182	788	1571920491.0
1182	451	1571920604.0
920	412	1571922732.0
64	160	1571927565.0
1044	28	1571928989.0
1182	835	1571931382.0
1182	58	1571931571.0
1100	41	1571940860.0
1099	395	1571941133.0
267	118	1571942371.0
267	140	1571942503.0
483	860	1571942662.0
473	146	1571942694.0
67	125	1571942820.0
0	108	1571942891.0
53	57	1571943719.0
797	814	1571943734.0
150	115	1571944691.0
1099	275	1571944984.0
756	41	1571945106.0
164	284	1571945321.0
397	2	1571949218.0
344	770	1571949560.0
1181	521	1571949583.0
1084	520	1571949851.0
1084	42	1571949989.0
890	368	1571950146.0
607	47	1571950407.0
968	64	1571950536.0
607	799	1571951241.0
312	33	1571952227.0
607	890	1571952490.0
501	199	1571957258.0
881	892	1571958075.0
501	187	1571958259.0
57	216	1571960127.0
989	870	1571960128.0
57	123	1571960793.0
57	23	1571964471.0
57	396	1571964881.0
201	475	1571967427.0
71	113	1571968004.0
392	317	1571968016.0
392	506	1571968648.0
952	169	1571969366.0
392	365	1571969788.0
479	313	1571970393.0
836	20	1571972778.0
640	547	1571974660.0
1025	229	1571975316.0
992	827	1571979910.0
992	205	1571980991.0
992	393	1571983154.0
1158	336	1571996187.0
1008	871	1571998059.0
1158	345	1571998148.0
165	881	1572001082.0
71	651	1572004403.0
559	667	1572009328.0
140	400	1572012270.0
1008	894	1572012589.0
140	743	1572013102.0
140	371	1572013352.0
140	378	1572013588.0
207	864	1572013764.0
140	19	1572013782.0
207	567	1572013864.0
140	84	1572014001.0
207	160	1572014368.0
140	3	1572014538.0
140	500	1572014686.0
921	884	1572014714.0
140	345	1572014983.0
140	701	1572015222.0
1156	99	1572020025.0
207	869	1572020363.0
953	479	1572022138.0
215	268	1572023205.0
501	12	1572025238.0
339	205	1572032691.0
1079	362	1572033476.0
1079	286	1572034862.0
181	31	1572037182.0
428	119	1572037283.0
563	425	1572040241.0
503	263	1572041040.0
503	101	1572041158.0
503	885	1572041265.0
503	870	1572041505.0
503	20	1572041791.0
743	614	1572046484.0
420	18	1572048312.0
95	820	1572049425.0
207	792	1572049504.0
339	160	1572049633.0
1179	51	1572052877.0
1114	332	1572053382.0
275	867	1572053735.0
521	128	1572053739.0
938	854	1572060860.0
756	228	1572061255.0
506	521	1572069896.0
920	259	1572089660.0
970	153	1572096060.0
248	287	1572104130.0
248	834	1572105490.0
248	37	1572106232.0
248	493	1572106746.0
870	136	1572109926.0
762	553	1572111652.0
762	879	1572111991.0
761	98	1572114882.0
259	892	1572119512.0
1160	802	1572121361.0
1019	893	1572121544.0
1160	81	1572121642.0
1160	256	1572122587.0
865	463	1572122904.0
314	797	1572127013.0
680	210	1572127109.0
563	114	1572127858.0
337	528	1572131361.0
1100	426	1572131887.0
94	541	1572132043.0
1181	429	1572132411.0
71	879	1572139228.0
71	895	1572139360.0
1088	630	1572140102.0
18	303	1572144501.0
1073	295	1572173359.0
1134	114	1572181453.0
1065	515	1572181851.0
1065	252	1572187240.0
1065	791	1572187629.0
258	184	1572188451.0
79	894	1572190525.0
918	97	1572190614.0
1183	242	1572191797.0
1170	835	1572192598.0
19	887	1572192636.0
143	748	1572195697.0
349	191	1572196510.0
633	275	1572197967.0
349	648	1572198833.0
627	746	1572198852.0
284	579	1572199007.0
665	99	1572199738.0
549	522	1572202892.0
150	416	1572204143.0
471	781	1572204418.0
856	840	1572205452.0
471	47	1572206185.0
351	220	1572207702.0
178	892	1572213793.0
533	148	1572215230.0
1139	222	1572216153.0
268	457	1572216282.0
1139	50	1572216408.0
259	255	1572217016.0
761	533	1572217454.0
1142	113	1572220856.0
1142	160	1572221572.0
1142	131	1572222089.0
1142	143	1572224449.0
523	701	1572230133.0
1102	97	1572230147.0
1179	205	1572231303.0
1179	861	1572231619.0
918	41	1572236863.0
833	896	1572241141.0
68	883	1572246550.0
1139	831	1572264260.0
85	0	1572266205.0
772	57	1572267888.0
1138	835	1572272443.0
39	838	1572275397.0
932	131	1572275610.0
921	799	1572275874.0
473	580	1572276418.0
932	97	1572276436.0
1044	895	1572277473.0
964	257	1572279739.0
157	27	1572281551.0
1010	182	1572284764.0
1010	320	1572285074.0
1010	238	1572285598.0
1010	84	1572286026.0
1010	272	1572286512.0
881	301	1572286583.0
104	373	1572287041.0
104	176	1572287815.0
117	60	1572290797.0
1179	730	1572293331.0
533	28	1572293659.0
567	112	1572294742.0
1132	311	1572296850.0
1139	880	1572299457.0
992	326	1572299851.0
1072	282	1572299938.0
918	820	1572301429.0
829	308	1572306672.0
21	877	1572307287.0
1102	147	1572313270.0
494	657	1572314155.0
1102	43	1572314534.0
184	275	1572314790.0
830	213	1572315515.0
124	31	1572321699.0
124	643	1572322027.0
1102	53	1572322046.0
1102	285	1572322371.0
897	124	1572355462.0
845	176	1572356135.0
856	886	1572357043.0
1123	275	1572361775.0
19	7	1572362072.0
724	57	1572365380.0
1179	503	1572366859.0
1077	251	1572368115.0
1016	545	1572368206.0
567	894	1572375297.0
988	352	1572380714.0
699	708	1572382903.0
63	84	1572383551.0
1158	446	1572384964.0
953	489	1572392037.0
325	8	1572393797.0
183	191	1572396993.0
636	175	1572397378.0
1117	99	1572398211.0
1150	350	1572398343.0
1117	84	1572399591.0
1117	107	1572402054.0
930	893	1572402194.0
930	67	1572402390.0
788	881	1572405966.0
110	249	1572418965.0
1107	649	1572444445.0
932	32	1572446640.0
528	885	1572452324.0
449	569	1572452814.0
1181	30	1572454041.0
1181	17	1572454311.0
1181	176	1572454727.0
1181	216	1572455402.0
240	508	1572457914.0
473	410	1572458662.0
1143	545	1572458853.0
1143	419	1572459844.0
1053	796	1572466126.0
724	571	1572466325.0
707	396	1572467396.0
1173	89	1572469546.0
1181	441	1572470936.0
1181	309	1572471394.0
120	885	1572471581.0
1117	552	1572477303.0
644	826	1572480185.0
1111	350	1572483271.0
1037	15	1572486417.0
654	108	1572490902.0
526	175	1572491926.0
60	558	1572492976.0
918	669	1572498565.0
84	663	1572500084.0
84	24	1572500738.0
372	792	1572522812.0
1125	251	1572523545.0
973	887	1572527347.0
5	256	1572535632.0
681	760	1572538910.0
165	5	1572541133.0
225	721	1572546219.0
661	860	1572547300.0
1130	28	1572553371.0
90	135	1572554059.0
90	809	1572554338.0
90	620	1572554466.0
626	314	1572555984.0
558	366	1572558797.0
503	24	1572560241.0
503	632	1572560807.0
503	541	1572561282.0
310	13	1572565046.0
105	859	1572572336.0
637	620	1572576708.0
775	896	1572581208.0
1140	438	1572601855.0
21	894	1572603975.0
940	560	1572609451.0
609	23	1572619774.0
166	870	1572621883.0
166	850	1572622059.0
166	823	1572622365.0
166	508	1572622543.0
166	542	1572622764.0
382	20	1572624281.0
1094	881	1572626184.0
382	480	1572627638.0
1083	426	1572628449.0
339	201	1572632068.0
775	163	1572632219.0
983	11	1572634969.0
449	16	1572637877.0
1094	570	1572643339.0
1083	123	1572648529.0
1179	846	1572649074.0
1152	818	1572653549.0
219	766	1572661760.0
793	434	1572662302.0
793	528	1572662474.0
433	177	1572663347.0
433	835	1572663725.0
870	796	1572663961.0
796	34	1572665355.0
754	892	1572696206.0
154	183	1572703726.0
428	113	1572705485.0
193	317	1572705488.0
944	559	1572713398.0
19	477	1572713989.0
610	433	1572723024.0
627	95	1572723355.0
788	807	1572723710.0
788	122	1572725073.0
432	877	1572726711.0
675	891	1572729061.0
1130	60	1572729998.0
1102	570	1572732071.0
1174	20	1572738343.0
526	49	1572740460.0
1114	482	1572743839.0
757	329	1572748142.0
53	286	1572749589.0
818	119	1572749819.0
669	635	1572751616.0
508	428	1572753955.0
508	444	1572754929.0
508	489	1572756097.0
983	542	1572760860.0
231	177	1572761440.0
983	369	1572761805.0
21	425	1572779797.0
171	391	1572785244.0
70	113	1572785350.0
547	845	1572785816.0
123	886	1572787243.0
1142	269	1572787796.0
1084	894	1572790180.0
1174	271	1572790310.0
669	432	1572790572.0
1027	160	1572791309.0
669	473	1572792707.0
669	241	1572793114.0
1118	555	1572793813.0
768	544	1572795587.0
768	348	1572796140.0
768	790	1572798023.0
475	783	1572801110.0
1010	195	1572801156.0
1175	400	1572801471.0
581	46	1572804999.0
968	844	1572805134.0
526	356	1572805168.0
497	69	1572805754.0
997	865	1572805874.0
819	876	1572805993.0
497	801	1572806067.0
1019	643	1572808415.0
614	763	1572809248.0
525	826	1572809320.0
739	822	1572813511.0
665	266	1572819672.0
983	142	1572829112.0
1075	354	1572830265.0
1075	16	1572830428.0
1075	796	1572830681.0
1006	590	1572831299.0
1006	629	1572831426.0
167	73	1572831609.0
71	879	1572832351.0
1179	493	1572832403.0
525	12	1572832500.0
947	881	1572832571.0
930	886	1572832713.0
52	309	1572833042.0
167	438	1572833225.0
52	64	1572833555.0
52	50	1572834152.0
1156	159	1572834434.0
52	179	1572834882.0
167	760	1572834959.0
52	489	1572836230.0
52	641	1572836473.0
52	123	1572836984.0
52	549	1572837507.0
52	417	1572838237.0
682	624	1572845193.0
317	275	1572845947.0
77	894	1572871561.0
154	869	1572871741.0
337	826	1572874199.0
337	793	1572874387.0
829	546	1572874493.0
251	30	1572879537.0
19	835	1572880334.0
164	170	1572880368.0
251	115	1572880830.0
766	696	1572882377.0
785	322	1572882509.0
39	417	1572884729.0
39	788	1572885806.0
290	537	1572887127.0
1044	59	1572887847.0
773	709	1572888445.0
424	368	1572888698.0
530	6	1572889985.0
120	211	1572900627.0
1084	503	1572903325.0
120	20	1572903898.0
653	219	1572906504.0
97	20	1572907576.0
1099	211	1572907651.0
97	515	1572907722.0
97	382	1572908038.0
1084	895	1572912304.0
1179	423	1572917749.0
227	881	1572918287.0
316	352	1572919313.0
1064	30	1572919658.0
316	2	1572919701.0
1170	324	1572920271.0
316	267	1572920341.0
75	639	1572924169.0
75	64	1572924726.0
860	5	1572927051.0
434	417	1572967856.0
740	161	1572968275.0
740	599	1572970354.0
740	108	1572970530.0
166	564	1572977744.0
768	490	1572980212.0
768	143	1572980884.0
166	339	1572981765.0
166	72	1572982719.0
1099	131	1572983943.0
777	110	1572984535.0
812	713	1572991415.0
961	475	1572995115.0
961	489	1572995214.0
818	627	1572995340.0
358	423	1572998459.0
31	20	1573001633.0
415	828	1573007873.0
673	369	1573013182.0
848	50	1573013801.0
395	414	1573014463.0
415	114	1573015880.0
340	561	1573052214.0
794	848	1573052891.0
794	652	1573057788.0
1140	224	1573060974.0
158	783	1573061505.0
155	860	1573062513.0
1031	64	1573065487.0
1031	368	1573065663.0
530	64	1573069397.0
158	99	1573074718.0
329	633	1573075653.0
559	74	1573076020.0
1176	80	1573077005.0
1027	23	1573077283.0
559	251	1573077287.0
742	350	1573079140.0
896	395	1573079488.0
818	269	1573080272.0
40	813	1573081122.0
818	505	1573081357.0
818	2	1573081541.0
818	84	1573081784.0
818	422	1573082193.0
807	897	1573087511.0
1111	275	1573089078.0
535	215	1573091625.0
944	77	1573092652.0
191	378	1573092749.0
1025	286	1573094517.0
155	489	1573111394.0
155	264	1573112116.0
110	882	1573116831.0
1127	466	1573132794.0
1158	881	1573135727.0
586	5	1573137687.0
922	854	1573138416.0
686	894	1573143826.0
395	862	1573149347.0
395	275	1573152428.0
240	881	1573155679.0
420	391	1573155755.0
932	830	1573157175.0
964	463	1573157510.0
932	20	1573158175.0
1099	486	1573158617.0
615	488	1573159219.0
722	892	1573160788.0
1016	426	1573163875.0
742	897	1573169128.0
1060	160	1573176129.0
953	108	1573182333.0
757	159	1573184322.0
1016	404	1573185083.0
436	640	1573188857.0
843	763	1573189788.0
436	64	1573189870.0
928	350	1573213794.0
614	160	1573214455.0
150	159	1573220928.0
787	890	1573222439.0
787	302	1573223692.0
262	893	1573224005.0
845	865	1573225183.0
19	863	1573225617.0
262	123	1573225850.0
993	385	1573226431.0
1060	238	1573227311.0
166	807	1573228204.0
1099	433	1573232839.0
944	6	1573236109.0
845	262	1573239688.0
922	827	1573239763.0
1125	895	1573240836.0
921	868	1573240984.0
1140	421	1573243306.0
5	119	1573244552.0
944	323	1573247456.0
380	100	1573248593.0
380	2	1573248639.0
1120	893	1573251131.0
84	57	1573256705.0
1019	236	1573264747.0
1150	20	1573266330.0
548	30	1573269181.0
94	726	1573299170.0
94	210	1573299526.0
181	113	1573303054.0
488	55	1573305352.0
360	528	1573307675.0
558	897	1573309308.0
756	458	1573309893.0
1094	893	1573310799.0
756	28	1573312057.0
84	559	1573323516.0
84	332	1573324529.0
533	108	1573328075.0
1060	425	1573328801.0
34	187	1573330973.0
34	239	1573331376.0
34	78	1573331649.0
34	100	1573332061.0
1123	141	1573332385.0
1123	509	1573333571.0
1123	798	1573334426.0
370	475	1573349577.0
420	779	1573351794.0
630	88	1573352267.0
581	445	1573359121.0
581	291	1573359200.0
627	181	1573362836.0
944	559	1573392876.0
57	414	1573392895.0
57	206	1573393038.0
630	379	1573393918.0
484	314	1573394879.0
1084	556	1573396729.0
365	385	1573397996.0
1131	313	1573400769.0
1120	19	1573401692.0
851	98	1573404057.0
365	889	1573404225.0
633	31	1573408705.0
258	275	1573413369.0
1048	36	1573413618.0
118	99	1573416917.0
1170	761	1573419090.0
856	582	1573419743.0
432	569	1573422475.0
825	33	1573422541.0
432	703	1573422826.0
825	741	1573422914.0
825	806	1573422999.0
968	802	1573423540.0
432	862	1573423762.0
533	827	1573426432.0
1163	6	1573431881.0
1163	20	1573431921.0
1163	179	1573432059.0
1163	84	1573432183.0
1163	113	1573432527.0
1163	34	1573432838.0
1163	131	1573433114.0
1163	19	1573433515.0
1163	559	1573433689.0
772	135	1573433756.0
1163	360	1573433841.0
1163	305	1573434222.0
124	332	1573436999.0
394	176	1573438245.0
120	247	1573439702.0
1179	393	1573444053.0
387	892	1573464753.0
387	895	1573465369.0
561	23	1573477369.0
71	862	1573478097.0
799	315	1573482899.0
1111	574	1573486000.0
1111	157	1573486397.0
993	889	1573488464.0
581	226	1573488593.0
581	477	1573489178.0
581	748	1573489305.0
581	702	1573491497.0
164	413	1573493466.0
528	838	1573493916.0
167	692	1573499130.0
581	671	1573499766.0
1138	445	1573500402.0
66	763	1573501081.0
581	695	1573502204.0
1099	692	1573505108.0
1156	889	1573505462.0
84	843	1573509841.0
84	195	1573511880.0
881	896	1573512188.0
51	347	1573514008.0
651	835	1573515802.0
949	870	1573517468.0
1072	884	1573517957.0
1072	704	1573518246.0
488	713	1573522012.0
938	891	1573522788.0
1157	20	1573523641.0
949	266	1573525753.0
488	726	1573526165.0
949	275	1573526681.0
741	695	1573526939.0
949	435	1573526944.0
242	99	1573527094.0
949	776	1573527277.0
949	790	1573527427.0
488	404	1573527448.0
488	605	1573528008.0
484	48	1573528036.0
949	433	1573528246.0
949	400	1573528699.0
488	845	1573528753.0
949	327	1573529348.0
949	848	1573529531.0
949	187	1573529907.0
182	864	1573530087.0
949	27	1573530089.0
219	871	1573530288.0
949	122	1573530451.0
973	246	1573531360.0
841	781	1573534907.0
841	860	1573535145.0
841	6	1573535397.0
841	201	1573535571.0
841	400	1573535655.0
110	834	1573550019.0
166	400	1573562839.0
120	113	1573563245.0
166	63	1573563710.0
166	496	1573564368.0
954	765	1573572310.0
484	0	1573572348.0
264	199	1573573319.0
19	559	1573575010.0
39	584	1573577746.0
166	104	1573582310.0
166	33	1573583276.0
166	249	1573583933.0
1158	248	1573584015.0
39	809	1573584140.0
39	64	1573584965.0
1006	378	1573586425.0
550	862	1573587385.0
178	159	1573591627.0
530	143	1573599476.0
953	826	1573608310.0
1150	38	1573608366.0
953	860	1573608665.0
340	574	1573618262.0
586	651	1573654005.0
903	599	1573655116.0
312	881	1573656523.0
150	854	1573658057.0
982	486	1573658183.0
982	98	1573658463.0
982	58	1573658752.0
982	620	1573659059.0
982	723	1573659316.0
630	4	1573660665.0
340	650	1573662551.0
340	699	1573662815.0
340	122	1573663478.0
982	894	1573677237.0
756	144	1573682562.0
1120	180	1573686779.0
310	153	1573686997.0
69	685	1573693026.0
1140	552	1573695213.0
1116	146	1573701619.0
145	369	1573701892.0
1116	305	1573702088.0
145	797	1573702259.0
1102	44	1573741716.0
1102	157	1573741876.0
845	166	1573742496.0
1111	48	1573743586.0
434	30	1573746773.0
90	679	1573748837.0
1179	647	1573752695.0
473	36	1573753918.0
420	160	1573758167.0
166	860	1573758332.0
1041	504	1573759775.0
891	895	1573762721.0
756	435	1573762888.0
1172	23	1573768443.0
1174	472	1573772008.0
134	817	1573782045.0
193	858	1573782479.0
1137	125	1573789227.0
1137	496	1573789408.0
1137	84	1573789756.0
1137	651	1573790158.0
562	452	1573790483.0
750	135	1573790607.0
1157	840	1573790635.0
506	2	1573797656.0
730	457	1573825034.0
730	65	1573825566.0
730	290	1573826154.0
557	41	1573827180.0
77	57	1573827510.0
60	877	1573828352.0
667	855	1573829262.0
251	873	1573829309.0
667	871	1573829328.0
251	478	1573829757.0
251	721	1573829968.0
1044	891	1573831965.0
236	846	1573833431.0
83	847	1573833480.0
1111	25	1573833847.0
921	67	1573834594.0
405	624	1573838179.0
528	240	1573838718.0
255	795	1573840608.0
630	631	1573842292.0
109	824	1573843279.0
1016	301	1573843991.0
1102	102	1573847014.0
939	113	1573849341.0
1046	350	1573850289.0
1046	884	1573850983.0
522	878	1573851707.0
522	574	1573852949.0
1097	282	1573857972.0
522	475	1573860307.0
992	870	1573861174.0
992	35	1573861566.0
1065	29	1573862473.0
1065	591	1573863032.0
1093	229	1573867397.0
754	895	1573868898.0
1097	442	1573869117.0
1125	139	1573869573.0
351	131	1573870836.0
349	893	1573877221.0
841	830	1573877736.0
349	5	1573877828.0
349	206	1573878281.0
19	340	1573878693.0
277	891	1573885937.0
1060	85	1573908903.0
175	881	1573909442.0
484	897	1573910240.0
1172	893	1573911446.0
624	846	1573912800.0
624	442	1573913777.0
1060	290	1573917495.0
734	701	1573917524.0
734	812	1573917703.0
734	28	1573918043.0
1157	6	1573922214.0
650	867	1573924063.0
650	421	1573924375.0
650	10	1573925233.0
250	57	1573928018.0
945	344	1573928763.0
297	859	1573932136.0
983	176	1573935739.0
594	99	1573936104.0
197	345	1573938526.0
197	135	1573938682.0
197	614	1573938810.0
197	371	1573938982.0
197	640	1573939292.0
197	102	1573939406.0
197	817	1573939733.0
1010	20	1573940705.0
1010	421	1573940836.0
1010	543	1573941408.0
1010	249	1573941511.0
1040	31	1573950322.0
815	360	1573951314.0
1174	886	1573951746.0
84	12	1573956385.0
789	827	1573963103.0
1006	885	1573965720.0
722	867	1573965923.0
754	149	1573969263.0
940	590	1573988364.0
880	304	1573999775.0
944	308	1574003921.0
231	579	1574003984.0
1172	386	1574004407.0
36	886	1574006059.0
1045	86	1574006214.0
917	329	1574007213.0
917	415	1574007320.0
917	47	1574007370.0
860	130	1574010607.0
828	378	1574012485.0
841	400	1574014007.0
610	285	1574015644.0
1139	179	1574016277.0
1160	107	1574018217.0
1019	269	1574021590.0
797	269	1574023072.0
432	58	1574023299.0
601	139	1574023606.0
322	205	1574025427.0
70	451	1574032935.0
70	198	1574033414.0
394	821	1574033470.0
84	177	1574033478.0
394	487	1574033727.0
394	490	1574034246.0
484	848	1574040227.0
938	721	1574042347.0
680	837	1574042801.0
255	805	1574043470.0
1020	130	1574044689.0
680	71	1574047286.0
680	80	1574047924.0
1179	30	1574050307.0
154	290	1574078180.0
974	818	1574078773.0
471	660	1574081695.0
1140	454	1574084889.0
183	883	1574085943.0
1152	549	1574089536.0
1152	8	1574089656.0
528	350	1574089718.0
1152	61	1574089885.0
1152	279	1574089980.0
1152	120	1574090072.0
382	143	1574090172.0
382	100	1574090814.0
910	860	1574092118.0
280	444	1574092605.0
166	99	1574097566.0
166	698	1574097887.0
1178	51	1574101722.0
1178	205	1574101835.0
1178	846	1574101914.0
217	885	1574102363.0
1178	371	1574102364.0
567	632	1574102449.0
1178	493	1574102468.0
1178	423	1574102535.0
1178	801	1574102576.0
1178	393	1574102636.0
1178	311	1574102734.0
1178	64	1574102763.0
1178	45	1574102799.0
310	617	1574102953.0
217	817	1574103240.0
1146	659	1574103911.0
1146	615	1574104008.0
1146	13	1574104106.0
1129	108	1574106234.0
322	412	1574106654.0
40	754	1574107386.0
166	503	1574109145.0
432	6	1574110456.0
371	134	1574111166.0
398	423	1574113887.0
172	812	1574129296.0
978	113	1574129382.0
106	885	1574131651.0
106	0	1574132990.0
1043	893	1574133284.0
1076	883	1574137002.0
753	804	1574139697.0
753	841	1574140295.0
166	789	1574177746.0
1085	252	1574181861.0
1085	742	1574182150.0
1152	354	1574184891.0
1152	183	1574185584.0
68	56	1574185611.0
847	179	1574187822.0
530	234	1574190742.0
974	634	1574195125.0
928	276	1574195834.0
5	473	1574197514.0
140	801	1574197573.0
281	541	1574197592.0
140	308	1574197921.0
281	669	1574198605.0
1157	5	1574199903.0
281	721	1574200151.0
183	474	1574204090.0
983	283	1574206418.0
217	896	1574207928.0
217	893	1574208557.0
281	332	1574209962.0
267	881	1574215433.0
114	881	1574215656.0
114	848	1574215727.0
650	888	1574221643.0
177	888	1574228089.0
177	165	1574228330.0
1107	583	1574249181.0
856	135	1574254343.0
181	327	1574257226.0
1117	722	1574259172.0
985	2	1574259375.0
290	897	1574260107.0
768	73	1574264486.0
844	144	1574267469.0
988	887	1574268680.0
492	228	1574269093.0
944	97	1574271828.0
1177	33	1574272828.0
39	896	1574272877.0
932	835	1574273076.0
630	29	1574274292.0
883	12	1574275875.0
340	162	1574276572.0
1160	540	1574277001.0
1160	894	1574277459.0
128	847	1574277959.0
421	881	1574280784.0
323	500	1574280888.0
155	599	1574281209.0
1143	633	1574281374.0
1092	26	1574282409.0
932	504	1574284019.0
1092	598	1574285743.0
1092	523	1574286430.0
379	763	1574288490.0
1078	866	1574288552.0
1124	848	1574288960.0
1094	193	1574291703.0
275	893	1574295611.0
1140	60	1574296450.0
1065	32	1574296908.0
1065	241	1574297424.0
154	462	1574301533.0
1100	99	1574302204.0
185	866	1574302699.0
41	845	1574305761.0
41	329	1574306282.0
650	813	1574306673.0
1092	143	1574306988.0
1129	651	1574318079.0
1129	41	1574318629.0
571	34	1574320416.0
395	206	1574321636.0
871	123	1574337481.0
871	475	1574337920.0
1140	720	1574343614.0
1016	828	1574344621.0
1016	870	1574345263.0
937	331	1574345509.0
988	737	1574347234.0
123	235	1574347808.0
1039	5	1574347961.0
1039	446	1574348106.0
937	114	1574348498.0
19	55	1574354914.0
734	870	1574354985.0
1156	30	1574359020.0
432	883	1574360425.0
379	888	1574360627.0
215	263	1574362800.0
910	575	1574365030.0
165	517	1574366168.0
1100	850	1574366802.0
90	780	1574367604.0
240	839	1574369929.0
1140	267	1574374067.0
1083	57	1574374574.0
1083	179	1574375251.0
1060	844	1574385447.0
806	36	1574394888.0
178	38	1574395044.0
1157	98	1574395706.0
1157	436	1574396050.0
1150	23	1574397216.0
875	895	1574398893.0
938	19	1574423910.0
1085	309	1574429420.0
845	362	1574430476.0
947	246	1574430781.0
1124	843	1574431231.0
947	366	1574431298.0
947	84	1574431601.0
181	99	1574431828.0
390	862	1574431945.0
146	73	1574436229.0
164	266	1574436545.0
146	49	1574436626.0
610	583	1574445988.0
722	748	1574448429.0
921	895	1574448660.0
1094	378	1574448696.0
982	521	1574453497.0
1075	235	1574455850.0
732	725	1574456452.0
19	188	1574457219.0
1020	92	1574459846.0
918	869	1574466990.0
915	58	1574467725.0
145	378	1574469484.0
845	273	1574474173.0
1179	309	1574476619.0
231	580	1574478542.0
936	368	1574481749.0
936	882	1574482288.0
936	30	1574482698.0
936	205	1574483423.0
254	741	1574484914.0
586	130	1574511583.0
586	804	1574512408.0
1137	77	1574518228.0
638	147	1574520534.0
638	275	1574521147.0
638	371	1574521531.0
638	31	1574521651.0
638	99	1574521872.0
638	20	1574521943.0
1020	80	1574522941.0
175	868	1574523071.0
481	599	1574523411.0
988	784	1574524968.0
339	370	1574529119.0
638	254	1574529167.0
363	797	1574533327.0
178	86	1574534585.0
881	869	1574537851.0
432	832	1574538155.0
432	895	1574538474.0
432	30	1574538683.0
339	891	1574540426.0
989	12	1574541933.0
843	494	1574542725.0
1175	6	1574545014.0
1175	811	1574545092.0
650	226	1574548876.0
733	356	1574552546.0
221	141	1574553428.0
221	332	1574553640.0
221	275	1574554210.0
1075	796	1574559535.0
944	268	1574561884.0
799	784	1574564496.0
799	102	1574564622.0
1122	748	1574572022.0
989	309	1574575918.0
298	892	1574578551.0
1134	321	1574599235.0
94	897	1574602079.0
154	801	1574602248.0
1171	881	1574605320.0
572	503	1574605415.0
322	895	1574606170.0
807	333	1574608536.0
977	860	1574610728.0
1120	115	1574611520.0
860	41	1574612415.0
1020	776	1574615720.0
1020	847	1574616347.0
1020	378	1574616470.0
1020	196	1574617170.0
180	404	1574619672.0
983	626	1574622449.0
1175	16	1574624088.0
1152	723	1574628971.0
477	99	1574630488.0
1170	824	1574632730.0
316	360	1574633909.0
944	353	1574634380.0
316	100	1574634563.0
316	677	1574635171.0
316	656	1574635955.0
241	264	1574636147.0
1084	895	1574637178.0
860	293	1574638209.0
1100	215	1574639223.0
632	870	1574639833.0
344	283	1574639909.0
632	889	1574640077.0
1111	391	1574640978.0
1111	30	1574641278.0
1111	128	1574641662.0
178	827	1574643185.0
1148	848	1574643731.0
1148	389	1574643801.0
1006	545	1574648484.0
306	629	1574650845.0
1100	193	1574652200.0
167	112	1574655836.0
220	779	1574663478.0
771	206	1574689768.0
71	575	1574694556.0
55	240	1574696220.0
55	840	1574696473.0
921	273	1574698774.0
396	228	1574699290.0
1100	280	1574702332.0
650	469	1574702747.0
1151	877	1574705012.0
1179	710	1574711825.0
379	691	1574713136.0
1181	342	1574718082.0
771	282	1574718146.0
178	47	1574718443.0
1181	157	1574718741.0
1175	187	1574724239.0
1175	206	1574724292.0
837	30	1574736730.0
421	32	1574738351.0
1184	881	1574740218.0
1184	177	1574740503.0
154	83	1574774543.0
19	725	1574781117.0
757	400	1574782024.0
757	20	1574782346.0
910	546	1574785346.0
1031	475	1574787856.0
845	718	1574788295.0
14	883	1574791203.0
14	487	1574791935.0
1160	198	1574797721.0
1120	487	1574803785.0
167	433	1574822872.0
1184	889	1574858369.0
1184	772	1574859468.0
1068	653	1574860030.0
922	898	1574875576.0
284	775	1574880929.0
284	791	1574882938.0
842	236	1574886953.0
889	30	1574892839.0
813	33	1574895757.0
968	6	1574896911.0
154	735	1574898539.0
754	590	1574899091.0
1184	860	1574920406.0
359	340	1574921174.0
307	204	1574944805.0
154	589	1574947332.0
632	99	1574947972.0
524	533	1574948150.0
431	733	1574960070.0
754	331	1574962519.0
1111	378	1574964076.0
1111	407	1574964257.0
203	122	1574965378.0
525	426	1574997644.0
398	222	1575000636.0
365	312	1575041750.0
533	319	1575050234.0
533	449	1575050384.0
365	479	1575057330.0
1041	870	1575061524.0
432	870	1575063157.0
974	60	1575066536.0
974	664	1575067851.0
918	898	1575071977.0
476	161	1575075717.0
476	514	1575076274.0
476	692	1575076756.0
730	853	1575078669.0
10	594	1575083239.0
178	248	1575084112.0
890	594	1575127719.0
494	305	1575128402.0
494	840	1575128721.0
494	698	1575128823.0
533	895	1575130075.0
705	527	1575130644.0
875	122	1575136676.0
1130	43	1575142338.0
1151	577	1575143722.0
1151	664	1575146914.0
1100	7	1575149079.0
494	178	1575149702.0
606	897	1575149965.0
1008	64	1575151388.0
0	188	1575151833.0
1151	206	1575153751.0
1151	464	1575154613.0
365	735	1575159450.0
938	783	1575160071.0
627	847	1575165002.0
100	291	1575168796.0
108	31	1575169107.0
108	651	1575169333.0
108	97	1575169570.0
771	891	1575172715.0
512	891	1575174927.0
1129	841	1575179222.0
1129	417	1575186635.0
784	835	1575214466.0
335	706	1575217767.0
1071	881	1575219457.0
10	712	1575222250.0
758	435	1575222310.0
758	334	1575222584.0
1183	50	1575222713.0
559	316	1575224706.0
1114	869	1575228003.0
310	345	1575230472.0
578	786	1575232482.0
480	701	1575234733.0
378	864	1575235485.0
993	360	1575238050.0
1185	882	1575247559.0
247	842	1575250012.0
603	257	1575252239.0
1164	723	1575252306.0
178	635	1575253883.0
1184	283	1575255825.0
1184	811	1575255862.0
167	870	1575262424.0
1184	80	1575264871.0
215	758	1575294392.0
1151	246	1575303568.0
82	833	1575303827.0
99	803	1575304402.0
420	340	1575306629.0
420	135	1575307784.0
10	84	1575308563.0
1178	635	1575308722.0
1178	309	1575309164.0
700	881	1575310858.0
973	251	1575311955.0
237	156	1575314809.0
557	108	1575317737.0
890	694	1575317978.0
39	789	1575318193.0
39	165	1575318360.0
134	850	1575318518.0
557	247	1575318767.0
42	250	1575319148.0
345	264	1575320870.0
198	858	1575321810.0
734	672	1575322366.0
19	202	1575325054.0
251	897	1575332639.0
1105	707	1575333614.0
6	84	1575334909.0
462	100	1575336060.0
634	67	1575336336.0
1079	441	1575337066.0
275	806	1575337755.0
228	840	1575337834.0
275	234	1575337919.0
1079	372	1575337976.0
1079	896	1575339516.0
890	739	1575341493.0
292	617	1575346381.0
259	800	1575348296.0
11	888	1575358549.0
833	128	1575358556.0
11	850	1575359371.0
21	734	1575370916.0
631	25	1575377547.0
1126	104	1575380072.0
251	493	1575384919.0
47	420	1575386273.0
1151	750	1575388775.0
1151	658	1575389254.0
181	285	1575391497.0
181	826	1575397595.0
181	24	1575397880.0
7	300	1575399531.0
828	895	1575400422.0
102	851	1575400896.0
881	65	1575403243.0
380	895	1575411019.0
380	651	1575411156.0
6	530	1575411694.0
50	886	1575414860.0
1020	507	1575421726.0
1073	658	1575424521.0
1073	108	1575424704.0
1073	686	1575424965.0
1074	5	1575425600.0
1074	771	1575425754.0
1074	464	1575425873.0
79	57	1575425966.0
1074	64	1575426901.0
1074	57	1575427359.0
1074	881	1575427608.0
709	30	1575427770.0
1074	99	1575427986.0
709	7	1575428205.0
1074	20	1575428563.0
709	834	1575428903.0
1186	206	1575428938.0
1186	131	1575429110.0
1186	59	1575429374.0
1186	251	1575429658.0
1186	334	1575429818.0
1186	235	1575430610.0
1048	434	1575433374.0
1186	36	1575433793.0
1186	806	1575434912.0
1186	253	1575435389.0
11	875	1575440614.0
11	289	1575441298.0
11	193	1575441754.0
11	895	1575443569.0
471	709	1575465796.0
594	883	1575471257.0
289	426	1575472799.0
289	881	1575473023.0
60	51	1575473371.0
953	503	1575475528.0
953	61	1575476259.0
845	230	1575477134.0
921	460	1575477856.0
1186	160	1575479269.0
1079	58	1575482292.0
732	321	1575490766.0
1084	616	1575494047.0
88	406	1575498646.0
1178	141	1575499482.0
88	533	1575500195.0
344	391	1575503332.0
818	749	1575504888.0
57	86	1575505090.0
1076	39	1575507787.0
1152	291	1575509151.0
1025	439	1575514203.0
201	711	1575515378.0
201	344	1575515992.0
201	63	1575516241.0
698	804	1575516758.0
698	599	1575517205.0
860	44	1575518024.0
698	491	1575518082.0
698	400	1575519431.0
698	772	1575519908.0
698	254	1575520487.0
215	829	1575550017.0
992	281	1575558334.0
992	51	1575558806.0
940	858	1575561470.0
522	112	1575567849.0
522	222	1575568323.0
1140	872	1575569328.0
259	700	1575576022.0
615	896	1575577763.0
615	371	1575578895.0
927	651	1575587360.0
707	273	1575589383.0
707	840	1575590820.0
370	630	1575595840.0
691	265	1575595912.0
1019	651	1575599460.0
201	375	1575601841.0
1181	331	1575602611.0
70	189	1575604474.0
1080	828	1575610026.0
1080	793	1575610307.0
21	506	1575632324.0
21	301	1575632398.0
787	741	1575647640.0
19	844	1575647715.0
1187	179	1575649115.0
1184	276	1575651034.0
1044	881	1575651862.0
228	595	1575653367.0
1183	400	1575659930.0
1183	187	1575660140.0
1187	654	1575660147.0
1183	846	1575660470.0
1183	799	1575660711.0
1183	371	1575660863.0
1183	165	1575660960.0
1183	258	1575661067.0
1183	192	1575661164.0
787	832	1575661587.0
340	644	1575661716.0
1187	498	1575661893.0
340	21	1575662327.0
1020	302	1575663738.0
698	32	1575666276.0
638	28	1575671950.0
638	742	1575673757.0
1183	28	1575675450.0
985	482	1575680642.0
1187	19	1575685303.0
1187	397	1575685864.0
865	43	1575685921.0
865	234	1575686610.0
808	612	1575695372.0
875	15	1575720825.0
261	115	1575725949.0
175	897	1575728647.0
750	215	1575732370.0
1020	823	1575734745.0
1185	285	1575734775.0
1117	769	1575734799.0
1117	177	1575735032.0
652	275	1575735107.0
1187	295	1575739132.0
0	372	1575740928.0
1187	526	1575741697.0
1150	886	1575743581.0
1150	300	1575744133.0
1187	487	1575745216.0
1187	490	1575745784.0
758	881	1575746711.0
1133	432	1575747045.0
1133	603	1575747139.0
1133	106	1575747341.0
528	893	1575747788.0
1185	622	1575750707.0
525	219	1575752321.0
668	24	1575752404.0
953	898	1575757283.0
1088	542	1575759283.0
844	84	1575760078.0
1035	177	1575760095.0
263	189	1575761245.0
525	135	1575761775.0
428	8	1575764950.0
237	597	1575766352.0
481	334	1575766420.0
533	23	1575772628.0
936	31	1575773402.0
483	386	1575775649.0
20	351	1575780963.0
927	760	1575781959.0
927	523	1575782753.0
927	88	1575783301.0
705	243	1575812766.0
592	891	1575813396.0
1019	5	1575814404.0
568	129	1575817642.0
568	780	1575817707.0
568	887	1575817894.0
572	545	1575821701.0
1123	651	1575824910.0
1187	21	1575825086.0
1123	673	1575825561.0
758	323	1575830251.0
530	800	1575832473.0
530	892	1575832512.0
1142	567	1575832928.0
1142	441	1575834159.0
648	885	1575836402.0
673	161	1575838232.0
983	898	1575842220.0
1187	81	1575845071.0
633	544	1575847475.0
830	189	1575848488.0
830	97	1575848802.0
1188	45	1575848862.0
1188	828	1575849754.0
1188	881	1575849993.0
460	898	1575852561.0
1052	236	1575853046.0
189	803	1575853267.0
428	735	1575857059.0
428	189	1575857718.0
75	615	1575861186.0
75	848	1575861859.0
267	770	1575862813.0
1020	72	1575864139.0
651	799	1575871486.0
352	234	1575897156.0
845	125	1575902801.0
1188	123	1575903609.0
1188	419	1575905101.0
1188	53	1575905275.0
1188	275	1575907774.0
1188	97	1575908244.0
164	76	1575908441.0
1188	152	1575908818.0
944	566	1575909016.0
1188	335	1575909123.0
1188	59	1575909591.0
1188	435	1575909951.0
1188	240	1575910192.0
634	578	1575915437.0
533	124	1575916905.0
860	388	1575917217.0
845	575	1575918554.0
39	675	1575920484.0
1100	797	1575928408.0
164	846	1575929750.0
1000	891	1575932046.0
652	820	1575933848.0
1175	860	1575935511.0
120	189	1575935920.0
1000	890	1575938393.0
154	94	1575941132.0
154	643	1575942919.0
1116	453	1575947854.0
79	54	1575948133.0
620	99	1575951256.0
154	458	1575984723.0
1000	189	1575985943.0
932	206	1575986160.0
132	272	1575988043.0
1085	895	1575989560.0
1185	770	1575989734.0
1085	48	1575989773.0
19	323	1575992407.0
1152	420	1575994698.0
158	544	1575996258.0
721	99	1576004304.0
721	187	1576004473.0
1185	234	1576005024.0
1185	229	1576005125.0
1185	716	1576005510.0
630	881	1576006715.0
797	784	1576021465.0
349	840	1576026788.0
916	69	1576031457.0
349	64	1576031705.0
916	359	1576032549.0
349	711	1576032721.0
1185	275	1576036667.0
563	16	1576038178.0
750	128	1576064870.0
890	898	1576067613.0
1151	106	1576072917.0
185	305	1576072975.0
379	368	1576073019.0
316	491	1576073992.0
154	643	1576074273.0
419	251	1576076293.0
271	875	1576077477.0
426	174	1576078142.0
740	544	1576078683.0
740	503	1576079621.0
1016	898	1576080268.0
345	891	1576082633.0
830	378	1576082702.0
522	290	1576084813.0
1125	801	1576086424.0
1016	838	1576086573.0
903	895	1576092813.0
231	341	1576093492.0
281	24	1576098140.0
755	511	1576101021.0
305	711	1576103161.0
1116	113	1576111856.0
154	120	1576113180.0
476	139	1576113729.0
476	638	1576114843.0
476	239	1576115697.0
419	844	1576120556.0
91	558	1576123786.0
1080	202	1576126989.0
1080	5	1576127729.0
859	31	1576150194.0
1028	863	1576153489.0
243	4	1576155319.0
471	486	1576157806.0
468	364	1576164033.0
1072	305	1576164831.0
22	50	1576164986.0
849	494	1576165066.0
164	0	1576165250.0
421	315	1576165267.0
66	733	1576165408.0
724	508	1576165492.0
849	275	1576165655.0
99	206	1576165767.0
164	233	1576166104.0
22	626	1576166158.0
434	752	1576166364.0
87	890	1576169256.0
634	349	1576169630.0
1079	191	1576169670.0
830	206	1576170536.0
830	686	1576171069.0
732	809	1576171979.0
721	887	1576172794.0
85	566	1576173165.0
197	781	1576175934.0
1003	771	1576176556.0
197	880	1576176663.0
937	7	1576176870.0
19	156	1576176877.0
197	489	1576176957.0
197	700	1576177365.0
197	405	1576178488.0
1100	30	1576178534.0
197	551	1576178832.0
1111	31	1576181504.0
845	62	1576184104.0
263	832	1576184293.0
729	217	1576188507.0
350	78	1576188662.0
1120	198	1576189333.0
1114	269	1576189740.0
797	462	1576194477.0
797	266	1576194850.0
83	200	1576196931.0
198	833	1576197070.0
355	334	1576200596.0
993	475	1576202508.0
281	388	1576202802.0
1129	130	1576204834.0
1020	361	1576204936.0
1129	622	1576205920.0
1020	49	1576207385.0
687	30	1576208968.0
620	802	1576210926.0
1075	610	1576240098.0
989	180	1576244780.0
1159	84	1576248767.0
1159	840	1576248998.0
397	391	1576249219.0
1159	891	1576249275.0
420	354	1576250181.0
484	9	1576251808.0
420	203	1576251856.0
1078	553	1576255801.0
1020	196	1576258163.0
852	127	1576263803.0
1185	32	1576263825.0
14	898	1576264803.0
1140	766	1576264930.0
434	290	1576266618.0
414	831	1576274824.0
1188	47	1576275527.0
1188	359	1576275687.0
1188	697	1576275857.0
1188	783	1576276057.0
558	893	1576277305.0
338	895	1576277620.0
558	675	1576278476.0
721	734	1576280860.0
721	506	1576281149.0
721	203	1576281450.0
813	275	1576284770.0
239	840	1576288879.0
275	345	1576289124.0
325	238	1576290005.0
881	331	1576290589.0
661	492	1576290859.0
558	177	1576296582.0
57	201	1576296974.0
23	526	1576299113.0
23	43	1576299199.0
168	890	1576313870.0
168	832	1576314222.0
578	481	1576331598.0
250	840	1576333908.0
434	823	1576341864.0
1093	849	1576346619.0
295	350	1576350158.0
1129	840	1576351455.0
319	845	1576351737.0
648	883	1576355663.0
908	897	1576356425.0
10	784	1576357065.0
193	189	1576357192.0
533	272	1576358466.0
432	196	1576361852.0
616	898	1576363002.0
78	129	1576363477.0
1179	173	1576366439.0
1175	179	1576373401.0
1175	20	1576373471.0
1175	444	1576373675.0
351	188	1576374362.0
476	467	1576374543.0
389	43	1576375784.0
1041	368	1576377254.0
648	626	1576377449.0
326	34	1576380105.0
913	105	1576381170.0
913	153	1576381286.0
14	331	1576384704.0
1031	273	1576386841.0
1031	71	1576387627.0
41	29	1576393708.0
455	725	1576416807.0
75	761	1576422893.0
75	165	1576423002.0
75	496	1576423065.0
1129	814	1576430457.0
710	864	1576431466.0
710	394	1576431772.0
922	847	1576438287.0
297	94	1576438818.0
1068	484	1576442833.0
1129	30	1576444117.0
95	171	1576444595.0
653	584	1576444991.0
240	898	1576445058.0
1048	106	1576448618.0
450	617	1576452435.0
1006	30	1576454620.0
1173	178	1576455308.0
1173	235	1576455503.0
1019	130	1576457453.0
1173	566	1576457678.0
480	130	1576458330.0
1156	20	1576459192.0
1145	246	1576459636.0
586	64	1576462333.0
1179	123	1576462445.0
586	388	1576462615.0
860	64	1576467796.0
1145	125	1576468191.0
1145	98	1576469055.0
1032	177	1576469761.0
1145	873	1576470526.0
750	275	1576477819.0
974	812	1576500161.0
418	99	1576502957.0
1039	63	1576506531.0
267	560	1576509781.0
267	342	1576510341.0
1039	823	1576513282.0
1053	698	1576514060.0
342	746	1576515053.0
1100	702	1576519233.0
154	896	1576522999.0
678	533	1576526731.0
678	400	1576527656.0
1146	12	1576528865.0
1146	119	1576528951.0
1146	189	1576529418.0
638	417	1576531130.0
638	428	1576531255.0
39	859	1576533561.0
1100	108	1576535559.0
1037	391	1576541084.0
1065	832	1576542331.0
193	282	1576544068.0
1065	189	1576544213.0
1100	41	1576545337.0
0	205	1576546094.0
167	2	1576546839.0
237	275	1576547950.0
102	741	1576555826.0
306	412	1576556704.0
462	99	1576564460.0
288	161	1576591056.0
793	470	1576591236.0
948	189	1576595809.0
383	296	1576596653.0
875	405	1576598047.0
685	847	1576598464.0
1146	728	1576599473.0
685	826	1576599989.0
166	513	1576601126.0
685	781	1576601355.0
14	517	1576603742.0
166	853	1576605047.0
1079	259	1576606587.0
2	775	1576608458.0
2	862	1576609198.0
120	844	1576609944.0
939	330	1576610377.0
176	617	1576617138.0
655	832	1576617542.0
1067	302	1576620228.0
1067	847	1576620847.0
1067	30	1576621178.0
284	766	1576624161.0
191	275	1576628790.0
480	130	1576630033.0
810	889	1576631160.0
497	273	1576633491.0
1150	331	1576638149.0
1075	53	1576638826.0
1150	369	1576639823.0
219	859	1576641762.0
306	275	1576642063.0
306	827	1576642136.0
1129	186	1576642663.0
1129	880	1576643034.0
245	537	1576649201.0
21	479	1576669226.0
725	152	1576683144.0
131	131	1576689462.0
950	848	1576692464.0
131	31	1576692701.0
19	227	1576699663.0
1100	315	1576701130.0
1126	104	1576710122.0
322	862	1576711391.0
650	379	1576714308.0
105	340	1576716022.0
90	761	1576717400.0
90	360	1576717737.0
1062	110	1576718643.0
765	9	1576718925.0
765	288	1576718974.0
1062	884	1576719128.0
1140	441	1576720270.0
1140	20	1576720578.0
477	620	1576725805.0
1140	832	1576764492.0
1062	282	1576776455.0
470	149	1576776975.0
298	58	1576778308.0
1180	654	1576778745.0
1180	498	1576778853.0
1172	866	1576781567.0
849	878	1576784668.0
28	54	1576790055.0
540	752	1576790931.0
158	350	1576795782.0
902	177	1576799361.0
782	102	1576799709.0
782	350	1576800292.0
782	881	1576800415.0
782	179	1576800544.0
1150	201	1576800838.0
793	9	1576801355.0
793	56	1576801465.0
154	877	1576805956.0
178	863	1576808773.0
178	214	1576810317.0
952	870	1576812768.0
952	832	1576814102.0
340	832	1576817509.0
21	542	1576832762.0
1100	23	1576840969.0
687	883	1576851521.0
257	204	1576854166.0
28	883	1576858723.0
401	184	1576858745.0
714	198	1576861828.0
1031	898	1576866560.0
1172	483	1576867127.0
686	898	1576868272.0
1140	222	1576870038.0
913	801	1576870141.0
899	205	1576871240.0
899	60	1576872843.0
903	57	1576873542.0
445	378	1576874112.0
944	265	1576874974.0
445	672	1576874983.0
445	300	1576875197.0
67	111	1576875268.0
40	2	1576875586.0
445	249	1576875650.0
445	881	1576875801.0
930	38	1576876132.0
445	99	1576878166.0
563	776	1576879030.0
939	58	1576881921.0
939	184	1576882520.0
228	891	1576886157.0
167	296	1576886809.0
1068	895	1576887769.0
1184	599	1576888054.0
1184	663	1576888244.0
983	10	1576890153.0
661	30	1576892686.0
1040	186	1576894051.0
1040	48	1576894247.0
1122	428	1576900875.0
1068	369	1576901962.0
1015	160	1576907015.0
440	676	1576907377.0
440	601	1576907480.0
1188	895	1576910447.0
1188	369	1576910746.0
708	453	1576931850.0
938	268	1576940937.0
395	416	1576942432.0
890	860	1576942847.0
978	897	1576945323.0
985	114	1576945718.0
36	698	1576946261.0
254	48	1576949119.0
1120	847	1576949837.0
953	867	1576951357.0
998	391	1576951805.0
998	149	1576952465.0
998	84	1576953718.0
1147	50	1576954832.0
754	893	1576957201.0
1185	849	1576957554.0
1120	842	1576957923.0
905	884	1576959571.0
1040	372	1576959580.0
905	763	1576960524.0
944	5	1576960535.0
1040	179	1576961121.0
998	43	1576961392.0
998	739	1576965778.0
998	873	1576966705.0
432	898	1576967179.0
998	41	1576967453.0
1170	802	1576967960.0
998	32	1576968236.0
998	827	1576969093.0
1179	818	1576970099.0
1100	76	1576971996.0
792	50	1576976790.0
1083	50	1576981890.0
1179	856	1576982857.0
291	54	1576987639.0
258	7	1577016007.0
978	706	1577019153.0
20	691	1577019187.0
944	805	1577026499.0
165	71	1577027395.0
898	409	1577034141.0
1000	54	1577037201.0
751	113	1577040188.0
432	50	1577040304.0
432	273	1577040715.0
928	881	1577041022.0
1175	854	1577042255.0
181	881	1577054514.0
470	791	1577056188.0
1175	522	1577057406.0
1126	862	1577061481.0
992	17	1577063140.0
1080	43	1577063563.0
207	182	1577069100.0
145	112	1577071539.0
983	360	1577079131.0
84	147	1577082499.0
432	63	1577100627.0
730	457	1577105982.0
289	893	1577114060.0
284	867	1577116661.0
1000	572	1577118039.0
379	705	1577118101.0
1131	231	1577119439.0
120	835	1577120787.0
109	263	1577124626.0
120	2	1577125067.0
864	31	1577127682.0
120	204	1577128811.0
974	199	1577128962.0
1189	700	1577135187.0
1189	267	1577135353.0
370	854	1577135379.0
1189	710	1577135460.0
1189	715	1577135625.0
1189	278	1577135889.0
1189	681	1577136082.0
1189	77	1577136262.0
1189	393	1577136458.0
1189	206	1577136672.0
158	868	1577136691.0
1189	251	1577137922.0
1189	141	1577138746.0
201	42	1577140259.0
85	835	1577140423.0
472	346	1577140735.0
358	423	1577148515.0
374	859	1577149439.0
358	141	1577149477.0
374	821	1577149573.0
275	885	1577150555.0
275	131	1577150794.0
1188	814	1577157377.0
1188	520	1577157590.0
1188	28	1577157864.0
1105	52	1577158457.0
525	838	1577158584.0
1188	783	1577159304.0
525	877	1577159403.0
750	889	1577159868.0
1188	803	1577164000.0
1188	484	1577164548.0
248	886	1577166561.0
146	748	1577197427.0
374	438	1577197993.0
146	661	1577198068.0
146	264	1577198517.0
1147	787	1577202207.0
812	783	1577212780.0
1147	448	1577215119.0
1152	141	1577217731.0
398	423	1577219460.0
633	131	1577224613.0
633	113	1577224716.0
1100	99	1577228483.0
1035	264	1577246074.0
84	781	1577258471.0
84	58	1577260312.0
705	378	1577278908.0
117	883	1577282452.0
1152	227	1577282508.0
805	272	1577300953.0
178	641	1577308148.0
952	890	1577309206.0
1147	707	1577314404.0
1055	427	1577321687.0
1020	870	1577324579.0
1020	339	1577326341.0
363	75	1577326700.0
1160	412	1577332000.0
232	291	1577365602.0
1055	464	1577372984.0
1177	871	1577373082.0
1177	211	1577374323.0
1177	99	1577374962.0
370	582	1577375435.0
1177	51	1577376732.0
480	56	1577383142.0
480	552	1577383613.0
1175	442	1577384120.0
791	210	1577386905.0
84	614	1577387957.0
84	266	1577388852.0
412	188	1577392553.0
496	119	1577407322.0
496	162	1577407500.0
1055	214	1577409167.0
211	350	1577413819.0
211	38	1577413948.0
1147	31	1577415038.0
1083	108	1577417058.0
5	668	1577450997.0
5	281	1577451985.0
450	394	1577452659.0
450	177	1577452980.0
264	898	1577453620.0
890	882	1577455824.0
172	365	1577460378.0
1055	26	1577460903.0
1022	487	1577461836.0
325	158	1577461904.0
479	264	1577466779.0
1174	267	1577469292.0
479	568	1577475234.0
420	781	1577478419.0
614	895	1577482620.0
5	519	1577486725.0
1027	157	1577486796.0
981	254	1577494079.0
1055	416	1577494977.0
1055	646	1577495397.0
1055	165	1577496158.0
1046	141	1577496200.0
1046	41	1577496548.0
145	69	1577498750.0
625	334	1577499405.0
1147	128	1577499484.0
316	5	1577501465.0
316	124	1577502188.0
1093	114	1577506658.0
1071	102	1577506985.0
90	394	1577507052.0
21	871	1577530833.0
1039	63	1577542795.0
750	72	1577542869.0
1071	811	1577543612.0
60	520	1577543812.0
1171	482	1577545199.0
167	217	1577546093.0
1147	321	1577546734.0
77	886	1577546772.0
1074	898	1577548864.0
168	806	1577551502.0
79	886	1577553717.0
606	871	1577557214.0
218	780	1577573138.0
909	213	1577574330.0
325	158	1577578625.0
791	262	1577580786.0
1022	21	1577584236.0
275	131	1577586340.0
1080	61	1577586979.0
97	230	1577587306.0
587	545	1577593432.0
627	898	1577594164.0
1150	741	1577594606.0
1150	827	1577595926.0
730	169	1577623649.0
322	45	1577626023.0
322	281	1577626343.0
370	208	1577629873.0
1084	124	1577630813.0
1084	891	1577631386.0
1174	290	1577632345.0
791	511	1577640907.0
1131	382	1577643942.0
1131	803	1577644436.0
1050	327	1577644823.0
1022	29	1577645935.0
1055	557	1577649348.0
310	178	1577651167.0
403	187	1577653985.0
207	395	1577654199.0
638	196	1577657856.0
105	293	1577660752.0
1125	327	1577667165.0
118	893	1577671228.0
71	99	1577679081.0
952	274	1577679357.0
71	884	1577679421.0
1003	850	1577682325.0
1158	511	1577701427.0
432	796	1577702991.0
637	837	1577711573.0
207	537	1577718080.0
1137	578	1577728421.0
1137	881	1577729375.0
1137	779	1577729854.0
1137	7	1577730365.0
491	275	1577732254.0
1003	733	1577735025.0
470	287	1577736411.0
382	846	1577737065.0
382	274	1577737365.0
1131	32	1577737423.0
1131	43	1577738649.0
865	474	1577751468.0
594	860	1577751610.0
924	533	1577759293.0
924	789	1577760083.0
924	264	1577760925.0
924	97	1577762536.0
924	439	1577763396.0
1154	97	1577765009.0
1154	20	1577765284.0
1154	124	1577765874.0
1154	490	1577766193.0
1154	752	1577766467.0
1154	41	1577767191.0
1160	726	1577767537.0
21	618	1577794238.0
638	698	1577797888.0
909	197	1577798514.0
192	672	1577804955.0
192	898	1577805453.0
192	161	1577806252.0
192	881	1577806672.0
910	134	1577808004.0
284	335	1577809590.0
1151	9	1577815866.0
638	287	1577828894.0
