0	0	1
0	29	2
0	131	1
0	45	1
0	132	1
0	257	1
0	20	1
0	579	1
0	529	1
0	247	1
0	173	1
0	602	1
0	714	1
0	708	1
0	17	1
0	439	1
0	513	1
0	76	1
0	802	1
0	106	1
1000	568	1
1000	206	1
1000	518	1
1000	802	1
1000	788	1
1000	410	1
1000	429	1
1000	41	1
1000	177	1
1000	245	1
1001	416	1
1001	24	1
1001	206	1
1001	498	1
1001	544	1
1001	489	1
1002	43	1
1002	179	1
1002	327	1
1002	583	2
1002	544	1
1002	53	1
1002	41	1
1003	641	1
1003	681	1
1003	368	1
1003	797	1
1003	251	1
1003	843	1
1003	11	1
1003	169	1
1003	254	1
1003	29	1
1004	419	1
1004	368	1
1004	201	1
1004	77	1
1004	61	1
1004	35	1
1004	30	1
1005	781	1
1005	327	1
1005	537	1
1005	394	1
1005	47	1
1005	489	1
1005	39	1
1005	89	1
1005	31	1
1005	157	1
1005	662	1
1005	378	1
1005	346	1
1005	5	1
1006	206	1
1006	190	1
1006	43	1
1006	677	1
1006	562	1
1006	68	1
1006	303	1
1006	570	1
1006	66	1
1006	229	1
1006	774	1
1006	344	1
1006	65	1
1006	866	1
1006	375	1
1006	21	1
1007	275	1
1007	178	1
1007	533	1
1007	214	1
1007	165	1
1007	614	1
1007	97	1
1008	347	1
1008	385	1
1008	107	1
1008	793	1
1008	804	1
1008	838	1
1008	720	1
1008	840	1
1008	125	1
1008	246	1
1008	99	1
1009	334	1
1009	124	1
1009	489	1
1009	43	1
1009	490	1
1009	696	1
1009	748	1
1009	180	1
1009	724	1
1009	618	1
1009	534	1
1009	761	1
1009	214	1
1009	272	1
1009	91	1
1009	536	1
1009	406	2
1009	162	1
1009	283	1
1009	776	1
1009	387	1
1009	639	1
1009	393	1
1009	169	1
1009	115	1
1009	110	1
1009	166	1
1009	437	1
1009	297	1
1009	428	1
1009	48	1
100	61	1
100	171	1
100	129	1
100	172	1
100	34	1
100	191	1
100	210	1
100	260	1
100	62	1
100	270	1
100	160	1
1010	153	1
1010	752	1
1010	651	1
1010	254	1
1010	844	1
1010	26	1
1010	619	1
1010	648	1
1010	788	1
1010	191	1
1010	81	1
1010	50	1
1010	337	1
1010	58	1
1010	368	1
1010	65	1
1010	459	1
1010	847	1
1010	339	1
1010	340	1
1010	696	1
1010	270	1
1010	285	1
1010	39	1
1010	863	1
1011	247	2
1011	206	2
1011	30	1
1011	10	1
1011	740	1
1011	5	1
1011	369	1
1011	183	2
1011	43	1
1011	723	1
1011	458	1
1011	341	1
1011	357	1
1011	207	1
1011	393	1
1011	689	1
1011	42	1
1011	97	1
1011	129	1
1011	226	1
1012	702	1
1012	162	1
1012	334	1
1012	641	2
1012	525	1
1012	701	1
1012	556	1
1012	207	1
1012	132	1
1012	310	1
1012	51	1
1013	285	1
1013	431	1
1013	781	1
1013	10	1
1013	238	1
1013	71	1
1013	435	1
1013	400	1
1013	699	1
1013	647	1
1013	47	1
1013	341	1
1013	289	1
1013	584	1
1013	69	1
1013	346	1
1013	651	1
1013	470	1
1013	120	1
1013	57	1
1013	2	1
1013	125	1
1013	822	1
1013	576	1
1013	851	1
1013	844	1
1013	857	1
1013	147	1
1013	489	1
1013	783	1
1013	211	1
1013	251	1
1013	354	1
1013	19	1
1013	350	1
1014	298	2
1014	78	1
1014	462	1
1014	176	1
1014	153	1
1014	378	1
1014	48	1
1014	307	1
1014	117	1
1014	309	1
1014	53	1
1015	20	1
1015	43	1
1015	797	1
1015	852	1
1015	794	2
1015	857	1
1015	40	1
1016	98	1
1016	840	1
1016	38	1
1016	64	1
1016	58	1
1016	411	1
1016	275	1
1016	378	1
1016	76	1
1016	400	1
1016	31	1
1016	6	1
1016	828	2
1016	349	1
1016	871	1
1016	394	1
1016	289	1
1017	184	1
1017	236	1
1017	113	1
1017	503	1
1017	76	1
1017	260	1
1017	51	1
1017	359	1
1017	64	1
1017	331	1
1017	130	1
1017	111	1
1017	138	1
1017	449	1
1017	489	1
1018	665	1
1018	314	1
1018	378	1
1018	101	1
1018	590	1
1018	370	1
1018	133	1
1018	185	1
1018	65	2
1018	331	2
1018	27	1
1018	160	1
1018	85	1
1018	354	1
1018	404	1
1018	216	1
1018	210	1
1018	251	1
1018	627	1
1018	672	1
1019	160	1
1019	289	1
1019	810	1
1019	844	1
1019	50	1
1019	218	1
1019	298	1
1019	47	1
1019	669	1
1019	125	1
1019	731	1
1019	6	1
1019	134	1
1019	632	1
1019	2	1
1019	201	1
1019	459	1
1019	682	1
1019	45	1
1019	238	1
1019	275	1
1019	301	1
1019	173	1
1019	237	1
1019	395	1
1019	820	1
1019	504	1
1019	307	1
1019	315	1
1019	35	1
1019	67	1
1019	200	1
101	166	2
101	48	1
101	157	1
101	24	1
101	500	1
101	6	1
101	351	1
101	534	1
101	420	1
1020	265	1
1020	179	1
1020	39	1
1020	842	1
1020	63	1
1020	156	1
1020	147	1
1020	848	1
1020	165	1
1020	130	1
1020	92	1
1020	80	1
1020	776	1
1020	847	1
1020	378	1
1021	432	1
1021	67	1
1021	838	1
1021	530	1
1021	266	1
1021	854	1
1021	159	1
1021	112	1
1021	403	1
1021	141	1
1022	148	1
1022	216	1
1022	41	1
1022	414	1
1022	370	1
1022	82	1
1022	30	1
1022	426	1
1022	58	1
1022	367	1
1022	797	1
1022	822	1
1022	751	1
1022	435	1
1022	108	1
1023	846	1
1023	229	1
1023	23	1
1023	63	1
1023	615	1
1023	88	1
1023	594	1
1024	644	1
1024	21	1
1024	498	1
1024	596	1
1024	206	1
1024	464	1
1024	518	1
1025	43	1
1025	331	1
1025	9	1
1025	177	1
1025	713	1
1025	206	1
1025	585	1
1025	866	1
1025	834	1
1025	29	1
1025	32	1
1026	486	1
1026	488	1
1026	5	1
1026	56	1
1026	136	1
1026	461	1
1026	825	1
1026	824	1
1026	275	1
1026	71	1
1026	274	1
1026	249	1
1026	605	1
1026	836	1
1026	452	1
1026	870	1
1027	251	1
1027	346	1
1027	580	1
1027	161	1
1027	146	1
1027	99	1
1027	566	1
1027	256	1
1027	367	1
1027	808	2
1028	848	1
1028	749	1
1028	177	1
1028	655	1
1028	12	1
1028	473	1
1028	36	1
1028	424	1
1028	187	1
1028	92	1
1028	621	1
1028	599	1
1028	571	1
1028	323	1
1028	214	1
1028	13	1
1028	191	1
1028	584	1
1029	284	1
1029	485	1
1029	165	1
1029	382	1
1029	417	1
1029	822	1
1029	109	1
1029	813	1
1029	91	1
1029	264	1
1029	44	1
1029	49	1
1029	117	1
102	61	1
102	108	1
102	283	1
102	177	1
102	3	1
102	381	1
102	10	1
102	112	1
102	2	1
102	465	1
102	643	1
102	354	1
102	7	1
102	674	1
102	69	1
102	58	1
102	60	1
102	378	1
102	370	1
102	547	1
102	82	1
102	113	1
102	366	1
102	94	1
102	95	1
102	114	1
102	437	1
102	579	1
102	766	1
102	30	1
102	227	1
102	269	1
102	184	1
102	552	1
102	43	1
102	478	1
102	200	1
102	398	1
102	421	1
1030	431	1
1030	342	1
1030	472	1
1030	38	1
1030	544	1
1030	2	1
1030	43	1
1030	131	1
1031	43	1
1031	290	1
1031	272	1
1031	639	1
1031	308	1
1031	206	1
1031	464	1
1031	7	1
1031	749	1
1031	147	1
1031	362	1
1031	490	1
1031	487	1
1031	351	1
1031	287	1
1031	98	1
1031	775	1
1031	796	1
1032	547	1
1032	18	1
1032	436	1
1032	536	1
1032	696	1
1032	21	1
1032	31	1
1033	850	1
1033	56	1
1033	509	1
1033	862	1
1033	819	1
1033	88	1
1033	282	1
1033	864	1
1033	786	1
1033	378	2
1034	436	1
1034	464	1
1034	212	1
1034	646	1
1034	596	1
1034	206	1
1034	320	1
1035	341	1
1035	159	1
1035	782	1
1035	322	1
1035	51	1
1035	6	2
1035	838	1
1035	351	1
1035	794	1
1035	781	1
1035	606	1
1035	31	1
1035	115	1
1036	647	1
1036	593	1
1036	843	1
1036	751	1
1036	443	1
1036	169	1
1037	104	1
1037	547	1
1037	88	1
1037	244	1
1037	328	1
1037	199	1
1037	616	1
1038	313	1
1038	243	1
1038	846	1
1038	276	1
1038	825	1
1038	301	1
1038	214	1
1038	43	1
1038	272	1
1039	47	1
1039	69	1
1039	48	1
1039	301	1
1039	58	1
1039	446	2
103	167	1
103	120	1
103	175	1
103	195	1
103	525	1
103	726	1
103	548	1
103	770	1
1040	157	1
1040	29	1
1040	113	1
1040	827	1
1040	829	1
1040	163	1
1040	2	1
1040	131	1
1040	489	1
1040	276	1
1040	234	1
1040	26	1
1041	841	1
1041	76	1
1041	289	1
1041	349	1
1041	849	1
1041	346	1
1041	485	1
1042	56	1
1042	579	1
1042	79	1
1042	840	1
1042	231	1
1042	376	1
1043	810	1
1043	128	1
1043	544	1
1043	482	1
1043	18	1
1043	160	1
1043	275	1
1043	204	1
1043	103	1
1043	308	1
1043	141	1
1044	113	1
1044	301	1
1044	236	1
1044	471	1
1044	311	1
1044	853	1
1044	146	1
1044	750	1
1044	176	1
1044	420	1
1044	500	1
1044	834	1
1044	703	1
1044	860	1
1044	819	1
1044	128	1
1044	31	1
1044	378	1
1044	104	1
1044	746	1
1045	598	2
1045	287	1
1045	196	1
1045	487	1
1045	862	1
1045	104	1
1045	236	1
1046	430	1
1046	7	1
1046	208	1
1046	484	1
1046	78	1
1046	799	1
1046	309	1
1046	50	1
1046	875	1
1047	11	1
1047	275	1
1047	836	1
1047	135	1
1047	294	1
1047	161	1
1048	698	1
1048	641	1
1048	47	1
1048	342	1
1048	837	1
1048	446	1
1048	83	1
1048	50	1
1048	247	1
1048	543	1
1048	857	1
1048	92	1
1048	147	1
1048	783	1
1049	264	1
1049	827	1
1049	179	1
1049	108	1
1049	122	1
1049	86	1
1049	30	1
104	104	1
104	17	1
104	87	1
104	50	1
104	733	1
104	273	3
104	86	1
104	538	1
104	415	1
1050	353	1
1050	584	1
1050	15	1
1050	877	1
1050	20	1
1050	533	1
1050	23	1
1051	41	1
1051	850	1
1051	179	1
1051	448	1
1051	811	1
1051	503	1
1051	462	1
1051	129	1
1051	88	1
1052	421	1
1052	846	1
1052	2	1
1052	718	1
1052	826	1
1052	766	1
1052	611	1
1052	84	1
1053	64	1
1053	77	1
1053	47	1
1053	312	1
1053	99	1
1053	881	1
1053	640	1
1053	584	1
1054	391	1
1054	97	1
1054	810	1
1054	20	1
1054	710	1
1054	845	1
1054	128	1
1054	69	1
1054	157	1
1054	48	1
1054	698	1
1054	31	1
1054	57	1
1054	26	1
1054	131	1
1054	84	1
1054	43	1
1054	41	1
1054	50	1
1055	398	1
1055	21	1
1055	179	1
1055	487	1
1055	214	2
1055	206	1
1055	598	1
1055	485	1
1055	114	1
1055	706	1
1055	427	1
1056	393	1
1056	179	1
1056	659	1
1056	531	1
1056	230	2
1056	67	1
1056	177	1
1056	38	1
1056	520	1
1056	637	1
1056	486	1
1056	240	1
1056	419	1
1056	43	1
1057	9	1
1057	272	1
1057	668	1
1057	169	1
1057	421	1
1057	179	1
1057	518	1
1058	235	1
1058	10	1
1058	634	1
1058	615	1
1058	724	1
1058	108	1
1058	114	1
1059	264	1
1059	275	1
1059	626	1
1059	521	1
1059	486	1
1059	283	1
1059	347	1
1059	99	1
1059	867	1
1059	825	1
1059	274	1
105	71	1
105	169	1
105	187	1
105	290	1
105	300	1
105	269	1
105	298	1
105	365	1
105	131	1
105	267	1
105	264	1
105	78	1
105	160	1
105	464	1
105	348	1
105	696	1
105	73	1
105	634	1
105	60	1
105	779	1
105	125	1
105	312	2
105	165	1
105	489	1
105	788	2
105	793	1
105	804	1
105	766	1
105	275	1
105	69	1
105	576	1
105	329	1
105	149	1
105	21	1
105	108	1
105	574	1
105	840	1
105	188	1
105	549	1
1060	342	1
1060	131	1
1060	338	1
1060	366	1
1060	555	1
1060	79	1
1060	519	1
1060	74	2
1060	429	1
1060	557	1
1060	541	1
1060	36	1
1060	53	1
1061	251	1
1061	470	1
1061	593	1
1061	611	1
1061	843	1
1061	795	1
1061	857	1
1062	370	1
1062	702	1
1062	27	1
1062	2	1
1062	828	1
1062	435	1
1062	850	1
1062	114	1
1062	120	1
1062	708	1
1062	511	1
1062	383	1
1062	844	1
1062	865	1
1063	57	1
1063	669	1
1063	145	1
1063	470	1
1063	677	1
1063	157	1
1063	71	1
1063	348	1
1063	639	1
1064	282	2
1064	483	1
1064	589	1
1064	269	1
1064	207	1
1064	85	1
1064	164	1
1064	417	1
1064	344	1
1064	766	1
1064	445	1
1064	426	1
1064	113	1
1064	875	1
1065	225	1
1065	355	1
1065	850	1
1065	712	1
1065	22	1
1065	515	1
1065	252	1
1065	791	1
1065	29	1
1066	810	1
1066	95	1
1066	2	1
1066	820	1
1066	544	1
1066	781	1
1066	160	1
1067	757	1
1067	520	1
1067	489	1
1067	578	1
1067	865	1
1067	317	1
1067	657	1
1067	370	1
1067	580	1
1068	840	1
1068	477	1
1068	311	1
1068	573	1
1068	28	1
1068	0	1
1068	545	1
1068	319	1
1068	45	2
1068	169	1
1068	426	1
1068	141	1
1068	410	1
1068	486	1
1068	747	1
1068	681	1
1068	593	1
1068	51	1
1068	423	1
1068	494	1
1068	464	1
1068	416	1
1068	24	1
1068	212	1
1068	646	1
1068	289	1
1068	425	1
1068	32	1
1068	624	1
1068	415	1
1068	797	1
1068	605	1
1068	419	1
1068	240	1
1068	699	1
1068	316	1
1068	631	1
1068	284	1
1068	709	1
1068	414	1
1068	558	1
1068	651	1
1068	693	1
1068	843	1
1069	113	1
1069	184	1
1069	5	1
1069	179	1
1069	275	1
1069	476	1
1069	44	1
106	170	1
106	176	1
106	132	1
106	177	1
106	178	1
106	179	1
106	180	1
106	298	1
106	119	1
106	140	1
106	76	1
106	322	1
106	323	1
106	97	1
106	155	1
106	198	1
106	390	1
106	351	1
106	92	1
106	436	1
106	354	1
106	56	1
106	372	1
106	206	1
106	233	1
106	62	1
106	203	1
106	821	1
106	438	1
106	36	1
106	58	1
1070	779	1
1070	264	1
1070	275	1
1070	666	1
1070	572	1
1070	206	1
1070	464	1
1070	175	1
1071	388	1
1071	840	1
1071	534	1
1071	272	1
1071	49	1
1071	201	1
1071	191	1
1072	106	1
1072	2	1
1072	16	1
1072	855	1
1072	120	1
1072	257	1
1072	199	1
1072	132	1
1072	32	1
1072	679	1
1072	79	1
1072	19	1
1072	45	1
1072	276	1
1073	326	1
1073	642	1
1073	58	1
1073	88	1
1073	427	1
1073	43	1
1073	227	1
1073	159	1
1073	334	1
1073	123	1
1073	677	1
1073	848	1
1073	281	1
1073	624	1
1073	772	1
1073	414	1
1074	179	1
1074	20	2
1074	396	1
1074	322	1
1074	187	1
1074	367	1
1074	301	1
1074	275	1
1074	276	1
1074	864	1
1074	685	1
1074	788	1
1074	177	1
1074	747	1
1074	881	2
1074	883	1
1074	191	1
1074	84	1
1074	679	1
1074	896	1
1075	494	1
1075	878	1
1075	756	1
1075	227	1
1075	51	1
1075	660	1
1075	783	1
1075	316	1
1075	31	1
1076	429	1
1076	74	1
1076	541	1
1076	36	1
1076	131	1
1076	305	1
1076	778	1
1076	44	1
1077	498	1
1077	212	1
1077	668	1
1077	539	1
1077	24	1
1077	19	1
1077	179	1
1077	416	1
1077	206	1
1077	48	1
1078	136	1
1078	772	1
1078	783	1
1078	695	1
1078	843	1
1078	373	1
1078	44	1
1078	806	1
1078	237	1
1078	23	1
1078	27	1
1079	303	1
1079	234	1
1079	32	1
1079	68	1
1079	226	1
1079	219	1
1079	476	1
1079	177	1
1079	585	1
1079	864	1
1079	716	1
1079	844	1
1079	621	1
1079	848	1
1079	190	1
1079	661	1
107	173	1
107	630	1
107	244	1
107	89	1
107	345	1
107	189	1
107	509	1
107	130	1
107	500	1
107	132	1
107	44	1
107	406	1
107	7	1
107	284	1
107	226	1
1080	447	1
1080	660	1
1080	417	1
1080	305	1
1080	94	1
1080	828	1
1080	793	1
1081	646	1
1081	206	1
1081	73	1
1081	755	1
1081	814	1
1081	542	1
1082	283	1
1082	306	1
1082	739	1
1082	96	1
1082	180	1
1082	724	1
1082	241	1
1082	43	1
1083	846	1
1083	108	2
1083	400	1
1083	871	1
1083	258	2
1083	475	1
1083	30	2
1083	775	1
1083	191	2
1083	64	1
1083	371	1
1083	351	1
1083	176	1
1083	17	1
1084	56	1
1084	864	1
1084	110	1
1084	4	1
1084	20	1
1084	340	1
1084	571	1
1084	663	1
1084	745	1
1084	811	1
1084	5	1
1084	61	1
1084	806	1
1084	364	1
1084	723	1
1084	542	1
1085	708	1
1085	651	1
1085	566	1
1085	483	1
1085	270	1
1085	865	1
1085	252	1
1086	808	1
1086	43	1
1086	386	1
1086	453	1
1086	788	1
1086	84	2
1086	837	1
1086	135	1
1087	808	1
1087	43	1
1087	386	1
1087	177	1
1087	131	1
1087	661	1
1087	135	1
1087	850	1
1087	817	1
1087	91	1
1087	707	1
1088	521	1
1088	774	1
1088	127	1
1088	590	1
1088	83	1
1088	487	1
1088	507	1
1088	216	1
1088	598	1
1088	26	1
1088	21	1
1088	464	1
1088	147	1
1088	178	1
1089	802	1
1089	393	1
1089	222	1
1089	144	1
1089	500	1
1089	495	1
1089	876	1
108	183	1
108	47	1
108	247	1
108	334	1
108	100	1
108	207	1
108	90	1
108	104	1
108	421	1
108	367	1
108	697	1
108	458	1
108	179	2
1090	544	1
1090	369	1
1090	237	1
1090	161	1
1090	57	1
1090	186	1
1091	31	1
1091	125	1
1091	2	1
1091	237	1
1091	583	1
1091	327	1
1091	650	1
1091	246	1
1091	747	1
1091	489	1
1091	91	1
1091	386	1
1091	289	1
1091	248	1
1091	478	1
1091	337	2
1091	417	1
1092	32	1
1092	689	1
1092	752	1
1092	527	1
1092	686	1
1092	498	1
1093	268	1
1093	235	1
1093	414	1
1093	774	1
1093	829	1
1093	288	1
1094	861	1
1094	94	1
1094	267	1
1094	875	1
1094	71	1
1094	599	1
1094	837	1
1094	261	1
1094	608	1
1095	554	1
1095	453	1
1095	855	1
1095	143	1
1095	160	1
1095	268	1
1095	482	1
1096	206	1
1096	355	1
1096	440	1
1096	20	1
1096	45	1
1096	46	1
1097	677	1
1097	565	1
1097	134	1
1097	790	1
1097	209	1
1097	5	1
1097	23	1
1097	34	1
1097	228	1
1098	26	1
1098	464	1
1098	206	1
1098	485	1
1098	689	1
1098	232	1
1098	108	1
1098	41	1
1098	169	1
1098	32	1
1098	364	1
1098	410	1
1099	134	1
1099	131	2
1099	251	1
1099	692	2
1099	559	1
1099	31	1
1099	395	1
109	184	1
109	205	1
109	47	1
109	313	1
109	275	1
109	741	1
109	809	1
109	200	1
109	836	1
10	14	1
10	332	1
10	233	1
10	270	1
10	20	1
10	334	1
10	262	1
10	65	1
10	203	1
10	704	1
10	640	1
10	346	1
10	795	1
10	547	1
10	2	1
1100	20	1
1100	544	1
1100	77	1
1100	235	1
1100	487	1
1100	464	1
1100	281	1
1100	21	1
1100	172	1
1100	131	1
1100	31	1
1100	10	1
1100	254	1
1100	605	1
1100	328	1
1100	276	1
1100	391	1
1100	135	1
1100	50	1
1100	57	1
1100	275	1
1100	293	1
1100	346	1
1100	646	1
1100	702	2
1100	58	1
1101	756	1
1101	741	1
1101	354	1
1101	212	1
1101	695	1
1101	76	1
1101	51	1
1102	84	1
1102	98	1
1102	131	1
1102	57	1
1102	264	1
1102	741	1
1102	275	1
1102	20	1
1102	23	1
1102	89	1
1102	835	1
1102	883	1
1102	337	1
1102	41	1
1102	58	1
1103	754	1
1103	103	1
1103	1	1
1103	647	1
1103	783	1
1103	77	1
1103	730	1
1104	490	1
1104	247	2
1104	186	1
1104	498	1
1104	391	1
1104	321	1
1104	184	1
1104	48	1
1104	827	1
1105	560	1
1105	379	1
1105	337	1
1105	580	1
1105	9	1
1105	625	1
1105	671	1
1105	840	1
1105	451	1
1105	461	1
1105	752	1
1105	410	1
1105	351	1
1105	249	1
1106	157	1
1106	549	1
1106	193	1
1106	51	1
1106	341	1
1106	803	1
1106	179	1
1106	840	1
1106	20	1
1106	458	1
1106	659	1
1107	703	1
1107	618	1
1107	323	1
1107	743	1
1107	811	1
1107	610	1
1107	746	1
1107	637	1
1107	617	1
1107	831	1
1107	818	1
1107	274	1
1107	848	1
1107	535	1
1107	334	1
1107	745	1
1107	222	1
1107	206	1
1108	321	1
1108	206	1
1108	446	1
1108	686	1
1108	189	1
1108	654	1
1108	743	1
1108	498	1
1108	526	1
1109	436	1
1109	211	1
1109	474	1
1109	216	1
1109	31	1
1109	464	1
1109	501	1
110	185	1
110	56	1
110	532	1
110	481	1
110	575	1
110	120	1
110	670	1
110	22	1
110	352	1
110	563	1
110	59	1
110	768	1
110	816	1
110	62	1
110	723	1
110	239	1
110	814	1
110	521	1
110	9	1
110	736	1
110	20	1
110	112	1
110	36	1
1110	464	1
1110	381	1
1110	132	1
1110	143	1
1110	30	1
1110	179	1
1111	367	1
1111	20	1
1111	216	1
1111	2	1
1111	108	1
1111	21	1
1111	290	1
1111	131	1
1111	60	1
1111	604	1
1111	69	1
1111	19	1
1111	449	1
1111	584	1
1111	50	1
1111	350	1
1111	275	1
1112	391	1
1112	659	1
1112	130	1
1112	378	1
1112	864	1
1112	651	1
1113	177	1
1113	275	1
1113	489	1
1113	179	1
1113	57	1
1113	379	1
1113	20	1
1113	23	1
1113	251	1
1113	287	1
1113	160	1
1113	331	1
1113	153	1
1113	479	1
1114	392	1
1114	147	1
1114	728	1
1114	549	1
1114	731	1
1114	881	1
1115	43	1
1115	6	1
1115	791	1
1115	216	1
1115	573	1
1115	527	1
1115	646	1
1115	393	1
1115	558	1
1116	493	1
1116	308	1
1116	498	1
1116	247	1
1116	186	1
1116	425	1
1116	321	1
1117	267	1
1117	504	1
1117	206	1
1117	79	1
1117	207	1
1117	41	1
1117	58	1
1117	20	1
1117	231	1
1117	452	1
1117	173	1
1117	367	1
1117	282	1
1118	501	1
1118	10	1
1118	560	1
1118	417	1
1118	399	1
1118	331	1
1118	428	1
1118	222	1
1118	378	1
1118	530	1
1119	827	1
1119	23	1
1119	131	1
1119	650	1
1119	706	1
1119	797	1
111	120	1
111	90	1
111	186	1
111	288	1
111	47	1
111	30	1
111	670	1
111	278	1
111	62	1
111	801	1
111	101	1
111	814	1
111	542	1
111	819	1
111	695	1
111	790	1
111	499	1
111	686	1
111	390	1
111	832	1
111	175	1
111	209	1
111	818	1
111	413	1
111	20	1
111	205	1
111	783	1
1120	110	1
1120	719	1
1120	214	1
1120	377	1
1120	21	1
1120	436	1
1120	147	1
1120	736	1
1120	695	1
1120	44	1
1120	787	1
1120	57	1
1120	339	1
1120	260	1
1120	397	1
1120	586	1
1120	646	1
1120	43	1
1120	379	1
1120	457	1
1120	202	1
1120	492	1
1120	536	1
1121	284	1
1121	624	3
1121	109	1
1121	641	1
1121	179	1
1121	21	1
1121	598	1
1121	130	1
1121	415	1
1122	20	1
1122	795	1
1122	59	1
1122	44	1
1122	599	1
1122	108	1
1122	40	1
1123	309	1
1123	177	1
1123	193	1
1123	391	1
1123	57	1
1123	275	1
1123	141	1
1124	34	1
1124	140	1
1124	228	1
1124	266	1
1124	204	1
1124	756	1
1124	693	1
1124	478	1
1125	20	1
1125	141	1
1125	87	1
1125	45	1
1125	177	1
1125	346	1
1125	366	1
1125	471	1
1125	540	1
1125	843	1
1125	271	1
1125	881	1
1125	281	1
1125	275	1
1125	662	1
1125	354	1
1125	645	1
1125	59	1
1126	500	1
1126	879	1
1126	624	1
1126	152	1
1126	30	1
1126	207	1
1126	884	1
1127	645	1
1127	41	1
1127	153	1
1127	2	1
1127	23	1
1127	548	1
1127	806	1
1127	21	1
1127	230	1
1127	57	1
1127	419	1
1127	418	1
1127	670	1
1127	857	1
1128	750	1
1128	51	1
1128	551	1
1128	354	1
1128	453	1
1128	495	1
1128	814	1
1128	315	1
1128	766	1
1129	230	1
1129	462	1
1129	683	1
1129	21	1
1129	714	1
1129	130	2
1129	803	1
1129	647	1
1129	593	1
1129	5	1
1129	587	2
1129	125	1
1129	169	1
1129	382	1
1129	876	1
1129	108	1
112	100	1
112	779	1
112	506	1
112	332	1
112	714	1
112	422	1
1130	53	1
1130	23	1
1130	2	1
1130	567	1
1130	351	1
1130	307	1
1130	182	1
1131	489	1
1131	176	1
1131	47	1
1131	230	1
1131	240	1
1131	150	1
1131	111	1
1131	769	1
1131	313	1
1132	223	1
1132	270	1
1132	226	1
1132	497	1
1132	486	1
1132	219	1
1132	580	1
1132	154	1
1132	428	1
1132	723	1
1132	260	1
1132	151	1
1133	254	1
1133	729	1
1133	336	1
1133	6	1
1133	437	1
1133	475	1
1134	351	1
1134	201	1
1134	295	1
1134	206	1
1134	498	1
1134	654	1
1134	21	1
1135	416	1
1135	361	1
1135	523	1
1135	247	1
1135	211	1
1135	143	1
1136	321	1
1136	24	1
1136	523	1
1136	295	1
1136	387	1
1136	206	1
1136	686	1
1137	827	1
1137	125	1
1137	496	1
1137	84	1
1137	651	1
1137	77	1
1138	479	1
1138	829	1
1138	98	1
1138	343	1
1138	575	1
1138	99	1
1138	348	1
1138	809	1
1138	711	1
1139	436	1
1139	61	1
1139	64	1
1139	131	1
1139	31	1
1139	416	1
1139	43	1
1139	854	1
1139	292	1
1139	24	1
1139	336	1
1139	365	1
1139	44	1
1139	206	1
1139	23	1
1139	346	1
1139	630	1
1139	646	1
1139	257	1
1139	871	1
1139	754	1
1139	133	1
113	144	1
113	331	1
113	368	1
113	141	1
113	279	1
113	266	1
113	304	1
113	17	1
113	193	1
113	175	1
113	405	1
113	651	1
113	501	1
1140	78	1
1140	69	1
1140	674	1
1140	438	1
1140	224	1
1140	421	1
1140	552	1
1140	454	1
1140	60	1
1140	720	1
1140	267	1
1141	534	1
1141	490	1
1141	487	1
1141	221	1
1141	651	1
1141	108	1
1141	498	1
1141	654	1
1141	677	1
1141	526	1
1141	302	1
1142	866	1
1142	741	1
1142	31	1
1142	369	1
1142	107	1
1142	303	1
1142	664	1
1142	177	1
1142	311	1
1142	286	1
1142	113	1
1143	426	1
1143	520	1
1143	871	1
1143	608	1
1143	75	1
1143	443	1
1144	351	1
1144	64	1
1144	201	1
1144	262	1
1144	643	1
1144	465	1
1144	94	1
1144	358	1
1145	77	1
1145	141	1
1145	2	1
1145	108	1
1145	797	1
1145	123	1
1145	582	1
1145	228	1
1145	35	1
1145	57	1
1145	782	1
1145	804	1
1145	30	1
1145	480	1
1146	802	1
1146	18	1
1146	848	1
1146	178	1
1146	489	1
1146	177	1
1146	670	1
1146	180	1
1146	500	1
1146	634	1
1146	743	1
1146	433	1
1146	887	1
1147	108	1
1147	73	1
1147	804	1
1147	464	1
1147	50	1
1147	787	1
1147	448	1
1148	31	1
1148	275	1
1148	99	1
1148	324	1
1148	210	1
1148	101	1
1148	542	1
1148	439	1
1148	189	1
1148	374	1
1148	529	1
1148	295	1
1148	252	1
1148	581	1
1148	141	1
1148	417	1
1148	774	1
1148	865	1
1148	496	1
1148	742	1
1148	161	1
1148	185	1
1148	177	1
1148	370	1
1148	21	1
1148	131	1
1148	267	1
1148	741	1
1148	264	1
1148	446	1
1148	97	1
1148	621	1
1148	71	1
1148	579	1
1148	847	1
1148	323	1
1148	868	1
1148	58	1
1148	119	1
1148	703	1
1148	219	1
1148	486	1
1148	10	1
1148	761	1
1148	665	1
1148	549	1
1148	199	1
1148	206	1
1148	226	1
1148	249	1
1148	94	1
1148	688	1
1148	347	1
1148	643	1
1148	7	1
1148	318	1
1148	346	1
1148	528	1
1148	84	1
1148	716	1
1148	600	1
1148	176	1
1148	638	1
1148	485	1
1148	727	1
1148	69	1
1148	106	1
1148	495	1
1148	118	1
1148	479	1
1148	457	1
1148	362	1
1149	51	1
1149	206	1
1149	21	1
1149	97	1
1149	41	1
1149	131	1
1149	602	1
114	14	1
114	23	1
114	136	1
114	36	1
114	113	1
114	776	1
114	513	1
1150	472	1
1150	84	1
1150	160	1
1150	398	1
1150	114	1
1150	416	1
1150	598	1
1150	521	1
1150	98	1
1150	58	1
1150	872	1
1150	268	1
1150	544	1
1150	350	1
1150	20	1
1151	219	1
1151	32	1
1151	99	1
1151	570	1
1151	234	1
1151	877	1
1151	577	1
1151	664	1
1151	206	1
1152	27	1
1152	852	1
1152	657	1
1152	260	1
1152	417	1
1152	451	1
1152	741	1
1152	267	1
1152	864	1
1152	43	1
1152	131	1
1152	747	1
1152	731	1
1152	44	1
1152	175	1
1152	206	1
1152	179	1
1152	301	1
1152	331	1
1152	2	1
1152	84	1
1152	312	1
1152	305	1
1152	77	1
1152	216	1
1152	802	1
1152	291	2
1153	880	1
1153	884	1
1153	327	1
1153	721	1
1153	50	1
1153	61	1
1153	393	1
1153	874	1
1153	247	1
1153	652	1
1154	64	1
1154	351	1
1154	41	2
1154	806	1
1154	337	1
1154	157	1
1154	179	1
1154	220	1
1154	57	1
1155	32	1
1155	86	1
1155	206	1
1155	173	1
1155	44	1
1155	677	1
1155	50	1
1156	10	1
1156	216	1
1156	44	1
1156	884	1
1156	41	1
1156	497	1
1156	814	1
1156	367	1
1156	677	1
1156	254	1
1156	255	1
1156	45	1
1156	875	1
1156	334	1
1156	487	1
1156	490	1
1156	747	1
1157	64	1
1157	400	2
1157	371	1
1157	289	1
1157	57	1
1157	106	1
1157	326	1
1157	20	1
1158	745	1
1158	464	1
1158	840	1
1158	24	1
1158	463	1
1158	454	1
1158	336	1
1159	268	1
1159	131	1
1159	124	1
1159	275	1
1159	740	1
1159	436	1
1159	308	1
1159	367	1
1159	370	1
115	193	1
115	319	1
115	179	1
115	87	1
115	30	1
115	449	1
115	513	1
115	516	1
115	47	1
115	177	1
115	88	1
115	69	1
115	311	1
115	378	1
115	74	1
115	216	1
115	37	1
115	514	1
115	651	1
115	372	1
115	244	1
115	708	1
115	38	1
115	709	1
1160	553	1
1160	802	1
1160	81	1
1160	256	1
1160	107	1
1160	540	1
1161	141	1
1161	31	1
1161	2	1
1161	206	1
1161	870	1
1161	275	1
1161	179	1
1161	43	1
1161	97	1
1162	31	1
1162	21	1
1162	57	1
1162	23	1
1162	237	1
1162	20	1
1162	179	1
1162	331	1
1162	160	1
1162	245	1
1162	811	1
1163	633	1
1163	53	1
1163	6	1
1163	20	1
1163	179	1
1163	84	1
1163	113	1
1163	34	1
1164	782	1
1164	567	1
1164	173	1
1164	646	1
1164	568	1
1164	749	1
1164	400	1
1165	171	1
1165	226	1
1165	669	1
1165	504	1
1165	400	1
1165	782	1
1165	173	1
1166	23	1
1166	741	1
1166	53	1
1166	114	1
1166	400	1
1166	84	1
1166	43	1
1166	285	1
1166	341	1
1167	549	1
1167	613	1
1167	409	1
1167	591	1
1167	881	1
1167	171	1
1167	226	1
1167	669	1
1167	596	1
1168	142	1
1168	161	1
1168	881	1
1168	844	1
1168	6	1
1168	201	1
1168	346	1
1168	79	1
1168	135	1
1169	113	1
1169	391	1
1169	827	1
1169	369	1
1169	280	1
1169	810	1
116	56	1
116	279	1
116	274	1
116	722	1
116	452	2
116	601	1
116	389	1
116	778	1
116	10	1
116	809	1
116	275	2
116	676	1
116	637	1
116	721	1
1170	161	1
1170	206	1
1170	275	2
1170	486	1
1170	56	1
1170	638	2
1170	485	1
1170	289	1
1170	589	1
1171	328	1
1171	99	1
1171	179	1
1171	192	1
1171	64	1
1171	377	1
1171	134	1
1172	135	1
1172	99	1
1172	131	1
1172	36	1
1172	330	1
1172	275	1
1172	160	1
1172	346	1
1172	0	1
1172	31	1
1172	343	1
1172	476	1
1172	716	1
1172	579	1
1172	339	1
1173	452	1
1173	56	1
1173	417	1
1173	52	1
1173	703	1
1173	150	1
1173	764	1
1174	528	1
1174	71	1
1174	218	1
1174	114	1
1174	58	1
1174	20	1
1174	271	1
1175	415	1
1175	846	1
1175	400	1
1175	6	1
1175	811	1
1175	16	1
1175	187	1
1175	206	1
1175	860	1
1176	251	1
1176	186	1
1176	98	1
1176	160	1
1176	367	1
1176	50	1
1176	2	1
1176	136	1
1176	97	1
1176	36	1
1176	783	1
1177	838	1
1177	43	1
1177	84	1
1177	67	1
1177	579	1
1177	606	1
1177	400	1
1177	818	1
1177	183	1
1178	856	1
1178	888	1
1178	51	1
1178	205	1
1178	846	1
1178	371	1
1178	493	1
1178	423	1
1178	801	1
1178	393	1
1179	329	1
1179	798	1
1179	108	1
1179	273	1
1179	169	1
1179	176	1
1179	30	2
1179	593	1
1179	599	1
1179	51	1
1179	205	1
1179	861	1
1179	730	1
1179	503	1
1179	846	1
1179	493	1
117	184	1
117	426	1
117	373	1
117	264	1
117	658	1
117	544	1
117	45	1
117	41	1
1180	568	1
1180	206	1
1180	530	1
1180	291	1
1180	57	1
1180	405	1
1181	41	1
1181	189	1
1181	295	1
1181	521	1
1181	429	1
1181	30	1
1181	17	1
1181	176	1
1181	216	1
1182	20	1
1182	84	1
1182	206	1
1182	32	1
1182	275	1
1182	881	1
1182	8	1
1182	131	1
1182	23	1
1183	242	1
1183	50	1
1183	400	1
1183	187	1
1183	846	1
1183	799	1
1183	371	1
1184	881	1
1184	177	1
1184	889	1
1184	772	1
1184	860	1
1184	283	1
1184	811	1
1185	882	1
1185	285	1
1185	622	1
1185	770	1
1185	234	1
1185	229	1
1186	206	1
1186	131	1
1186	59	1
1186	251	1
1186	334	1
1186	235	1
1187	179	1
1187	654	1
1187	498	1
1187	19	1
1187	397	1
1187	295	1
1187	526	1
1188	45	1
1188	828	1
1188	881	1
1188	123	1
1188	419	1
1188	53	1
1188	275	1
1188	97	1
1188	152	1
1188	335	1
1188	59	1
1188	435	1
1188	240	1
1188	47	1
1188	359	1
1189	700	1
1189	267	1
1189	710	1
1189	715	1
1189	278	1
1189	681	1
1189	77	1
118	160	1
118	112	1
118	57	1
118	319	1
118	143	1
118	305	1
118	495	1
118	327	1
118	36	1
118	643	2
118	69	1
118	723	1
118	47	1
118	781	2
118	544	1
118	243	1
118	658	2
118	489	1
118	860	2
118	842	1
119	195	1
119	201	1
119	47	1
119	235	1
119	431	1
119	434	1
119	139	1
119	267	1
119	735	1
119	674	1
119	406	1
119	28	1
11	17	1
11	549	1
11	415	1
11	75	1
11	753	1
11	691	1
11	862	1
11	475	1
11	888	1
120	6	1
120	147	1
120	307	1
120	308	1
120	126	1
120	265	1
120	84	1
120	20	2
120	135	1
120	31	1
120	201	1
120	60	1
120	597	1
120	43	1
120	28	1
120	386	1
120	574	1
120	57	1
120	369	1
120	3	1
120	694	1
121	196	1
121	309	2
121	177	1
121	47	1
121	769	1
121	206	1
121	57	1
121	21	1
121	740	1
121	43	1
121	367	1
121	198	1
121	235	1
122	17	1
122	231	1
122	76	1
122	48	1
122	651	1
122	41	1
122	105	1
122	826	1
123	40	2
123	131	1
123	363	1
123	408	4
123	459	2
123	484	1
123	145	1
123	755	1
123	707	1
123	146	1
124	194	1
124	459	1
124	289	1
124	79	1
124	296	1
124	203	1
124	361	1
124	16	1
124	211	1
124	288	1
124	357	1
124	538	1
124	179	1
124	549	1
124	614	1
124	339	1
124	51	1
125	198	1
125	199	1
125	178	1
125	25	1
125	36	1
125	292	1
125	73	1
126	200	1
126	78	1
126	224	1
126	523	1
126	218	1
126	100	1
126	114	1
126	95	1
126	573	1
126	132	2
126	32	1
126	205	1
126	685	1
126	131	1
126	674	1
126	708	1
126	662	1
126	143	1
126	656	1
127	197	1
127	667	1
127	311	1
127	394	1
127	141	1
127	44	1
127	1	1
127	632	1
128	83	1
128	57	1
128	369	1
128	469	1
128	20	1
128	704	1
128	71	1
128	718	1
128	293	1
128	165	2
128	16	1
128	576	1
128	805	1
128	275	1
128	741	1
128	181	1
129	135	1
129	664	1
129	423	1
129	377	1
129	617	1
129	9	1
129	20	1
12	22	1
12	60	1
12	492	1
12	276	1
12	215	1
12	131	1
12	582	1
12	742	1
12	781	1
130	85	1
130	145	1
130	312	1
130	19	1
130	239	1
130	179	1
130	35	1
130	536	1
130	84	1
130	269	1
131	43	1
131	21	1
131	295	1
131	348	1
131	354	1
131	355	1
131	206	1
131	292	1
131	106	1
131	416	1
131	498	1
131	71	1
131	417	2
131	228	1
131	540	1
131	76	1
131	65	1
132	204	1
132	152	1
132	30	1
132	469	1
132	428	1
132	449	1
132	90	1
133	97	1
133	263	1
133	108	1
133	449	1
133	240	2
133	59	1
133	660	1
133	593	1
133	316	1
133	699	1
133	41	1
133	20	2
133	309	1
133	139	1
133	230	1
133	435	1
133	419	1
133	236	1
133	470	1
133	21	1
133	28	1
133	489	1
134	205	1
134	29	1
134	125	1
134	601	1
134	314	1
134	556	1
134	417	1
134	508	1
134	159	1
134	723	1
134	308	1
134	713	1
134	42	1
134	566	1
134	57	1
135	206	1
135	61	1
135	490	1
135	179	1
135	214	1
135	302	1
136	147	1
136	10	1
136	541	1
136	31	1
136	72	1
136	372	1
136	405	1
137	28	1
137	209	1
137	201	1
137	120	1
137	212	1
137	213	1
137	47	1
137	195	1
137	730	1
138	214	1
138	12	1
138	469	1
138	247	1
138	345	1
138	861	1
138	278	1
138	387	1
139	215	1
139	126	1
139	177	1
139	25	1
139	81	1
139	399	1
139	282	1
139	2	1
139	264	1
139	175	1
139	53	1
13	23	1
13	24	1
13	190	1
13	331	1
13	53	1
13	17	1
13	275	1
13	249	1
13	368	1
13	532	1
140	216	1
140	217	1
140	58	1
140	309	1
140	84	3
140	464	1
140	43	1
140	445	2
140	18	2
140	177	1
140	5	1
140	272	1
140	486	1
140	0	1
140	267	1
140	140	1
140	245	1
140	16	1
140	404	1
140	386	1
140	89	1
140	425	1
140	354	1
140	191	1
140	668	1
140	560	1
140	362	1
140	352	1
140	171	1
140	511	1
140	256	1
140	669	1
140	521	1
140	451	1
140	666	1
140	670	1
140	259	1
140	303	1
140	190	1
140	258	1
140	9	1
140	671	1
140	672	1
140	188	1
140	721	1
140	412	1
140	238	1
140	325	1
140	92	1
140	399	1
140	627	1
141	219	1
141	234	1
141	521	1
141	452	1
141	34	1
141	551	1
142	222	1
142	607	1
142	269	1
142	29	1
142	513	1
142	90	1
142	556	1
142	708	1
142	733	1
143	223	1
143	610	1
143	579	1
143	78	1
143	452	1
143	488	1
143	129	1
143	676	1
143	10	1
143	226	1
143	185	1
143	231	1
143	560	1
143	294	1
143	723	1
143	479	1
143	260	1
143	346	1
143	458	1
143	282	1
143	757	1
144	224	1
144	113	1
144	435	1
144	230	1
144	338	1
144	78	1
144	645	1
144	123	1
145	61	1
145	359	1
145	89	1
145	184	1
145	260	1
145	281	1
145	102	1
145	407	1
145	587	1
145	44	1
145	575	1
145	404	1
145	412	1
145	700	2
145	672	1
145	363	1
145	272	1
145	611	1
145	447	1
145	5	1
145	354	1
145	28	1
145	20	1
145	439	1
145	287	1
145	791	1
145	131	1
145	49	1
145	422	1
145	59	1
145	48	1
145	0	1
145	308	1
145	703	1
145	85	1
145	88	1
145	43	1
145	31	1
145	296	1
146	225	1
146	428	1
146	524	1
146	9	2
146	520	1
146	757	1
146	389	1
146	774	1
146	44	1
146	553	1
146	695	1
146	217	1
146	401	1
146	190	1
146	167	1
146	796	1
146	25	1
146	764	1
146	160	1
146	311	1
147	226	1
147	314	1
147	528	1
147	678	1
147	4	1
147	275	1
147	155	1
147	101	1
147	246	1
148	20	1
148	127	1
148	160	1
148	58	1
148	148	1
148	740	1
148	781	1
149	227	1
149	441	1
149	370	1
149	341	1
149	662	1
149	735	1
14	25	1
14	26	1
14	115	1
14	93	1
14	119	1
14	375	1
14	547	1
14	489	1
14	125	1
14	36	1
14	334	1
14	84	1
14	17	1
14	39	1
14	385	1
14	371	1
14	346	1
14	203	1
14	189	1
14	348	1
14	275	1
14	67	1
14	64	1
14	623	1
14	57	1
14	437	1
14	652	1
14	386	1
14	148	1
14	435	1
14	134	1
14	611	1
14	107	1
14	411	1
14	325	1
14	595	1
14	195	1
14	327	1
14	803	1
14	672	1
14	124	1
14	789	1
14	553	1
14	796	1
14	259	1
14	184	1
14	846	1
14	544	1
14	213	1
14	15	1
150	50	1
150	28	1
150	184	1
150	435	1
150	365	1
150	321	1
150	670	1
150	844	1
150	280	1
151	175	1
151	120	1
151	501	2
151	346	1
151	573	1
151	264	1
151	275	1
152	69	1
152	62	1
152	317	1
152	204	1
152	582	1
152	256	1
152	771	1
153	228	1
153	366	1
153	285	1
153	140	1
153	378	1
153	593	1
153	31	2
153	34	1
153	346	1
153	82	1
153	198	1
154	229	1
154	100	1
154	360	1
154	619	1
154	149	1
154	260	1
154	221	1
154	397	1
154	42	1
154	811	1
154	570	1
154	585	1
154	849	1
154	694	1
154	605	1
154	723	1
154	547	1
154	753	1
154	212	1
154	592	1
154	183	1
154	869	1
155	157	1
155	136	1
155	222	1
155	26	1
155	32	1
155	130	1
155	48	1
155	205	1
155	452	1
155	671	1
155	27	1
155	281	1
155	822	1
155	184	1
156	230	1
156	369	1
156	436	1
156	336	1
156	87	1
156	584	1
156	264	1
156	357	2
156	617	1
156	122	1
156	414	1
157	156	1
157	231	1
157	232	1
157	336	1
157	337	1
157	56	1
157	432	1
157	276	1
157	346	3
157	524	1
157	128	1
157	141	1
157	564	1
157	515	1
157	645	1
158	160	1
158	39	1
158	23	1
158	305	1
158	57	1
158	98	1
158	583	1
158	371	1
158	320	1
158	859	1
158	53	1
158	354	1
158	184	1
159	95	1
159	233	1
159	719	1
159	97	1
159	295	1
159	61	1
15	27	1
15	43	1
15	306	2
15	96	2
15	391	1
15	283	1
160	167	1
160	2	1
160	236	1
160	36	1
160	237	1
160	238	1
160	23	1
160	5	1
160	240	1
160	57	1
160	285	2
160	160	1
160	482	1
160	433	1
160	84	1
160	250	1
160	296	1
160	530	1
160	77	1
160	246	1
160	182	1
160	698	1
160	33	1
160	71	1
160	544	1
160	265	1
160	264	1
160	20	1
160	542	1
160	510	1
160	341	1
160	734	1
160	325	1
161	31	1
161	196	1
161	176	1
161	299	1
161	303	1
161	362	1
161	334	1
161	153	1
161	2	1
161	67	1
161	0	1
161	242	1
161	561	1
161	542	1
161	108	1
161	348	1
161	147	1
161	14	1
161	659	1
161	660	1
161	195	1
161	394	1
161	529	1
161	28	1
161	493	1
161	44	1
161	23	1
161	368	1
161	451	1
162	234	1
162	190	1
162	255	1
162	303	2
162	671	1
162	9	1
162	44	1
162	43	1
162	676	1
162	409	1
162	680	1
162	594	1
162	105	1
162	793	1
162	466	1
162	773	1
162	371	1
162	757	1
162	700	1
163	239	1
163	275	1
163	582	1
163	520	1
163	147	1
163	33	1
163	481	1
163	307	1
163	43	1
163	331	1
164	242	1
164	194	1
164	24	1
164	498	1
164	50	1
164	292	1
164	214	1
164	125	1
164	588	1
164	159	1
164	550	1
164	41	1
164	372	1
164	302	1
164	275	1
164	156	1
164	818	1
164	130	1
164	64	1
164	596	1
164	338	1
164	686	1
165	0	1
165	352	1
165	398	1
165	297	1
165	85	1
165	60	1
165	57	1
165	147	1
165	178	1
165	235	1
165	325	1
165	131	1
165	422	1
165	737	1
165	307	1
165	26	1
165	44	1
165	822	1
165	487	1
165	43	1
165	806	1
165	176	1
166	244	1
166	804	1
166	870	1
166	850	1
166	823	1
166	508	1
166	542	1
166	564	1
166	339	1
166	72	1
166	807	1
166	400	1
166	63	1
166	496	1
166	104	1
167	245	1
167	424	1
167	327	2
167	413	1
167	582	1
167	39	1
167	701	1
167	110	1
167	410	1
167	134	1
167	150	1
167	350	1
167	575	1
167	422	1
167	526	1
167	48	1
167	343	1
167	64	2
167	798	1
167	440	1
167	43	1
167	354	1
167	160	1
167	8	1
167	189	1
167	405	1
167	835	1
167	781	2
167	349	1
167	800	1
167	1	1
167	741	1
168	58	2
168	386	1
168	537	1
168	186	1
168	696	1
168	285	1
168	43	1
168	216	1
168	206	1
168	97	1
168	268	1
168	588	1
168	339	2
168	267	1
169	226	1
169	206	1
169	303	1
169	461	1
169	62	1
169	60	1
169	221	1
16	30	1
16	31	1
16	32	1
16	43	1
16	411	1
16	41	1
16	405	1
16	264	1
16	71	1
16	20	1
170	247	1
170	389	1
170	175	1
170	688	1
170	354	2
170	348	1
170	671	1
170	189	1
170	633	2
170	337	1
170	281	1
170	806	1
170	372	1
170	412	2
170	722	1
171	248	1
171	823	1
171	17	1
171	509	1
171	392	1
171	243	1
172	249	1
172	251	1
172	306	1
172	386	1
172	214	1
172	368	1
172	546	1
172	227	1
172	256	1
172	233	1
172	152	1
172	475	1
172	39	1
172	56	1
172	568	1
172	488	1
172	305	1
172	619	1
172	736	1
172	616	1
172	597	1
172	5	1
172	16	1
172	622	1
172	700	1
172	18	1
172	160	1
172	153	1
172	3	1
173	250	1
173	400	1
173	372	1
173	769	1
173	503	1
173	822	1
174	128	1
174	31	1
174	36	2
174	100	1
174	481	1
174	391	1
174	57	1
175	136	1
175	181	1
175	327	1
175	741	1
175	768	1
175	158	1
175	827	1
175	314	1
175	54	1
175	807	1
175	855	1
175	84	1
175	822	1
175	860	1
176	254	1
176	283	1
176	284	1
176	86	1
176	194	1
176	306	1
176	210	1
177	171	1
177	292	1
177	602	1
177	402	1
177	143	1
177	317	1
178	255	1
178	302	1
178	237	1
178	165	1
178	147	1
178	12	1
178	115	1
178	372	1
178	567	1
178	348	1
178	547	1
178	416	1
178	468	1
178	276	1
178	387	1
178	578	1
178	64	1
178	20	1
178	360	1
178	371	1
178	449	1
178	262	1
178	78	1
178	256	1
178	542	1
178	598	1
178	495	1
178	155	1
178	272	1
178	728	1
178	608	1
178	9	1
178	76	1
178	670	1
178	459	1
178	801	1
178	425	1
178	35	1
178	329	1
178	424	1
178	158	1
178	800	2
178	814	1
178	531	1
178	506	1
178	766	1
178	211	1
178	508	1
178	349	1
178	37	1
178	391	1
178	67	1
178	822	1
178	729	1
178	844	1
178	799	1
178	851	1
178	843	1
178	102	1
178	148	1
178	627	1
178	659	1
178	120	1
179	102	1
179	225	1
179	543	1
179	449	1
179	649	1
179	17	1
17	33	1
17	31	1
17	131	1
17	2	1
17	0	1
17	378	1
17	589	1
180	143	1
180	85	1
180	346	1
180	370	1
180	105	1
180	720	1
181	63	1
181	25	2
181	160	1
181	369	1
181	204	1
181	331	1
181	442	1
181	4	1
181	469	1
181	423	1
181	251	1
181	177	1
181	548	1
181	186	1
181	44	1
181	112	1
181	227	1
181	582	1
181	59	1
181	57	1
181	164	1
181	326	2
181	201	1
181	143	1
181	342	1
181	20	1
181	421	1
181	84	1
181	372	1
181	670	1
181	579	1
181	38	1
181	756	1
181	605	1
181	157	1
181	452	1
181	801	1
181	455	1
181	781	1
181	544	1
181	94	1
181	19	1
181	391	1
181	269	1
181	30	1
181	384	1
181	51	1
181	268	1
181	608	1
181	275	1
181	668	1
181	211	1
181	89	2
181	350	1
181	23	1
181	386	2
182	184	1
182	305	1
182	347	1
182	245	2
182	345	1
182	267	1
182	259	1
182	741	1
182	43	1
182	342	1
182	321	1
182	206	1
182	369	1
182	378	1
183	258	1
183	259	1
183	246	1
183	60	1
183	499	1
183	500	1
183	151	1
183	251	1
183	268	1
183	48	1
183	314	1
183	22	1
183	160	1
183	723	1
183	672	1
183	306	1
183	638	1
183	134	1
183	300	1
183	107	1
183	563	1
183	706	1
183	304	1
183	800	1
183	741	2
183	717	1
183	342	1
183	305	1
183	834	1
183	727	1
184	98	1
184	369	1
184	4	1
184	528	1
184	696	1
184	544	1
184	537	1
185	261	1
185	364	1
185	419	1
185	288	1
185	625	1
185	746	1
185	135	1
185	129	1
185	319	1
185	20	1
185	829	1
185	735	1
185	649	1
185	45	1
185	205	1
185	811	1
185	845	1
185	827	1
186	262	1
186	206	1
186	26	1
186	131	1
186	674	1
186	118	1
186	487	1
186	370	1
186	789	1
187	54	1
187	169	1
187	427	1
187	106	1
187	102	1
187	226	1
187	131	1
187	298	1
187	492	1
187	461	1
187	227	1
188	97	1
188	510	1
188	434	1
188	20	1
188	145	1
188	23	1
188	71	1
188	66	1
188	747	1
188	486	1
188	535	1
188	233	1
189	240	1
189	278	1
189	82	1
189	201	1
189	140	1
189	186	1
189	378	1
189	391	1
189	435	1
189	643	1
189	6	1
189	264	1
18	34	1
18	267	2
18	301	3
18	325	1
18	737	1
18	53	1
18	404	1
18	338	1
18	362	1
18	500	1
18	345	1
18	616	1
18	372	1
18	275	1
190	265	1
190	331	1
190	4	1
190	317	2
190	312	1
190	131	1
190	681	1
190	43	1
190	783	1
190	630	1
190	326	1
190	117	1
190	430	1
190	266	1
191	63	1
191	20	1
191	354	2
191	258	1
191	517	1
191	95	1
191	298	1
191	574	1
191	44	1
192	266	1
192	563	1
192	91	1
192	508	1
192	670	1
192	533	1
192	47	1
192	122	1
192	287	1
192	515	1
192	242	1
192	415	1
192	10	1
193	50	1
193	360	1
193	325	1
193	297	1
193	341	1
193	819	2
193	177	1
193	101	1
193	272	1
193	616	1
193	379	1
193	16	1
193	702	1
193	175	1
194	267	1
194	53	1
194	268	1
194	40	1
194	206	1
194	57	1
194	31	1
194	48	1
194	163	2
194	420	1
194	338	1
195	269	1
195	28	1
195	350	1
195	57	1
195	510	1
195	238	1
195	59	1
196	84	1
196	433	1
196	65	1
196	340	1
196	394	1
196	704	1
196	317	1
196	142	1
197	271	1
197	228	1
197	497	1
197	358	1
197	293	1
197	287	1
197	169	1
197	599	1
197	520	1
197	12	1
197	309	1
197	578	1
197	244	1
197	723	1
197	367	1
197	741	1
197	699	1
197	692	1
197	736	1
197	92	1
197	559	1
197	319	1
197	423	1
197	276	1
197	226	1
197	264	1
197	130	1
197	283	1
197	131	1
197	537	1
197	23	1
197	206	1
197	143	1
197	76	1
197	771	1
197	5	1
197	30	1
197	113	1
197	388	1
197	801	1
197	814	1
197	709	1
197	674	1
197	132	1
197	67	1
197	802	1
197	365	1
197	737	1
197	129	1
197	579	1
197	348	1
197	60	1
197	820	1
198	272	1
198	815	1
198	638	1
198	793	1
198	723	1
198	175	1
198	275	1
198	415	1
198	22	1
198	580	1
198	818	1
199	274	1
199	20	1
199	275	1
199	244	1
199	264	1
199	338	1
199	499	1
199	515	1
199	528	1
199	488	1
199	226	1
199	410	1
199	560	1
199	277	1
19	35	1
19	142	1
19	241	1
19	36	1
19	275	1
19	237	1
19	242	1
19	100	1
19	394	1
19	511	1
19	328	1
19	636	1
19	37	1
19	341	2
19	5	1
19	528	1
19	64	2
19	405	1
19	203	1
19	567	1
19	735	1
19	503	1
19	493	1
19	719	1
19	796	1
19	350	1
19	805	1
19	605	1
19	669	1
19	252	1
19	457	1
19	820	1
19	781	1
19	72	1
19	834	1
19	285	1
19	187	1
19	408	1
19	702	1
19	289	1
19	847	1
19	736	1
19	561	1
19	842	1
1	1	1
1	2	1
1	41	1
1	123	1
1	29	1
1	277	1
1	509	1
1	270	1
1	543	1
1	456	1
1	249	1
1	43	1
1	260	1
200	276	1
200	287	1
200	10	1
200	36	2
200	485	1
200	3	1
200	368	1
200	346	1
200	330	1
200	104	1
200	97	1
200	449	1
200	486	1
200	746	1
200	20	1
200	226	1
200	280	1
200	207	1
200	229	1
200	175	1
200	481	1
201	279	1
201	412	1
201	222	1
201	267	1
201	167	1
201	155	1
201	160	1
201	221	1
201	819	1
201	572	1
201	101	1
201	814	1
201	256	1
201	721	1
201	528	1
201	684	1
201	844	1
201	257	1
201	439	1
201	781	1
201	375	2
201	188	1
201	339	1
201	370	1
202	29	1
202	275	2
202	280	1
202	289	1
202	138	1
202	417	1
202	348	1
202	433	1
202	273	1
202	496	1
202	368	1
202	247	1
202	547	1
202	376	1
202	135	1
202	53	1
202	624	1
202	641	1
202	618	1
202	185	1
203	281	1
203	406	1
203	207	1
203	560	1
203	473	1
203	744	1
203	148	1
203	464	1
203	609	1
203	112	1
203	94	1
203	169	1
203	412	1
203	629	1
203	195	1
203	746	1
203	10	1
203	12	1
203	501	2
203	621	1
203	599	1
203	624	1
203	426	1
204	46	1
204	28	1
204	24	1
204	468	1
204	43	1
204	4	1
205	282	1
205	501	1
205	20	1
205	594	1
205	351	1
205	723	1
205	556	1
205	57	1
205	741	1
206	286	1
206	163	1
206	255	1
206	385	1
206	539	1
206	174	1
206	300	1
207	84	1
207	291	1
207	333	1
207	58	1
207	345	1
207	98	1
207	188	1
207	325	2
207	238	1
207	482	1
207	34	1
207	182	2
207	339	1
207	305	1
207	360	1
207	92	1
207	18	1
207	571	1
207	521	1
207	3	1
207	767	1
207	830	1
207	20	1
207	242	1
207	184	1
207	149	1
207	365	1
207	187	1
208	292	1
208	80	1
208	378	1
208	338	1
208	49	1
208	744	1
208	186	1
209	106	1
209	361	1
209	486	1
209	499	1
209	84	1
209	20	1
209	156	1
209	608	1
209	640	1
209	801	1
20	36	1
20	331	1
20	130	1
20	698	1
20	153	1
20	752	1
20	500	1
210	77	1
210	201	1
210	583	1
210	214	1
210	308	1
210	439	1
210	287	1
210	378	1
210	587	1
210	756	1
210	593	1
210	350	1
210	51	1
211	128	1
211	20	1
211	506	1
211	553	1
211	39	1
211	781	1
211	99	1
212	304	1
212	321	1
212	355	1
212	84	1
212	464	1
212	472	1
212	287	1
212	446	1
212	645	1
212	261	1
212	750	1
212	7	1
212	414	1
212	651	1
212	369	1
212	89	1
212	211	1
212	35	1
213	297	1
213	3	1
213	365	1
213	378	1
213	266	1
213	131	1
213	481	1
213	165	1
213	177	1
213	147	2
213	2	1
213	567	1
214	102	1
214	309	1
214	310	1
214	311	1
214	94	1
214	235	1
214	251	1
214	316	1
214	53	1
214	31	1
214	28	1
214	82	1
214	365	1
215	225	1
215	6	1
215	413	1
215	539	1
215	735	1
215	1	1
215	67	1
215	177	1
215	150	1
215	176	1
215	422	1
215	819	1
215	741	1
215	35	1
215	852	1
215	748	1
216	314	1
216	315	1
216	42	1
216	214	1
216	325	1
216	127	1
216	779	1
216	138	1
216	627	1
216	734	1
216	182	1
217	238	2
217	115	1
217	299	1
217	56	1
217	276	1
217	226	1
217	110	1
217	704	1
217	136	1
217	202	1
217	764	1
217	25	1
217	417	1
217	275	1
217	268	1
217	305	1
217	135	1
217	150	1
217	761	2
217	616	1
217	62	1
217	337	1
218	37	1
218	249	1
218	342	1
218	304	1
218	99	1
218	352	1
218	11	1
218	486	1
218	96	1
218	688	1
218	69	1
218	616	1
218	341	1
218	59	1
218	816	1
219	318	1
219	327	1
219	329	1
219	369	1
219	39	1
219	741	1
219	107	1
219	135	1
219	449	1
219	804	1
219	789	1
219	350	1
219	326	1
219	95	1
21	37	1
21	64	1
21	156	1
21	242	1
21	353	1
21	110	1
21	388	1
21	136	1
21	17	1
21	89	1
21	275	1
21	195	1
21	741	1
21	768	1
21	166	1
21	125	1
21	723	1
21	246	1
21	719	1
21	250	1
21	610	1
21	272	1
21	560	1
21	804	1
21	622	1
21	188	1
21	796	1
21	827	1
21	584	1
21	486	1
21	44	1
21	427	1
220	137	1
220	685	1
220	101	1
220	394	1
220	546	1
220	27	1
220	648	1
220	474	1
220	21	1
220	89	1
220	590	1
220	46	1
220	694	1
220	734	1
220	835	1
221	320	1
221	142	1
221	433	1
221	655	1
221	0	1
221	3	1
221	561	1
221	57	1
221	533	1
222	175	1
222	317	1
222	393	1
222	78	1
222	157	1
222	308	1
222	635	1
222	741	1
222	60	1
222	170	1
222	174	1
223	29	1
223	339	1
223	507	1
223	332	1
223	256	1
223	371	1
223	560	1
223	580	1
223	32	1
223	420	1
223	40	1
223	718	1
223	36	1
224	61	1
224	324	1
224	57	1
224	36	1
224	95	1
224	360	1
224	254	1
224	463	1
224	352	1
224	34	1
224	113	1
224	479	1
224	116	1
224	708	1
224	2	1
224	350	1
224	397	1
224	186	1
224	741	1
224	78	1
224	697	1
224	123	1
224	287	1
224	300	1
224	246	1
224	445	1
224	112	1
224	784	1
224	201	1
224	160	1
224	136	1
224	544	1
224	47	1
225	325	1
225	48	1
225	399	1
225	110	1
225	170	1
225	177	1
225	458	1
225	741	1
225	158	1
225	256	1
225	238	1
225	89	1
225	2	1
225	84	1
225	813	1
226	326	1
226	336	1
226	261	1
226	87	1
226	288	1
226	750	1
226	68	1
226	599	1
227	330	1
227	118	1
227	55	1
227	261	1
227	106	1
227	41	1
227	5	1
227	633	1
227	577	1
227	264	1
227	200	1
227	428	1
228	42	1
228	352	1
228	236	1
228	287	2
228	292	1
228	17	1
228	309	1
228	517	1
228	449	2
228	85	1
228	189	1
228	747	1
228	461	1
229	206	1
229	32	1
229	562	1
229	689	1
229	440	1
229	586	1
229	357	1
22	38	1
22	39	1
22	20	1
22	56	1
22	66	1
22	67	1
22	68	1
22	529	1
22	201	1
22	54	1
22	137	1
22	219	1
22	580	1
22	444	1
230	332	1
230	89	1
230	113	1
230	583	1
230	251	2
230	696	1
230	157	1
230	29	1
230	791	2
230	783	1
230	71	1
230	236	1
231	43	1
231	131	1
231	272	1
231	281	1
231	107	1
231	420	1
231	20	1
231	312	1
231	256	1
231	308	1
231	684	1
231	477	1
231	837	1
232	237	1
232	131	1
232	331	1
232	19	1
232	505	1
232	175	1
232	576	1
232	797	1
232	28	1
232	115	1
232	236	1
232	23	1
232	610	1
233	43	1
233	59	1
233	2	1
233	476	1
233	177	1
233	20	1
233	327	1
233	537	1
233	350	2
233	5	1
233	625	1
234	67	1
234	69	1
234	748	1
234	71	1
234	115	1
234	245	1
234	54	1
235	305	1
235	30	1
235	339	1
235	264	1
235	251	1
235	31	1
236	334	1
236	512	1
236	221	1
236	284	1
236	534	1
236	13	1
236	276	1
237	341	1
237	364	1
237	571	1
237	110	1
237	31	2
237	361	1
237	65	2
237	177	1
237	276	1
237	400	1
237	842	1
237	116	1
238	343	1
238	344	1
238	345	1
238	186	1
238	244	1
238	257	1
238	479	1
238	570	1
238	163	1
238	118	1
238	672	1
238	251	1
238	67	1
238	305	1
238	9	1
238	176	1
238	68	1
238	770	1
238	341	1
238	378	1
239	207	2
239	384	1
239	428	1
239	439	1
239	30	1
239	449	1
239	396	1
239	456	1
239	24	1
239	524	1
239	65	1
239	257	1
239	549	1
23	40	1
23	28	1
23	338	1
23	603	1
23	704	1
23	225	1
23	189	1
23	68	1
23	196	1
23	36	1
23	45	1
23	550	1
23	108	1
23	653	1
23	295	1
23	662	1
23	116	1
23	207	1
23	435	1
23	381	1
23	87	1
23	212	1
23	588	1
240	49	1
240	19	1
240	225	1
240	145	1
240	10	1
240	723	1
240	340	2
240	776	1
240	682	1
240	820	1
240	533	1
240	22	2
240	623	1
240	129	1
240	275	1
240	284	1
240	7	1
240	775	1
240	786	1
240	858	1
240	833	1
240	850	1
240	865	2
240	445	1
241	6	1
241	108	1
241	30	1
241	2	1
241	36	1
241	143	1
242	346	1
242	17	1
242	327	1
242	432	1
242	149	1
242	491	1
242	10	1
242	67	1
242	129	1
242	135	1
242	289	1
242	6	1
242	626	1
242	449	1
242	766	1
242	745	1
242	789	1
242	396	1
242	88	1
242	372	1
242	804	1
243	351	1
243	466	1
243	341	1
243	101	2
243	84	2
243	574	1
243	30	1
243	363	1
243	82	1
243	520	1
243	443	1
243	311	1
243	423	1
243	549	1
243	421	2
243	741	1
243	804	1
243	826	3
243	840	1
243	528	1
243	308	1
243	23	1
243	42	1
243	69	1
243	57	1
243	822	1
243	331	1
243	271	1
243	788	1
243	513	1
243	651	1
243	542	1
243	290	1
244	212	1
244	61	1
244	131	1
244	57	1
244	323	1
244	454	1
244	184	1
245	119	1
245	282	1
245	291	1
245	417	1
245	264	1
245	334	1
245	367	1
245	543	1
245	169	1
245	295	1
245	430	1
245	604	1
245	71	1
245	53	1
245	456	1
245	666	1
245	23	1
245	740	1
245	632	1
245	598	1
246	5	1
246	211	1
246	179	1
246	45	1
246	29	1
246	251	1
246	106	1
246	108	1
246	414	1
246	140	1
246	44	1
246	328	1
247	147	1
247	84	1
247	266	1
247	394	1
247	413	1
247	89	1
247	736	1
247	781	1
247	88	2
247	7	1
247	741	1
247	623	1
247	575	1
247	489	1
247	320	1
247	275	1
247	354	1
247	12	1
247	838	1
247	820	1
247	64	1
247	327	1
247	721	1
247	236	1
247	544	1
247	264	1
248	48	1
248	423	1
248	84	1
248	4	1
248	340	1
248	147	2
248	528	1
248	160	1
248	63	1
248	359	1
248	508	1
248	108	1
248	765	1
248	36	1
248	566	1
248	651	1
248	754	1
248	30	1
248	499	1
248	185	1
248	784	1
248	461	1
248	703	1
248	283	1
248	275	2
248	791	1
248	741	2
248	89	1
248	808	1
248	575	1
248	796	1
248	39	1
248	797	1
248	16	1
248	781	1
248	214	1
248	734	1
248	793	1
248	28	1
249	289	1
249	341	1
249	456	1
249	276	1
249	364	1
249	514	1
249	270	1
249	143	1
249	44	1
249	171	1
249	539	1
249	142	1
249	553	1
249	476	1
24	34	1
24	192	2
24	203	1
24	206	1
24	267	1
24	287	1
24	325	1
24	755	1
24	362	1
24	616	1
24	378	1
24	345	1
24	268	1
250	357	1
250	259	1
250	490	1
250	133	1
250	586	1
250	523	1
250	44	1
250	612	1
250	698	1
250	132	1
250	160	1
250	51	1
250	84	1
250	164	1
250	273	1
250	289	1
250	386	1
250	400	1
250	545	1
250	625	1
250	43	1
251	84	1
251	273	1
251	20	1
251	752	1
251	532	1
251	14	1
251	605	1
251	761	1
251	346	1
251	237	1
251	269	1
251	394	1
251	741	1
251	708	1
251	160	1
251	720	1
251	325	1
251	77	1
251	575	1
251	56	1
251	530	1
251	284	1
251	781	1
251	457	1
251	38	1
251	801	1
251	826	1
251	827	1
251	739	1
251	88	1
251	820	1
251	804	1
251	714	1
251	327	1
251	4	1
251	5	1
251	835	1
251	236	1
251	193	1
251	34	1
251	275	1
251	779	1
251	69	1
251	612	1
251	445	1
251	784	1
251	809	1
251	428	1
251	846	1
251	528	1
251	95	1
251	264	1
251	404	1
251	810	1
251	317	1
251	840	1
251	182	1
251	128	1
251	703	1
251	512	1
251	39	1
251	99	1
252	255	1
252	365	1
252	155	1
252	345	1
252	331	1
252	114	1
252	369	1
252	363	1
252	474	1
252	23	1
252	367	1
252	119	1
252	378	1
252	60	2
252	149	1
252	7	2
252	531	1
252	84	1
252	370	1
252	539	1
252	348	1
252	101	1
252	100	1
252	41	1
252	257	1
252	472	1
252	81	1
252	283	1
252	198	1
252	61	1
252	53	1
252	159	1
252	160	1
252	264	1
252	341	2
252	391	2
252	704	2
252	16	1
252	368	1
252	71	1
252	137	1
252	417	1
252	33	2
252	728	1
252	135	1
252	741	1
252	18	1
252	801	1
252	765	1
252	450	1
252	781	1
253	347	1
253	86	1
253	265	1
253	28	1
253	501	1
253	657	1
253	127	1
253	79	1
253	42	1
254	34	1
254	353	1
254	24	1
254	321	1
254	166	1
254	306	1
254	619	1
254	703	1
254	450	1
254	196	1
254	36	1
254	736	1
254	57	1
254	107	1
255	334	1
255	385	1
255	319	1
255	247	1
255	36	1
255	56	1
255	613	1
255	44	1
255	95	1
255	827	1
256	41	1
256	367	1
256	284	1
256	425	1
256	326	1
256	398	1
256	463	1
256	239	1
256	357	1
256	86	1
256	106	1
256	165	1
256	109	1
256	617	1
256	200	1
256	618	1
256	724	1
256	499	1
257	370	1
257	275	1
257	402	1
257	160	1
257	305	1
257	142	1
257	671	1
257	274	1
257	537	1
258	371	1
258	537	1
258	97	1
258	309	1
258	370	1
258	280	1
259	372	1
259	179	1
259	256	1
259	64	1
259	766	1
259	36	1
259	325	1
259	205	1
259	82	1
259	27	1
259	559	1
25	41	1
25	48	1
25	153	1
25	32	1
25	450	1
25	230	1
25	287	1
25	59	1
25	726	1
25	51	1
25	5	1
260	373	1
260	374	1
260	514	1
260	189	1
260	336	1
260	414	1
260	108	1
260	247	1
260	398	1
261	265	1
261	83	1
261	732	1
261	306	1
261	848	1
261	242	1
261	787	1
262	143	1
262	57	1
262	6	1
262	486	1
262	814	1
262	820	1
262	827	1
262	84	1
263	225	1
263	326	1
263	317	2
263	417	1
263	150	1
263	9	1
263	608	1
263	28	1
263	288	1
263	696	1
263	101	1
263	56	1
263	616	1
263	684	1
263	410	1
263	67	1
263	413	1
264	376	1
264	135	1
264	517	1
264	253	1
264	346	1
264	607	1
264	741	1
264	172	1
264	543	1
264	186	1
264	64	1
264	276	1
264	762	1
264	802	1
264	160	1
264	560	1
264	264	1
264	54	1
264	34	1
265	284	1
265	104	1
265	460	1
265	703	1
265	364	1
265	50	1
265	503	1
265	203	1
265	329	1
265	819	1
265	636	1
266	276	1
266	163	2
266	179	1
266	309	1
266	7	1
266	436	1
266	504	2
266	437	1
266	166	1
266	301	1
266	257	2
266	43	1
266	345	1
267	377	1
267	101	1
267	556	2
267	77	1
267	70	1
267	499	1
267	131	1
267	427	1
267	762	3
267	723	1
267	7	1
267	63	1
267	99	1
267	27	1
268	331	1
268	426	2
268	357	1
268	5	1
268	28	1
268	89	1
268	309	1
268	31	1
268	23	1
268	784	1
268	301	1
268	758	1
268	41	1
268	275	1
268	781	1
268	131	1
268	47	1
268	664	1
269	84	1
269	236	1
269	166	1
269	574	2
269	328	1
269	331	1
269	465	1
26	20	1
26	42	1
26	43	1
26	44	1
26	21	1
26	45	1
270	360	1
270	236	1
270	41	1
270	131	1
270	522	1
270	108	1
271	117	1
271	556	1
271	58	1
271	122	1
271	347	1
271	433	1
271	571	1
272	379	1
272	276	1
272	56	1
272	76	1
272	703	1
272	111	1
272	766	1
272	237	1
273	312	1
273	420	2
273	378	1
273	2	1
273	317	1
273	61	1
273	182	1
273	308	1
273	441	2
273	589	1
273	238	1
273	341	1
274	184	1
274	489	1
274	10	1
274	39	1
274	195	1
274	639	1
274	112	1
274	576	1
274	385	1
274	585	1
274	20	1
275	84	1
275	198	1
275	81	1
275	577	1
275	604	1
275	188	1
275	783	1
275	553	1
275	352	1
275	563	1
275	71	1
275	680	1
275	453	1
276	334	1
276	36	1
276	43	1
276	763	1
276	442	1
276	378	2
276	110	1
276	303	1
277	84	1
277	198	1
277	297	1
277	467	1
277	542	1
277	528	1
277	369	1
277	556	1
277	757	1
278	84	1
278	31	1
278	64	1
278	203	1
278	355	1
278	211	1
278	76	1
278	28	1
278	179	1
278	525	1
278	238	1
278	351	1
278	354	1
278	2	1
278	43	1
279	380	1
279	89	1
279	537	1
279	449	1
279	108	1
279	205	1
279	45	1
27	49	1
27	51	1
27	391	1
27	160	1
27	202	1
27	57	1
27	78	1
27	488	1
27	256	1
27	153	1
27	270	1
27	216	1
27	108	1
27	199	1
27	232	1
27	31	1
27	400	1
27	385	1
27	81	1
27	282	1
27	417	1
280	67	1
280	62	1
280	460	1
280	400	1
280	139	1
280	100	1
280	36	1
280	150	1
280	780	1
280	723	1
280	768	1
281	335	1
281	527	1
281	424	1
281	77	2
281	666	1
281	556	1
281	219	1
281	161	1
281	71	1
281	576	1
281	311	1
281	458	1
281	504	1
281	389	1
281	453	1
281	571	1
281	238	1
281	129	1
281	279	1
281	89	1
281	143	1
281	196	1
281	131	1
281	2	1
281	595	1
281	847	1
282	1	1
282	421	1
282	7	1
282	287	1
282	422	1
282	334	1
282	177	1
282	113	1
282	382	1
283	383	1
283	94	1
283	58	1
283	57	1
283	788	1
283	802	1
283	346	1
284	90	1
284	152	1
284	272	2
284	26	1
284	128	1
284	509	1
284	535	1
284	378	1
284	699	1
284	0	1
284	542	1
284	612	1
284	267	1
284	70	1
284	33	1
284	338	1
284	230	1
284	396	1
284	763	1
285	340	1
285	409	1
285	585	1
285	594	1
285	136	1
285	294	1
285	476	1
285	215	1
285	223	1
285	452	1
285	63	1
285	385	1
285	28	1
285	303	1
286	266	1
286	36	1
286	31	1
286	142	1
286	499	1
286	251	1
286	621	1
286	400	1
286	226	1
287	242	1
287	403	1
287	65	1
287	0	1
287	490	1
287	398	1
287	212	1
287	228	1
287	672	1
288	314	1
288	39	1
288	101	1
288	168	1
288	153	1
288	479	1
288	665	1
288	199	1
288	134	1
288	695	1
288	38	1
288	206	1
288	436	1
288	563	1
288	813	1
289	266	2
289	160	1
289	269	1
289	512	1
289	307	1
289	312	1
289	350	1
289	135	1
289	669	1
289	421	1
289	425	1
289	341	1
289	60	1
28	53	1
28	658	1
28	43	1
28	260	1
28	256	1
28	113	1
28	134	1
28	707	1
290	142	1
290	160	1
290	314	1
290	315	1
290	287	1
290	492	1
290	629	1
290	84	1
290	542	1
290	458	1
290	688	1
290	182	1
290	385	1
290	101	1
290	317	1
290	774	1
290	781	1
291	115	1
291	32	1
291	177	1
291	21	1
291	378	1
291	596	1
291	2	1
292	297	1
292	103	1
292	502	1
292	101	1
292	145	1
292	56	1
292	234	1
293	84	1
293	179	1
293	6	1
293	251	1
293	43	1
293	180	1
293	267	1
293	71	1
294	357	1
294	114	1
294	473	1
294	518	1
294	133	1
294	744	1
295	131	1
295	287	1
295	394	1
295	549	1
295	21	1
295	0	1
295	20	1
295	482	1
295	182	1
295	595	1
295	782	1
295	269	1
295	107	1
295	175	1
296	115	1
296	392	1
296	341	1
296	236	1
296	275	1
296	442	1
296	47	1
296	298	1
296	696	1
297	394	1
297	84	1
297	71	1
297	92	1
297	265	1
297	556	1
297	708	1
297	595	1
297	95	1
297	762	1
297	741	1
297	785	1
297	779	1
297	128	1
297	78	1
297	641	1
297	781	1
298	395	1
298	497	1
298	10	1
298	443	1
298	544	1
298	549	1
298	346	1
298	226	1
298	687	1
298	201	1
298	51	1
298	540	1
298	160	1
298	699	1
299	396	1
299	249	1
299	47	1
299	60	1
299	14	1
299	20	1
299	299	1
29	29	1
29	106	1
29	108	1
29	140	1
29	237	1
29	251	1
29	179	1
29	45	1
29	232	1
2	3	1
2	402	1
2	36	1
2	623	1
2	56	1
2	208	1
2	522	1
2	265	1
2	177	1
2	734	1
2	283	1
300	104	1
300	417	1
300	201	2
300	553	1
300	721	1
300	579	1
300	773	1
300	78	1
300	225	1
301	400	2
301	283	1
301	284	2
301	26	1
301	2	1
301	12	1
301	57	1
301	96	1
301	391	1
301	775	1
301	163	1
301	734	1
302	401	1
302	614	1
302	305	1
302	609	2
302	597	1
302	97	1
302	10	1
302	809	1
302	708	1
303	43	1
303	529	1
303	31	1
303	20	1
303	725	1
303	575	1
303	372	1
304	141	1
304	268	1
304	179	1
304	32	1
304	273	1
304	104	1
305	403	1
305	264	1
305	385	1
305	338	1
305	140	1
305	371	1
305	542	1
306	404	1
306	201	1
306	329	1
306	79	1
306	106	1
306	86	1
306	394	1
306	65	1
306	180	1
307	218	1
307	345	1
307	266	1
307	420	1
307	322	1
307	349	1
307	454	1
307	600	1
307	211	1
307	35	1
307	557	1
308	184	1
308	59	1
308	446	1
308	509	1
308	647	1
308	650	1
308	131	1
308	423	1
308	383	1
308	381	1
309	407	1
309	210	1
309	43	1
309	410	1
309	382	1
309	418	1
309	150	1
309	423	1
309	244	1
30	54	1
30	55	1
30	189	1
30	330	1
30	0	1
30	341	1
30	201	1
30	185	1
310	41	1
310	283	1
310	466	2
310	812	1
310	813	1
310	475	1
310	819	1
310	550	1
310	652	1
310	662	1
310	842	1
310	138	1
310	48	1
310	765	1
310	575	1
310	270	1
310	362	1
310	549	1
311	57	1
311	110	1
311	429	1
311	386	1
311	327	1
311	47	1
311	582	1
311	350	1
311	275	1
311	306	1
311	781	1
311	784	1
311	835	1
312	413	1
312	84	1
312	140	1
312	98	1
312	271	1
312	149	1
312	251	1
312	307	1
312	575	1
312	275	1
312	670	1
312	67	1
312	56	1
312	562	1
313	414	1
313	415	1
313	357	1
313	254	1
313	406	1
313	662	1
313	173	1
314	226	1
314	229	1
314	288	1
314	362	1
314	175	1
314	660	1
314	585	1
314	625	1
314	32	1
314	670	1
314	269	1
314	470	1
315	57	1
315	5	1
315	198	1
315	80	1
315	372	1
315	539	1
315	201	1
315	92	1
315	729	1
315	30	1
315	156	1
315	742	1
315	727	1
316	206	1
316	518	1
316	520	2
316	41	1
316	20	1
316	287	1
316	177	1
316	43	1
316	483	1
316	53	1
316	399	1
316	536	1
316	317	1
316	222	1
316	423	1
316	40	1
316	58	1
316	82	1
316	9	1
316	24	1
316	822	1
316	802	1
316	28	1
316	500	1
317	386	1
317	372	1
317	258	1
317	150	1
317	103	1
317	230	1
317	771	1
317	259	1
317	10	1
317	515	1
317	166	1
317	857	1
317	51	1
317	788	1
318	28	1
318	491	1
318	341	1
318	237	1
318	6	1
318	720	1
319	347	1
319	736	1
319	13	1
319	36	1
319	31	1
319	360	1
319	612	1
31	57	1
31	59	1
31	20	2
31	135	1
31	184	1
31	532	1
320	378	1
320	206	1
320	308	1
320	41	1
320	2	1
320	520	1
320	160	1
321	14	1
321	488	1
321	352	1
321	98	1
321	114	1
321	215	1
321	514	1
322	426	1
322	746	1
322	273	1
322	651	1
322	163	1
322	31	1
322	460	1
322	205	1
323	401	1
323	281	1
323	100	1
323	201	1
323	57	1
323	5	1
323	512	1
323	63	1
323	36	1
323	150	1
323	177	1
323	385	1
323	365	1
323	161	1
323	28	1
324	41	1
324	0	1
324	2	1
324	108	1
324	11	1
324	308	1
324	493	1
324	206	1
324	285	1
325	430	1
325	268	4
325	589	7
325	624	1
325	194	6
325	84	3
325	184	1
325	691	2
325	262	1
325	705	2
325	706	1
325	102	1
325	197	2
325	454	1
325	504	1
325	82	1
325	116	1
325	24	1
325	735	1
325	408	1
325	2	1
325	71	1
325	278	1
325	5	1
325	233	1
325	281	1
325	541	1
325	159	1
325	78	2
325	308	1
326	5	1
326	57	1
326	31	1
326	452	1
326	412	1
326	676	1
326	275	1
326	135	1
326	56	1
326	626	1
326	161	1
326	10	1
326	824	1
326	579	1
326	226	1
326	488	1
326	601	1
326	376	1
326	282	1
326	129	1
326	219	1
326	620	1
326	623	1
326	270	1
326	79	1
326	727	1
326	580	1
326	43	1
326	637	1
326	682	1
326	555	2
326	416	1
326	485	1
327	392	1
327	331	1
327	235	1
327	530	1
327	38	1
327	131	1
327	28	1
328	285	1
328	201	1
328	235	1
328	299	1
328	465	1
328	540	1
328	198	1
329	80	1
329	571	1
329	41	1
329	736	1
329	719	1
329	76	1
32	58	1
32	91	1
32	92	1
32	93	1
32	94	1
32	95	1
32	162	1
32	112	1
32	218	1
32	468	1
32	214	1
330	23	1
330	463	1
330	464	1
330	238	1
330	446	1
330	69	1
330	643	2
330	143	1
331	43	1
331	52	1
331	16	1
331	533	1
331	802	1
331	28	1
332	435	1
332	483	1
332	487	1
332	200	1
332	53	1
332	132	1
332	248	1
333	176	1
333	295	1
333	559	1
333	226	1
333	199	1
333	456	1
333	142	1
334	150	1
334	28	1
334	338	1
334	189	1
334	764	1
334	282	1
335	210	1
335	87	1
335	449	1
335	132	1
335	719	1
335	181	1
335	313	1
335	178	1
335	799	1
335	261	1
336	6	1
336	43	1
336	98	1
336	58	1
336	143	1
336	270	1
337	385	1
337	698	1
337	138	1
337	1	1
337	84	1
337	210	1
337	365	1
337	81	1
337	272	1
337	406	1
337	23	1
338	152	1
338	42	1
338	275	1
338	135	1
338	123	1
338	651	1
338	528	1
338	56	1
338	626	1
338	680	1
338	129	1
338	62	1
338	799	1
339	439	1
339	183	1
339	167	1
339	54	1
339	35	1
339	262	1
339	477	2
339	101	1
339	456	1
339	16	1
339	203	1
339	428	1
339	559	1
339	556	1
339	131	1
339	422	1
339	688	2
339	291	1
339	527	1
339	643	1
339	695	1
339	743	1
339	578	1
339	486	1
339	269	1
339	762	1
33	39	1
33	340	1
33	239	1
33	187	1
33	739	1
33	353	1
33	767	1
340	115	1
340	416	1
340	443	2
340	435	1
340	240	1
340	179	1
340	44	1
340	552	1
340	447	2
340	245	1
340	459	1
340	24	1
340	1	1
340	580	1
340	515	1
340	359	1
340	484	3
340	362	1
340	379	1
340	471	1
340	278	1
340	611	2
340	477	1
340	102	1
340	230	1
340	189	1
340	754	1
340	174	1
340	672	1
340	589	1
340	558	1
340	593	2
340	50	1
340	560	1
340	383	1
340	581	1
340	277	1
340	282	1
340	722	1
340	154	1
340	175	1
340	173	1
340	587	1
340	280	1
340	103	1
340	249	1
340	543	1
340	695	1
340	206	1
340	11	1
340	619	1
340	794	1
340	797	1
340	41	1
341	41	1
341	224	1
341	101	1
341	590	1
341	390	1
341	684	1
342	285	1
342	317	1
342	781	1
342	128	1
342	524	1
342	391	1
342	36	1
342	827	1
342	140	1
343	72	1
343	80	1
343	26	1
343	283	1
343	444	1
343	157	1
343	410	1
343	31	1
343	57	1
343	211	1
343	411	1
343	618	1
343	387	1
343	154	1
343	507	1
343	155	1
343	192	1
343	520	1
343	36	1
344	118	1
344	267	1
344	446	1
344	454	1
344	21	1
344	58	1
344	157	1
344	433	1
344	114	1
344	222	1
344	372	1
345	115	1
345	477	1
345	262	1
345	163	1
345	437	1
345	338	1
345	538	1
345	71	1
345	183	1
345	291	1
345	389	2
346	447	1
346	434	1
346	243	1
346	797	1
346	798	1
346	41	1
346	663	1
347	448	1
347	125	1
347	64	1
347	802	1
347	811	1
347	812	1
347	573	1
348	324	1
348	695	1
348	112	1
348	65	1
348	287	1
348	237	1
348	36	1
349	126	1
349	325	1
349	202	1
349	450	1
349	343	1
349	332	1
349	528	1
349	243	1
349	39	1
349	136	1
349	675	1
349	50	1
349	340	1
349	125	1
349	253	1
349	161	1
349	215	1
349	405	1
349	184	1
349	378	1
349	543	1
349	199	1
349	634	1
349	188	1
349	111	1
349	249	1
34	61	1
34	297	1
34	157	1
34	520	1
34	584	1
34	595	1
34	108	1
34	98	1
34	2	1
34	318	1
34	311	1
34	268	1
34	473	1
34	374	1
34	118	1
34	122	1
34	16	1
34	30	1
34	332	1
34	196	1
34	458	1
34	44	1
34	143	1
34	83	1
34	609	1
34	59	1
34	631	1
34	241	1
34	735	1
34	160	2
34	353	1
350	95	1
350	532	1
350	342	1
350	112	1
350	423	1
350	239	1
350	108	1
350	372	1
350	409	1
351	449	1
351	327	1
351	236	1
351	500	1
351	762	1
351	781	1
351	694	1
351	746	1
351	396	1
352	451	1
352	416	1
352	206	1
352	519	1
352	410	1
352	354	1
352	30	1
352	219	1
352	34	1
352	664	1
352	2	1
352	426	1
353	344	1
353	1	1
353	56	1
353	199	1
353	433	1
353	384	1
353	122	1
354	57	1
354	452	1
354	171	1
354	10	1
354	2	1
354	5	1
355	17	1
355	453	1
355	317	1
355	142	1
355	169	1
355	176	1
355	583	1
355	92	1
355	86	1
355	108	1
355	122	1
355	50	1
355	38	1
355	199	1
355	249	1
355	60	1
355	744	1
355	369	1
355	28	1
355	43	1
355	264	1
355	725	1
355	338	1
355	104	1
355	110	1
355	748	1
356	289	1
356	23	1
356	77	1
356	128	1
356	6	1
356	327	1
356	822	1
357	256	1
357	168	1
357	621	1
357	618	1
357	204	1
357	214	1
357	723	1
358	417	1
358	316	1
358	488	1
358	40	1
358	1	1
358	278	2
358	560	2
358	59	1
358	402	1
358	764	1
359	64	1
359	372	1
359	26	1
359	147	1
359	481	1
359	792	1
359	771	1
35	62	1
35	168	1
35	174	1
35	56	2
35	202	1
35	206	1
35	132	1
35	193	1
35	387	1
35	9	1
35	409	1
35	437	1
35	440	1
35	42	1
35	295	1
35	120	1
35	223	1
35	526	1
35	678	1
35	425	1
360	321	1
360	400	1
360	7	1
360	160	1
360	205	1
360	64	1
360	645	1
360	179	1
360	781	1
360	269	1
360	87	1
360	391	1
360	159	1
360	206	1
360	61	1
360	20	1
360	79	1
360	475	1
360	108	1
361	192	1
361	349	1
361	129	1
361	607	1
361	180	1
361	153	1
362	456	1
362	412	1
362	317	2
362	32	1
362	457	1
362	458	1
363	31	1
363	26	1
363	108	1
363	609	1
363	336	1
363	234	1
363	20	1
363	778	1
363	449	1
363	635	1
363	807	1
363	139	1
363	468	1
364	256	1
364	43	1
364	403	1
364	216	1
364	129	1
364	9	1
364	625	1
365	41	1
365	350	1
365	38	1
365	331	1
365	327	2
365	65	1
365	7	1
365	272	1
365	741	1
365	287	1
365	39	2
365	278	1
365	781	2
365	838	1
365	28	1
365	840	1
365	826	2
365	5	1
365	61	1
365	305	1
365	870	1
365	50	1
365	689	1
365	166	1
365	622	1
365	197	1
366	391	1
366	465	1
366	441	1
366	290	1
366	57	1
366	269	1
366	266	1
366	120	1
366	90	1
366	434	1
366	478	1
366	628	1
366	51	1
366	2	1
366	347	1
366	69	1
366	400	1
366	216	1
367	195	1
367	125	1
367	612	1
367	326	1
367	372	1
367	203	1
367	505	1
368	266	1
368	152	1
368	651	1
368	243	1
368	609	1
368	597	1
369	306	1
369	36	1
369	566	1
369	241	1
369	43	1
369	492	1
369	559	1
369	14	2
369	188	1
36	57	1
36	188	1
36	405	1
36	95	1
36	694	1
36	293	1
36	14	1
36	737	1
36	372	1
36	82	1
36	114	1
36	708	1
36	530	2
36	669	1
36	70	1
36	369	1
36	125	1
36	805	1
36	404	1
36	142	1
36	145	1
36	472	1
36	394	1
36	7	1
370	466	1
370	414	2
370	430	1
370	287	1
370	57	1
370	207	1
370	360	1
370	115	1
370	853	1
370	108	1
370	775	1
370	821	1
370	166	1
370	47	1
370	30	1
370	449	2
370	152	1
370	205	1
371	125	1
371	612	1
371	260	1
371	352	1
371	544	1
371	350	1
372	98	1
372	225	1
372	186	1
372	616	1
372	520	1
372	264	1
372	117	1
372	479	1
373	239	1
373	14	1
373	36	1
373	160	1
373	377	1
373	283	1
373	737	1
373	345	1
373	39	1
373	31	1
374	322	1
374	333	1
374	207	1
374	92	1
374	147	1
374	634	1
374	588	1
374	257	1
374	453	2
374	347	1
375	120	1
375	472	1
375	206	1
375	295	1
375	425	1
375	9	1
375	41	1
375	336	1
375	104	1
376	58	1
376	475	1
376	17	1
376	67	1
376	276	1
376	650	1
376	621	1
377	108	1
377	179	1
377	64	1
377	520	1
377	351	1
377	244	1
377	20	1
377	206	2
377	24	1
378	309	1
378	276	1
378	325	1
378	207	1
378	39	1
378	98	1
378	477	1
379	427	1
379	375	1
379	317	1
379	345	1
379	412	1
379	841	1
379	651	1
379	843	1
379	88	1
379	113	1
379	40	1
379	230	1
379	865	1
379	101	1
379	801	1
379	377	1
379	177	1
379	316	1
379	417	1
37	63	1
37	73	1
37	56	1
37	500	1
37	514	1
37	318	1
37	43	1
380	280	1
380	87	1
380	148	1
380	484	1
380	292	1
380	160	1
380	17	1
380	273	1
380	649	1
380	123	1
380	522	1
380	88	1
380	85	1
380	176	1
380	475	1
380	491	1
380	207	1
380	152	1
380	213	1
380	662	1
380	329	1
380	430	1
380	47	1
380	404	1
380	841	1
380	184	1
380	549	1
381	481	2
381	239	1
381	353	1
381	191	1
381	306	1
381	532	1
381	14	1
382	251	1
382	272	1
382	615	1
382	232	1
382	545	1
382	80	1
382	631	1
382	317	1
382	283	1
382	236	1
382	82	1
382	36	1
382	347	1
382	84	1
382	125	1
382	94	1
382	120	1
382	825	1
383	486	1
383	93	1
383	135	1
383	616	1
383	717	1
383	522	1
384	78	1
384	349	1
384	186	1
384	319	1
384	205	1
384	20	1
384	88	1
384	475	1
384	164	1
384	131	1
384	179	1
384	419	1
384	48	1
384	645	1
385	84	1
385	363	1
385	562	1
385	643	1
385	149	1
385	291	1
385	305	1
385	58	1
385	268	1
386	96	1
386	434	1
386	388	1
386	823	1
386	206	1
386	187	1
387	30	1
387	475	1
387	152	1
387	188	1
387	614	1
387	469	1
387	194	1
387	780	1
387	169	1
387	276	1
387	843	1
387	851	1
388	3	1
388	601	1
388	479	1
388	488	1
388	671	1
388	412	1
388	560	1
388	284	1
388	26	1
389	179	1
389	56	1
389	578	1
389	20	1
389	131	1
389	100	1
389	399	2
389	389	1
389	457	1
389	89	1
38	65	1
38	7	1
38	382	1
38	136	1
38	632	1
38	205	1
38	394	1
38	515	1
38	58	1
38	708	1
38	758	1
38	148	1
38	710	1
38	234	1
38	476	1
38	166	1
38	110	1
38	24	1
38	484	1
390	247	1
390	631	1
390	391	1
390	651	1
390	88	1
390	469	1
390	708	1
390	454	1
390	174	1
390	243	1
390	414	1
391	492	1
391	563	1
391	544	1
391	564	1
391	604	1
391	223	1
391	532	1
391	675	1
391	285	1
391	135	1
391	739	1
391	129	1
391	535	1
391	142	1
391	275	1
391	185	1
391	219	1
391	217	1
392	493	1
392	273	1
392	120	1
392	28	1
392	15	1
392	17	1
392	614	1
392	267	1
392	30	1
392	23	1
392	138	1
392	612	1
392	354	1
392	41	1
392	59	1
392	549	1
392	43	1
392	131	1
392	115	1
392	544	1
392	0	1
392	20	1
392	391	1
392	731	1
392	269	1
392	482	1
392	704	1
392	735	1
392	422	1
393	449	1
393	494	1
393	391	1
393	495	1
393	652	1
393	90	1
393	662	1
393	45	1
393	106	1
393	651	1
393	487	1
393	152	1
393	756	1
394	53	1
394	182	1
394	205	1
394	41	1
394	57	1
394	354	1
394	132	1
394	519	1
394	149	1
394	88	2
394	341	1
394	112	1
394	814	1
394	325	1
395	152	1
395	48	1
395	184	1
395	421	1
395	30	1
395	391	1
395	538	1
395	412	2
395	456	1
395	546	1
395	342	1
396	253	1
396	118	1
396	659	1
396	311	1
396	669	1
396	80	1
396	140	1
396	582	1
396	370	1
396	259	1
396	554	1
396	834	1
396	36	1
397	104	1
397	281	1
397	270	1
397	520	1
397	181	1
397	267	1
397	338	1
397	305	1
397	458	1
397	826	1
397	95	1
397	720	1
397	370	1
397	143	1
398	20	1
398	51	1
398	658	1
398	190	1
398	39	1
398	552	1
398	295	1
398	256	2
398	691	1
399	407	1
399	2	1
399	206	1
399	43	1
399	6	2
399	606	1
399	143	1
399	458	1
399	334	1
399	131	1
399	743	1
399	628	1
399	90	1
399	114	1
399	269	1
399	683	1
399	293	1
399	520	1
399	199	1
399	560	1
399	749	1
399	51	1
39	41	1
39	99	2
39	294	1
39	158	1
39	335	1
39	334	1
39	84	1
39	78	1
39	477	1
39	478	1
39	479	1
39	2	1
39	161	1
39	11	1
39	379	1
39	502	1
39	195	1
39	628	1
39	56	1
39	619	1
39	142	1
39	75	1
39	317	1
39	389	1
39	675	2
39	309	1
39	354	1
39	31	1
39	143	1
39	89	1
39	545	1
39	762	1
39	741	1
39	525	1
39	439	1
39	281	1
39	107	2
39	35	1
39	201	1
39	331	1
39	23	1
39	275	1
39	251	1
39	39	1
39	131	1
39	520	1
39	765	1
39	194	1
39	391	2
39	50	1
39	580	1
39	134	1
39	543	1
39	406	1
39	421	1
39	771	2
39	690	1
39	519	1
39	422	1
39	108	1
39	284	1
39	43	1
39	30	1
39	568	1
39	668	1
39	679	1
39	378	1
39	28	1
39	246	1
39	326	1
39	327	1
39	264	1
39	105	1
39	266	1
39	125	2
39	393	2
39	609	1
39	57	1
39	605	1
39	544	1
39	475	1
39	536	1
39	784	1
39	53	1
39	7	1
39	781	1
39	154	2
3	4	1
3	5	1
3	52	1
3	79	1
3	211	1
3	544	1
3	57	1
400	245	1
400	131	1
400	216	1
400	294	1
400	321	1
400	160	1
400	135	1
400	23	1
401	206	1
401	456	1
401	264	1
401	458	1
401	43	1
401	131	2
401	454	1
401	378	2
401	236	1
401	783	2
401	835	1
401	2	1
402	84	1
402	23	1
402	58	1
402	328	1
402	43	1
402	350	1
402	766	1
402	135	1
403	502	1
403	325	1
403	499	1
403	282	1
403	142	1
403	578	1
403	26	1
403	191	1
403	501	1
403	485	1
403	135	1
404	130	1
404	375	1
404	501	1
404	528	1
404	314	1
404	678	1
404	31	1
404	5	1
404	211	1
404	93	1
404	221	1
404	101	1
404	591	1
404	206	1
404	417	1
404	768	1
404	34	1
404	428	1
404	63	1
404	739	1
404	790	1
404	84	1
404	114	1
404	533	1
405	503	1
405	475	1
405	608	1
405	5	1
405	50	1
405	20	1
405	201	1
405	351	1
405	28	1
405	537	1
405	177	1
405	17	2
405	76	1
405	326	1
405	211	1
405	301	1
405	79	1
405	327	1
405	334	1
405	814	1
405	228	1
405	265	1
405	58	1
405	479	1
405	319	1
405	7	1
405	41	1
405	841	1
406	504	1
406	454	1
406	350	1
406	338	1
406	147	1
406	182	1
406	366	1
407	206	1
407	511	1
407	115	1
407	170	1
407	34	1
407	21	1
407	550	1
407	45	1
407	487	1
407	723	1
407	16	1
407	216	1
407	269	1
407	236	1
407	48	1
407	175	1
407	136	1
407	260	1
407	147	1
407	323	1
407	210	1
407	38	1
407	616	1
407	802	1
407	692	1
408	505	1
408	521	1
408	242	1
408	335	1
408	31	1
408	83	1
408	63	1
408	444	1
408	436	1
409	506	1
409	145	1
409	334	1
409	332	1
409	268	1
409	290	1
409	400	1
409	21	1
409	53	1
409	96	1
409	36	1
409	84	1
409	584	1
40	69	1
40	251	1
40	334	1
40	53	1
40	256	1
40	41	1
40	405	1
40	168	1
40	271	1
40	557	1
40	504	1
40	56	2
40	245	1
40	366	1
40	77	1
40	161	1
40	445	1
40	5	1
40	619	1
40	594	1
40	110	1
40	409	1
40	536	1
40	389	1
40	452	1
40	177	1
40	436	1
40	20	1
40	199	1
40	743	1
40	773	1
40	723	1
40	407	1
40	727	1
40	79	1
40	26	1
40	535	1
40	98	1
40	637	1
40	377	1
40	560	1
40	533	1
40	274	1
40	84	1
40	44	1
40	682	1
40	275	1
40	157	1
410	57	1
410	45	1
410	169	1
410	675	1
410	285	1
410	104	1
411	257	1
411	58	1
411	508	1
411	71	1
411	206	1
411	137	1
411	0	1
411	301	1
411	135	1
411	305	1
411	267	1
411	632	1
411	354	1
411	633	1
411	627	1
411	372	1
412	32	1
412	510	1
412	576	1
412	582	1
412	476	1
412	134	1
412	434	1
412	285	1
412	85	1
412	536	1
412	246	1
412	327	1
412	762	1
413	23	1
413	47	1
413	84	1
413	284	1
413	363	1
413	75	1
413	60	1
413	30	1
413	108	1
413	807	1
413	16	1
414	324	1
414	32	1
414	181	1
414	570	1
414	288	1
414	625	1
414	55	2
414	330	1
414	261	1
414	577	2
414	79	1
414	30	1
414	108	1
415	84	1
415	240	1
415	741	2
415	614	1
415	275	1
415	806	1
415	124	1
415	512	1
415	48	1
415	117	1
416	247	1
416	184	1
416	48	1
416	485	1
416	644	1
416	21	1
416	598	1
416	216	1
416	32	1
416	26	1
416	44	1
416	153	1
416	772	1
416	375	1
416	752	1
417	39	1
417	84	1
417	160	1
417	64	1
417	76	1
417	219	1
417	563	1
417	131	1
417	741	1
417	276	1
417	786	1
417	139	1
417	829	1
417	546	1
417	26	1
417	90	1
418	6	1
418	272	1
418	365	1
418	33	1
418	36	1
418	489	1
418	781	1
418	63	1
418	20	1
418	211	1
418	350	1
419	177	1
419	266	1
419	404	1
419	287	1
419	100	1
419	522	1
419	264	1
419	387	1
419	206	1
419	192	1
419	533	1
419	534	1
419	12	1
419	535	2
419	536	1
419	198	1
419	21	1
419	354	1
419	121	1
419	183	1
419	201	1
419	161	1
419	642	1
419	371	1
419	372	1
419	477	3
419	378	1
419	275	1
419	707	1
419	16	1
419	227	1
419	367	1
419	454	1
419	809	1
419	179	1
419	137	1
419	176	1
419	788	1
419	341	1
419	723	1
419	216	1
419	249	1
419	131	1
419	388	1
41	70	1
41	313	1
41	637	1
41	518	1
41	687	1
41	372	1
41	732	1
420	248	1
420	2	1
420	491	1
420	42	1
420	783	1
420	459	1
420	803	1
420	251	1
420	331	1
420	629	1
420	851	1
420	203	2
420	512	1
420	269	1
421	126	1
421	152	1
421	185	1
421	317	1
421	153	1
421	276	1
421	520	1
421	157	1
421	415	1
421	326	1
421	606	1
421	122	1
421	19	1
421	307	1
421	325	1
421	63	1
421	81	1
421	780	1
421	43	1
421	771	1
421	745	1
421	23	1
421	350	1
421	362	1
421	422	1
421	272	1
421	110	1
421	802	1
421	748	1
421	61	1
421	390	1
422	20	1
422	107	1
422	44	1
422	126	1
422	266	1
422	205	1
422	179	1
423	394	1
423	190	1
423	28	1
423	613	1
423	132	1
423	628	1
423	565	1
423	319	1
423	777	1
424	41	1
424	374	1
424	66	1
424	343	1
424	577	1
424	712	1
424	216	1
425	386	1
425	177	1
425	38	1
425	275	1
425	10	1
425	544	1
425	135	1
425	285	1
426	273	2
426	380	1
426	326	1
426	206	2
426	687	1
426	75	1
427	99	1
427	57	1
427	505	1
427	41	1
427	32	1
427	206	1
427	160	1
427	20	1
427	26	1
427	510	1
427	493	1
428	354	1
428	94	1
428	683	1
428	606	1
428	186	1
428	260	1
428	369	1
429	4	1
429	59	1
429	30	1
429	122	1
429	283	1
429	73	1
429	63	1
429	272	1
429	753	1
429	705	1
429	31	1
429	332	1
429	169	1
429	598	1
429	160	1
429	802	1
42	71	1
42	317	1
42	84	1
42	20	1
42	142	1
42	528	1
42	308	1
42	264	1
42	752	1
42	389	1
42	409	1
42	554	1
42	299	1
42	788	1
42	792	1
42	793	1
42	807	1
42	347	1
430	19	1
430	327	1
430	20	1
430	26	1
430	71	1
430	31	1
430	25	1
431	414	1
431	514	1
431	479	1
431	247	1
431	12	1
431	731	1
431	367	1
431	723	1
431	56	1
431	530	1
432	152	6
432	60	1
432	213	1
432	227	1
432	47	2
432	156	4
432	243	1
432	541	1
432	112	1
432	523	3
432	118	1
432	454	5
432	220	1
432	206	4
432	166	2
432	534	2
432	679	2
432	197	6
432	239	3
432	642	2
432	122	2
432	312	1
432	378	3
432	116	1
432	708	1
432	588	2
432	388	1
432	393	1
432	669	1
432	268	1
432	24	2
432	175	1
432	133	6
432	44	1
432	285	1
432	209	1
432	479	1
432	691	1
432	651	1
432	88	1
432	361	1
432	201	3
432	662	1
432	550	1
432	266	1
432	353	1
432	78	1
432	566	1
432	26	1
432	131	1
432	356	2
432	214	2
432	37	1
432	608	1
432	502	1
432	637	1
432	198	1
432	527	1
432	371	1
432	179	1
432	802	2
432	805	2
432	58	6
432	531	1
432	69	1
432	94	1
432	771	1
432	211	1
432	338	1
432	832	2
432	119	1
432	129	3
432	760	1
432	632	1
432	818	1
432	807	3
432	61	1
432	432	1
432	846	4
432	631	2
432	854	1
432	212	1
432	76	3
432	855	5
432	844	1
432	284	1
432	848	1
432	83	2
432	518	4
432	692	1
432	138	1
432	850	1
432	584	1
432	755	1
432	732	1
433	131	1
433	293	1
433	179	1
433	30	1
433	87	1
433	169	1
433	29	1
433	698	1
433	52	1
433	538	1
433	703	1
433	491	1
434	470	1
434	282	1
434	80	1
434	703	1
434	444	1
434	417	1
435	414	1
435	48	1
435	23	1
435	267	1
435	236	1
435	240	1
435	184	1
435	106	1
435	84	2
435	363	1
435	427	1
435	57	1
435	30	1
435	326	1
435	449	1
435	612	1
435	179	1
435	157	1
435	211	1
435	228	1
435	172	1
435	6	1
435	278	1
435	720	1
436	481	1
436	57	1
436	576	1
436	443	1
436	634	1
436	257	1
436	205	1
436	51	1
436	599	1
436	745	1
436	499	1
436	313	1
436	41	1
436	353	1
436	247	1
436	398	1
436	468	1
436	579	1
436	538	1
436	646	1
436	7	1
437	265	1
437	544	1
437	2	1
437	31	1
437	33	1
437	546	1
437	53	1
437	293	1
437	436	1
437	37	1
437	93	1
438	545	1
438	238	1
438	784	1
438	393	1
438	102	1
438	242	1
438	333	1
439	24	1
439	264	1
439	43	1
439	613	1
439	462	1
439	530	1
439	56	1
43	72	1
43	191	1
43	160	1
43	776	1
43	178	1
43	496	1
43	465	1
43	80	1
43	569	1
43	215	1
43	433	1
43	10	1
43	16	1
43	544	1
440	31	1
440	317	1
440	428	1
440	57	1
440	160	1
440	275	2
440	84	1
440	269	1
440	270	1
440	386	1
440	142	1
440	722	1
440	67	1
440	97	1
440	740	1
440	226	1
440	488	1
440	231	1
440	778	1
440	452	1
440	56	1
440	28	1
440	346	1
440	676	3
440	456	1
440	264	1
440	10	1
440	806	1
441	39	1
441	41	1
441	619	1
441	31	1
441	627	1
441	360	1
441	234	1
441	335	1
441	251	1
441	470	1
441	179	1
441	303	1
441	531	1
442	342	1
442	639	1
442	716	1
442	195	1
442	289	1
442	594	1
443	120	1
443	143	1
443	41	1
443	140	1
443	541	1
443	199	1
443	247	1
443	550	1
443	201	1
443	211	1
443	24	1
444	120	1
444	50	1
444	143	1
444	247	1
444	41	1
444	541	1
445	404	1
445	204	1
445	337	1
445	286	1
445	177	1
445	512	1
445	89	1
445	341	1
445	229	1
445	661	1
445	303	1
445	6	1
445	227	1
445	58	1
445	577	1
445	333	1
445	741	1
445	788	1
445	835	1
446	551	1
446	625	1
446	274	2
446	605	1
446	30	1
446	670	1
447	291	1
447	349	1
447	266	1
447	515	1
447	361	1
447	528	1
447	38	1
447	201	1
447	311	1
447	436	1
447	478	1
448	160	2
448	503	1
448	612	1
448	489	1
448	453	1
448	269	1
448	788	1
448	741	1
448	275	1
448	820	2
448	20	1
448	822	1
449	18	1
449	486	1
449	151	1
449	226	2
449	136	1
449	638	1
449	676	1
449	219	1
44	74	1
44	75	1
44	76	2
44	372	2
44	525	1
44	203	1
44	67	1
44	351	1
450	410	1
450	488	1
450	5	1
450	781	1
450	115	1
450	445	1
450	516	1
450	793	1
450	352	1
451	345	1
451	755	1
451	598	1
451	743	1
451	616	1
451	832	1
451	646	1
452	553	1
452	303	1
452	517	1
452	440	1
452	551	1
452	754	1
452	166	1
452	798	2
452	461	1
452	797	1
452	354	1
452	149	1
452	596	1
453	88	1
453	731	1
453	845	1
453	489	1
453	179	1
453	57	1
453	130	1
453	176	1
453	40	1
453	46	1
453	206	1
454	131	1
454	554	1
454	147	1
454	269	1
454	378	1
454	160	1
454	20	1
454	113	1
454	354	1
454	420	1
454	107	1
454	5	1
454	676	1
454	108	1
454	538	1
454	41	1
454	267	1
454	393	1
454	720	1
454	666	1
454	290	1
454	555	1
454	560	1
454	125	1
454	317	2
454	19	1
455	555	1
455	657	1
455	440	1
455	742	1
455	664	1
455	607	1
455	26	1
455	485	1
455	56	1
455	786	1
455	413	1
455	135	1
456	2	1
456	336	1
456	416	1
456	179	1
456	387	1
456	437	1
456	248	1
456	21	1
456	177	1
456	24	1
456	191	1
456	491	1
456	588	1
456	264	1
457	556	1
457	31	1
457	629	1
457	266	2
457	317	1
457	23	1
457	2	1
457	264	1
458	185	1
458	581	1
458	252	1
458	623	1
458	324	1
458	657	1
458	175	1
458	723	1
458	815	1
459	341	1
459	331	1
459	369	1
459	334	1
459	594	1
459	59	1
459	713	1
459	190	1
459	750	1
459	595	1
45	78	1
45	297	1
45	489	1
45	206	1
45	32	1
45	41	1
45	30	1
460	114	1
460	177	1
460	43	1
460	330	1
460	275	1
460	115	1
460	504	1
461	350	1
461	137	1
461	20	1
461	369	1
461	368	1
461	354	1
461	342	1
461	29	1
461	378	1
461	183	1
461	60	1
462	479	1
462	449	1
462	177	1
462	367	1
462	26	1
462	671	1
462	486	1
462	104	1
462	735	1
462	346	1
462	646	1
463	317	1
463	644	1
463	598	1
463	32	1
463	143	1
463	216	1
463	21	1
464	117	1
464	36	1
464	60	1
464	48	1
464	331	1
464	341	1
464	378	1
464	481	1
464	337	1
464	559	1
464	217	1
464	275	1
464	492	1
464	13	1
465	558	1
465	273	1
465	275	1
465	699	1
465	825	1
465	629	1
465	84	1
465	796	1
465	32	1
465	827	1
465	670	1
466	21	1
466	57	1
466	23	1
466	206	1
466	20	1
466	275	1
466	356	1
466	43	1
466	71	1
466	131	1
466	350	1
466	59	1
466	136	1
466	327	1
466	114	1
466	278	1
466	272	1
466	251	1
467	275	1
467	132	1
467	696	1
467	409	1
467	247	1
467	750	1
467	340	1
467	436	1
467	499	1
467	514	1
467	732	1
467	432	1
467	712	1
468	560	1
468	223	1
468	592	1
468	242	1
468	346	1
468	616	1
468	275	1
468	177	1
468	358	1
468	457	1
468	378	1
469	562	1
469	525	1
469	472	1
469	189	1
469	225	1
469	436	1
469	478	1
469	451	1
46	33	1
46	723	1
46	7	1
46	57	1
46	62	1
46	160	1
46	793	1
470	37	1
470	230	1
470	449	1
470	628	1
470	278	1
470	803	1
470	695	1
470	152	1
470	160	1
470	509	1
470	797	1
470	503	1
470	41	1
470	794	1
470	790	1
470	57	1
471	139	2
471	230	3
471	113	1
471	181	1
471	528	1
471	435	1
471	58	1
471	148	1
471	243	1
471	122	1
471	715	1
471	730	1
471	544	1
471	660	2
472	120	1
472	251	2
472	827	1
472	301	1
472	805	1
472	818	1
472	50	1
472	196	1
472	651	1
472	47	1
472	85	1
472	71	1
472	43	1
473	198	1
473	594	1
473	477	1
473	673	1
473	520	1
473	98	1
473	153	1
473	616	1
473	309	1
473	516	1
473	29	1
473	270	1
473	221	1
474	283	1
474	177	1
474	302	1
474	121	1
474	332	1
474	48	1
474	718	1
475	84	1
475	472	1
475	403	1
475	19	1
475	762	1
475	701	1
475	305	1
475	218	1
475	58	1
476	565	1
476	152	1
476	363	1
476	129	1
476	275	1
476	662	1
476	166	1
476	58	1
476	112	1
476	77	1
476	260	1
476	612	1
476	20	1
476	651	1
476	113	1
476	739	1
476	443	1
476	798	1
476	45	1
476	414	1
476	205	1
476	772	1
476	324	1
476	840	1
476	240	1
476	284	1
476	845	1
477	44	1
477	793	1
477	285	1
477	36	1
477	135	1
477	753	1
477	360	1
477	315	1
477	723	1
477	26	1
478	23	1
478	214	1
478	626	1
478	22	1
478	62	1
478	723	1
479	568	2
479	338	1
479	467	1
479	76	2
479	206	1
479	32	1
479	0	1
479	264	3
479	572	2
479	131	3
479	485	1
479	755	1
479	204	1
479	179	1
479	266	1
479	163	1
47	80	1
47	2	1
47	201	1
47	659	1
47	226	1
47	579	1
47	31	1
47	236	1
47	222	1
47	529	1
47	221	1
47	189	1
47	431	1
47	268	1
47	623	1
47	817	1
47	275	1
47	818	1
47	812	1
480	407	2
480	715	1
480	441	1
480	506	1
480	60	1
480	354	1
480	508	1
480	478	2
480	256	1
480	598	1
481	264	1
481	85	1
481	417	1
481	104	1
481	804	1
481	44	1
481	746	1
481	71	1
481	653	1
481	179	1
481	153	1
482	572	1
482	334	1
482	266	1
482	149	1
482	486	1
482	478	1
482	680	1
482	161	1
482	183	1
482	311	1
482	413	1
483	95	1
483	58	1
483	354	1
483	305	1
483	6	1
483	250	1
483	331	1
483	350	1
483	420	1
483	5	1
483	172	1
483	71	1
483	27	1
483	314	1
483	741	1
483	391	1
483	158	1
483	160	1
483	341	1
483	370	1
483	792	1
483	189	1
483	835	1
484	556	1
484	239	2
484	723	1
484	372	1
484	111	1
484	501	1
484	274	1
484	834	1
484	314	1
485	31	1
485	577	1
485	68	1
485	41	1
485	20	1
485	43	1
485	66	1
485	661	1
485	585	1
485	330	1
485	84	1
486	577	2
486	330	1
486	288	1
486	9	1
486	521	1
486	664	1
486	626	1
486	157	1
486	712	1
487	101	1
487	226	1
487	89	1
487	57	1
487	648	1
487	556	1
487	390	2
487	314	1
487	61	1
487	819	1
487	84	1
488	575	1
488	390	1
488	410	1
488	417	1
488	379	1
488	359	1
488	605	2
488	346	1
488	84	1
488	143	1
488	335	1
489	101	1
489	414	1
489	31	1
489	34	1
489	228	1
489	76	1
489	57	1
489	128	1
489	140	1
489	211	1
489	113	1
48	43	1
48	242	1
48	58	1
48	728	1
48	97	1
48	362	1
48	354	1
490	2	1
490	102	1
490	505	1
490	84	1
490	198	1
490	203	1
490	324	1
490	423	1
490	672	1
490	500	1
490	728	1
491	201	1
491	26	1
491	58	1
491	149	1
491	31	1
491	490	1
491	489	1
492	30	1
492	210	1
492	428	1
492	162	1
492	646	1
492	665	1
492	417	1
493	582	1
493	719	1
493	771	1
493	23	1
493	291	1
493	84	1
493	801	1
493	808	2
493	821	1
494	271	1
494	177	1
494	135	1
494	106	1
494	306	1
494	506	1
494	369	1
494	155	1
494	500	1
494	236	1
494	723	1
494	126	1
494	38	1
494	341	1
494	89	1
494	790	1
494	445	1
494	574	1
494	590	1
494	479	1
494	528	1
495	413	1
495	263	1
495	354	1
495	207	1
495	226	2
495	232	1
495	230	1
495	41	1
495	90	1
495	788	1
496	201	1
496	143	1
496	262	1
496	99	1
496	330	1
496	834	1
496	584	1
497	30	1
497	5	1
497	348	1
497	58	1
497	459	1
497	671	1
497	98	1
497	521	1
497	394	1
497	783	2
497	835	1
498	160	1
498	391	1
498	148	1
498	368	1
498	539	1
498	354	1
498	195	1
498	71	1
498	468	1
498	311	1
498	643	1
498	37	1
498	182	1
498	436	1
498	5	1
498	331	1
498	751	1
498	384	1
498	547	1
498	59	1
499	31	1
499	198	1
499	375	1
499	34	1
499	557	1
499	211	1
499	206	1
49	81	1
49	17	1
49	7	1
49	275	1
49	625	1
49	230	1
49	569	1
49	135	1
49	396	1
49	283	1
49	354	1
4	6	1
4	112	1
4	95	1
4	139	1
4	243	1
4	230	1
4	181	1
4	77	1
4	462	1
4	281	1
4	242	1
4	240	1
4	600	1
4	194	1
4	656	1
4	584	1
4	577	1
4	732	1
4	738	1
4	735	1
4	593	1
4	368	1
4	807	1
4	803	1
4	818	1
4	64	1
4	740	1
4	164	1
4	396	1
4	563	1
4	832	1
4	54	1
4	814	1
4	133	1
4	109	1
4	319	1
4	630	1
4	816	1
4	63	1
500	31	1
500	511	1
500	114	1
500	71	1
500	207	1
500	47	1
500	346	1
500	30	1
500	276	1
500	396	1
500	108	1
500	741	1
500	264	1
500	740	1
501	160	1
501	269	1
501	283	1
501	423	1
501	514	1
501	97	1
501	275	1
501	5	1
501	698	1
501	63	1
501	341	1
502	67	1
502	57	1
502	751	1
502	390	1
502	531	1
502	783	1
502	861	1
503	34	1
503	590	1
503	177	1
503	270	2
503	385	1
503	167	1
503	777	1
503	251	1
503	101	2
503	457	1
503	23	1
503	56	1
503	729	1
503	114	1
503	809	1
504	23	1
504	131	1
504	470	1
504	619	1
504	382	1
504	57	1
504	177	1
504	31	1
504	317	1
504	708	1
504	227	1
504	393	1
504	693	1
504	186	1
504	218	1
504	257	1
505	591	1
505	295	1
505	47	1
505	464	1
505	43	1
505	280	1
505	662	1
505	24	1
505	41	1
505	329	1
505	654	1
505	352	1
505	498	1
505	212	1
506	507	1
506	433	1
506	116	1
506	239	1
506	489	1
506	723	1
506	62	1
507	276	1
507	378	1
507	307	1
507	523	1
507	464	1
507	212	1
507	24	1
507	27	1
507	112	1
507	267	1
507	113	1
507	5	1
507	327	1
507	44	1
508	592	1
508	226	1
508	727	1
508	410	1
508	19	1
508	364	1
508	741	1
508	689	1
509	328	1
509	429	1
509	240	1
509	593	1
509	189	1
509	281	1
509	58	1
509	606	1
509	85	1
50	82	1
50	84	1
50	71	1
50	34	1
50	125	1
50	449	1
50	822	1
50	45	1
50	703	1
510	199	1
510	331	1
510	647	1
510	67	1
510	63	1
510	354	1
510	801	1
510	239	1
511	41	1
511	42	1
511	31	1
511	201	1
511	53	1
511	369	1
511	651	1
511	368	1
511	328	1
511	801	1
511	649	1
512	61	1
512	56	1
512	50	1
512	776	1
512	508	1
512	120	1
512	827	1
512	849	1
513	445	1
513	596	1
513	549	1
513	160	1
513	482	1
513	504	1
513	111	1
513	517	1
513	31	1
513	275	1
514	181	1
514	275	1
514	206	1
514	57	1
514	43	1
514	30	1
514	439	1
514	513	1
514	67	1
514	542	1
514	374	1
514	305	1
514	386	1
515	598	1
515	151	1
515	527	1
515	514	1
515	38	1
515	530	1
515	98	1
515	427	1
515	719	1
515	321	1
515	660	1
515	432	1
515	143	1
516	599	1
516	391	1
516	195	1
516	26	1
516	284	1
516	609	1
516	180	1
516	196	1
516	302	1
516	128	1
516	36	1
516	691	1
516	127	1
516	273	1
516	233	1
516	275	1
516	417	1
516	29	1
517	503	1
517	2	1
517	264	1
517	282	1
517	56	1
517	28	1
517	283	1
517	270	1
517	620	1
517	263	1
518	370	1
518	390	1
518	211	1
518	58	1
518	280	1
518	387	1
518	245	1
519	603	1
519	480	1
519	6	1
519	143	1
519	118	1
519	754	1
519	798	1
519	797	1
51	83	1
51	181	1
51	482	1
51	327	1
51	640	1
51	168	1
51	551	1
520	161	1
520	607	1
520	579	1
520	206	1
520	778	1
520	22	1
520	860	1
521	424	1
521	489	1
521	31	1
521	326	1
521	179	1
521	838	1
522	125	1
522	610	1
522	611	1
522	612	1
522	419	1
522	317	1
522	35	1
522	481	1
522	698	1
522	708	1
522	646	1
522	6	1
522	425	1
522	58	1
522	201	1
522	196	1
522	51	1
522	420	1
522	132	1
522	295	1
522	41	1
522	206	1
522	355	1
522	301	1
522	244	1
522	766	1
522	391	1
522	650	1
522	785	1
522	703	1
522	95	1
522	756	1
522	762	1
522	758	1
522	822	1
522	266	1
522	413	1
522	82	1
522	531	1
522	709	1
522	53	1
522	342	1
522	449	1
523	244	1
523	88	1
523	645	1
523	271	1
523	192	1
523	435	1
523	409	1
524	617	1
524	481	1
524	248	1
524	239	1
524	152	1
524	372	1
524	121	1
524	250	1
524	771	1
525	435	1
525	185	1
525	618	1
525	6	1
525	316	1
525	515	1
525	359	1
525	67	1
525	547	1
525	285	1
525	240	1
525	514	1
525	695	1
525	235	1
525	471	1
525	486	1
525	58	1
525	260	1
525	81	1
525	96	1
525	446	1
525	147	1
525	149	1
525	98	1
525	47	1
525	88	1
525	0	1
525	251	1
525	217	1
525	114	1
525	535	1
525	266	1
525	31	1
525	264	1
525	423	1
525	203	1
525	394	1
525	56	1
525	806	1
525	57	1
525	348	1
525	362	1
525	432	1
525	576	1
525	296	1
525	457	1
525	50	1
525	681	1
525	798	1
525	175	1
525	41	1
525	723	1
525	444	1
525	306	1
526	31	1
526	221	1
526	432	1
526	840	2
526	805	1
526	378	1
526	848	1
526	138	1
526	266	1
526	72	1
527	619	1
527	385	1
527	217	1
527	575	1
527	81	1
527	352	1
527	279	1
528	58	1
528	619	1
528	139	1
528	603	1
528	293	1
528	520	1
528	275	1
528	582	1
528	29	1
528	112	1
528	63	1
528	735	1
528	782	1
528	317	1
528	763	1
528	589	1
528	443	1
528	76	1
528	6	1
528	723	1
528	494	1
528	238	1
528	414	1
528	802	1
528	122	1
528	384	1
528	813	1
528	788	1
528	247	1
528	210	1
528	840	1
528	130	1
528	341	1
528	246	1
528	781	1
528	324	1
528	84	1
528	386	1
529	317	1
529	201	1
529	43	1
529	97	1
529	177	1
529	36	1
529	275	1
529	358	1
529	153	1
529	502	1
529	616	1
529	457	1
529	93	1
52	85	1
52	114	2
52	264	1
52	2	1
52	297	2
52	119	1
52	455	1
52	325	1
52	5	1
52	300	1
52	20	2
52	582	1
52	157	1
52	365	1
52	186	1
52	369	1
52	89	1
52	23	1
52	113	1
52	67	1
52	520	1
52	312	1
52	63	1
52	308	1
52	184	2
52	117	1
52	131	1
52	360	1
52	53	1
52	268	1
52	43	1
52	354	1
52	58	1
52	386	1
52	468	1
52	177	1
52	179	2
52	78	1
52	338	2
52	115	1
52	368	1
52	159	2
52	102	1
52	29	1
52	844	1
52	110	1
52	462	1
52	15	1
530	417	1
530	249	1
530	690	1
530	26	1
530	276	2
530	31	1
530	114	1
530	626	1
530	219	1
530	9	1
530	793	1
530	283	1
530	815	1
530	10	1
530	848	2
530	99	1
531	622	1
531	292	1
531	446	1
531	541	1
531	258	1
531	715	1
532	32	1
532	490	1
532	108	1
532	122	1
532	471	1
532	162	1
532	580	1
533	371	2
533	7	1
533	207	1
533	385	2
533	677	1
533	483	1
533	206	1
533	651	1
533	281	1
533	50	1
533	179	1
533	545	2
533	328	1
533	41	2
533	826	1
533	152	1
533	43	1
533	105	1
533	349	1
533	336	1
533	479	1
533	417	1
533	351	1
533	33	1
534	287	1
534	68	1
534	25	1
534	253	1
534	38	1
534	2	2
534	431	1
534	131	1
534	350	1
535	116	1
535	239	1
535	450	1
535	753	1
535	648	1
535	136	1
535	780	1
535	296	1
535	17	1
535	491	1
535	380	1
535	488	2
535	212	1
535	752	1
535	853	1
535	191	2
536	239	1
536	520	1
536	32	1
536	547	1
536	266	1
536	671	1
537	138	1
537	135	1
537	734	1
537	153	1
537	13	1
537	463	1
537	214	1
537	215	1
537	203	1
537	305	1
537	129	1
538	23	2
538	404	1
538	332	1
538	210	1
538	135	1
538	305	1
538	160	1
539	120	1
539	108	1
539	7	1
539	113	1
539	186	1
539	1	1
539	503	1
539	278	1
539	418	1
53	86	1
53	148	1
53	243	1
53	264	1
53	239	1
53	480	1
53	460	1
53	661	1
53	827	2
540	513	1
540	126	1
540	340	1
540	106	1
540	79	1
540	313	1
540	266	1
540	719	1
541	10	1
541	623	1
541	410	1
541	502	1
541	282	1
541	597	2
542	191	1
542	189	1
542	743	1
542	114	1
542	53	1
542	455	1
542	597	2
542	388	1
542	275	1
542	747	1
542	177	1
542	670	1
542	5	1
542	736	1
543	598	1
543	176	1
543	554	1
543	625	1
543	303	1
543	680	1
543	32	1
543	489	1
543	98	1
543	288	1
543	781	1
544	226	1
544	249	1
544	376	1
544	517	1
544	374	1
544	723	1
544	119	1
544	736	1
544	110	1
544	217	1
544	256	1
545	423	1
545	378	1
545	41	1
545	650	1
545	177	1
545	435	1
545	84	1
545	783	1
545	647	1
545	797	1
546	67	1
546	306	1
546	104	1
546	389	2
546	457	1
546	727	1
547	611	1
547	741	1
547	261	1
547	38	1
547	400	1
547	350	1
547	187	1
548	266	1
548	146	1
548	683	1
548	97	1
548	64	1
548	497	1
548	216	1
548	622	1
548	735	1
548	341	1
548	417	1
548	337	1
548	137	1
548	200	1
548	189	1
548	282	1
548	112	1
549	601	1
549	457	1
549	638	1
549	73	1
549	374	1
549	619	1
549	406	1
54	87	1
54	293	1
54	363	1
54	205	1
54	549	1
54	114	1
54	77	1
54	449	1
54	418	1
54	119	1
54	530	1
54	342	1
54	69	1
54	575	1
54	372	1
54	5	1
54	230	1
54	141	1
54	649	1
54	184	1
54	790	1
54	30	1
54	17	1
550	635	1
550	205	1
550	135	1
550	327	1
550	449	1
550	786	1
550	373	1
550	190	1
550	779	1
550	329	1
550	344	1
550	810	1
550	722	1
550	814	1
550	620	1
550	460	1
550	836	1
550	827	1
550	709	1
550	497	1
550	850	1
551	36	1
551	426	1
551	698	1
551	268	1
551	129	1
551	275	1
552	341	1
552	400	1
552	57	1
552	179	1
552	701	1
552	43	1
552	241	1
552	191	1
552	799	1
552	56	1
552	98	1
552	220	1
552	28	1
552	265	1
552	59	1
552	97	1
552	70	1
552	431	1
552	831	1
552	618	1
553	629	1
553	556	1
553	665	1
553	237	2
553	501	1
553	143	1
553	372	1
553	113	1
553	528	1
554	267	1
554	329	1
554	278	1
554	429	1
554	373	1
554	469	1
555	372	1
555	449	1
555	276	1
555	652	1
555	273	1
555	723	1
555	741	1
556	108	1
556	72	1
556	196	1
556	41	1
556	26	1
556	123	1
557	309	1
557	404	1
557	84	1
557	251	1
557	134	1
557	135	1
557	131	1
558	399	1
558	307	1
558	314	1
558	784	1
558	315	1
558	23	1
558	510	1
558	634	1
558	296	1
558	800	1
558	312	1
558	783	1
558	278	1
558	835	1
558	838	1
558	521	1
558	544	1
559	350	1
559	459	1
559	285	1
559	5	2
559	444	1
559	731	1
559	773	1
559	386	1
559	137	1
559	441	1
559	827	1
55	88	1
55	159	1
55	152	1
55	273	1
55	319	1
55	393	1
55	438	1
55	191	1
55	214	1
55	426	1
55	519	1
55	164	1
55	449	1
55	257	1
55	310	1
55	475	1
55	503	1
55	15	1
55	99	1
55	245	1
55	520	1
55	193	1
560	49	1
560	60	1
560	735	1
560	435	1
560	509	1
560	607	1
560	558	1
561	348	1
561	71	1
561	354	1
561	10	1
561	160	1
561	835	1
561	848	1
562	57	1
562	89	1
562	112	1
562	94	1
562	12	1
562	31	1
562	58	1
562	613	1
562	198	1
562	670	1
562	412	1
562	732	1
562	102	1
563	17	1
563	108	1
563	230	1
563	645	2
563	86	1
563	122	1
563	599	1
563	631	1
563	382	1
563	449	1
563	284	1
563	508	1
563	392	1
563	30	1
563	28	1
563	703	1
563	103	1
563	797	1
563	74	1
563	790	1
563	299	1
563	443	1
563	681	1
563	533	2
563	803	2
564	188	1
564	254	1
564	20	1
564	563	1
564	313	1
564	598	1
564	521	1
564	57	1
564	206	1
565	510	1
565	534	1
565	454	1
565	237	1
565	331	1
565	365	1
565	60	1
565	592	1
565	242	1
565	363	1
566	513	1
566	30	1
566	654	1
566	221	1
566	586	1
566	464	1
567	651	1
567	85	1
567	427	1
567	322	1
567	635	1
567	123	1
567	69	1
567	152	1
567	277	1
567	609	1
567	522	1
567	113	1
567	207	1
568	379	1
568	296	1
568	303	1
568	638	1
568	676	1
568	226	1
568	768	1
568	5	1
568	275	1
568	204	1
569	446	1
569	43	1
569	324	1
569	798	1
569	359	1
569	684	1
56	89	1
56	107	1
56	110	1
56	21	1
56	64	1
56	71	1
56	322	1
56	58	1
56	789	1
56	784	1
570	598	1
570	630	1
570	130	1
570	498	1
570	41	1
570	188	1
571	143	1
571	268	1
571	67	1
571	43	1
571	60	1
571	410	1
571	354	1
571	54	1
571	342	1
572	284	1
572	415	1
572	87	1
572	50	1
572	651	2
572	41	1
572	213	1
572	173	1
572	24	1
573	335	1
573	179	1
573	21	1
573	184	1
573	525	2
573	533	1
573	389	1
573	318	1
573	514	1
574	143	1
574	501	1
574	260	1
574	114	1
574	189	1
574	352	1
574	440	1
574	684	1
574	686	1
574	596	1
574	688	1
574	498	1
574	654	1
575	29	1
575	211	1
575	25	1
575	593	1
575	59	1
575	797	1
575	494	1
575	795	1
575	699	1
575	700	1
575	647	1
575	51	1
575	350	1
575	31	1
575	28	1
575	334	1
575	5	1
575	84	1
576	458	1
576	41	1
576	309	1
576	108	1
576	336	1
576	206	1
576	76	1
576	58	1
577	261	1
577	635	1
577	426	1
577	520	1
577	579	1
577	545	1
578	650	1
578	382	1
578	135	1
578	32	1
578	58	1
578	79	1
578	160	1
578	801	1
578	307	1
579	27	1
579	370	1
579	110	1
579	236	1
579	210	1
579	456	1
579	5	1
579	131	1
579	363	1
579	185	1
579	757	1
579	41	1
579	379	1
579	479	1
57	90	1
57	328	1
57	237	1
57	538	1
57	537	1
57	449	1
57	201	2
57	130	1
57	417	1
57	85	1
57	244	1
57	380	1
57	213	1
57	44	1
57	6	1
57	651	1
57	7	1
57	522	1
57	760	1
57	479	1
57	278	1
57	639	1
57	69	1
57	592	1
57	397	1
57	852	1
57	29	1
57	63	1
580	528	1
580	136	1
580	645	1
580	59	1
580	549	1
580	822	1
580	6	1
580	640	1
580	489	1
580	49	1
580	103	1
580	781	1
580	275	1
580	843	1
581	206	1
581	43	1
581	469	2
581	131	1
581	245	1
581	255	1
581	572	1
581	84	1
581	114	1
581	580	1
581	87	1
581	124	1
581	520	1
581	393	1
581	367	1
581	459	1
581	447	1
581	620	1
582	665	1
582	88	1
582	51	1
582	75	1
582	194	1
582	585	1
582	235	1
582	328	1
582	47	1
582	245	1
582	45	1
582	76	1
582	491	1
582	329	1
582	7	1
582	109	1
582	29	1
582	398	1
582	430	1
583	108	1
583	269	1
583	111	1
583	582	1
583	559	1
583	372	1
583	549	1
583	384	1
583	142	1
583	230	1
583	28	1
583	392	1
583	94	1
584	135	1
584	266	2
584	287	1
584	178	1
584	25	1
584	783	1
585	141	1
585	36	1
585	65	1
585	279	1
585	264	1
585	379	1
585	617	1
585	552	1
585	6	1
586	30	1
586	848	2
586	371	1
586	493	1
586	60	1
586	276	1
586	703	1
586	5	1
587	233	1
587	348	1
587	363	1
587	561	1
587	20	1
587	766	1
587	30	1
587	741	1
587	122	1
587	781	1
587	441	1
588	581	2
588	702	1
588	452	1
588	221	1
588	463	1
588	56	1
589	477	1
589	49	1
589	237	1
589	769	2
589	420	1
589	848	1
589	275	1
589	489	1
589	320	1
58	96	1
58	36	1
58	97	1
58	38	1
58	28	1
58	50	1
590	450	1
590	567	1
590	517	1
590	105	1
590	678	1
590	179	1
591	141	1
591	59	1
591	21	1
591	390	2
591	67	1
591	41	1
591	521	1
592	134	1
592	173	1
592	189	1
592	28	1
592	7	1
592	36	1
592	317	1
592	372	1
592	834	1
592	827	1
592	522	1
592	236	1
592	176	1
593	6	1
593	131	1
593	57	1
593	264	1
593	71	1
593	237	1
593	369	1
593	442	1
593	336	1
593	60	1
594	39	1
594	651	1
594	275	1
594	20	1
594	347	1
594	809	1
594	7	1
594	781	1
594	827	1
594	128	1
594	244	1
595	436	1
595	570	1
595	177	1
595	410	1
595	594	1
595	57	1
595	20	1
595	773	1
595	441	1
595	777	1
595	31	1
595	67	1
595	445	1
595	43	1
595	743	1
595	211	1
595	805	1
595	5	1
595	781	1
595	2	1
595	623	1
595	41	1
595	789	1
595	35	1
595	655	1
595	275	1
595	100	1
596	56	1
596	611	1
596	341	2
596	275	1
596	348	1
596	864	1
597	681	1
597	177	1
597	59	1
597	619	1
597	700	1
597	667	1
597	251	1
597	626	1
597	486	1
597	273	1
597	795	1
597	435	1
597	84	1
597	391	1
597	797	1
597	791	1
597	205	1
597	341	1
598	504	1
598	271	1
598	130	1
598	692	1
598	209	1
598	411	1
599	683	1
599	114	1
599	578	1
599	44	1
599	682	1
599	657	1
599	408	1
59	102	1
59	92	1
59	403	1
59	428	1
59	779	1
59	232	1
59	160	1
5	7	1
5	263	1
5	121	1
5	169	1
5	34	1
5	254	1
5	41	1
5	163	1
5	738	1
5	207	1
5	279	1
5	475	1
5	456	1
5	457	1
5	812	1
5	380	1
5	385	1
5	804	1
5	81	1
5	726	1
5	695	1
5	189	1
5	466	1
5	780	1
5	725	1
5	107	1
5	173	1
5	852	1
5	747	1
600	406	1
600	514	1
600	599	1
600	86	1
600	422	1
600	41	1
600	548	1
600	160	1
600	337	1
600	582	1
601	425	1
601	699	1
601	59	1
601	20	1
601	6	1
601	520	1
601	465	1
601	120	1
601	114	1
601	581	1
601	318	1
601	275	1
601	766	1
601	272	1
602	130	1
602	275	1
602	34	1
602	79	1
602	136	1
602	378	1
602	363	1
603	503	1
603	651	1
603	86	1
603	233	1
603	467	1
603	336	1
604	58	1
604	23	1
604	43	1
604	160	1
604	71	1
604	20	1
604	120	1
604	183	1
604	31	1
604	2	1
605	124	1
605	34	1
605	35	1
605	582	1
605	606	1
605	175	1
605	211	1
606	692	1
606	275	1
606	621	1
606	129	1
606	112	1
606	64	1
606	239	1
606	489	1
606	327	1
607	113	1
607	138	1
607	56	1
607	237	1
607	455	1
607	265	1
607	174	1
607	696	1
607	93	1
607	231	1
607	706	1
607	598	1
607	175	1
607	10	2
607	486	1
607	386	1
607	129	1
607	309	1
607	219	1
607	226	1
607	526	1
607	44	1
607	456	1
607	79	1
607	177	1
607	137	1
607	637	1
607	321	1
607	500	1
607	539	1
607	337	1
607	58	1
607	579	1
607	151	1
607	464	1
607	30	1
607	725	1
607	778	1
607	607	1
608	307	1
608	30	1
608	184	1
608	143	1
608	141	1
608	2	1
609	575	1
609	445	1
609	365	1
609	696	1
609	162	1
609	102	1
60	103	1
60	359	2
60	176	1
60	124	1
60	509	1
60	160	1
60	418	1
60	394	1
60	443	1
60	59	2
60	283	1
60	693	1
60	612	2
60	243	1
60	61	1
60	270	1
60	327	2
60	609	1
60	739	1
60	180	1
60	50	1
60	528	1
60	385	1
60	198	2
60	798	2
60	56	1
60	57	1
60	559	1
60	482	1
60	575	1
60	235	1
60	230	1
60	611	1
60	77	1
60	783	2
60	803	1
60	781	1
60	89	1
60	28	1
60	567	1
60	371	1
60	153	1
60	158	1
60	150	1
60	541	1
60	429	1
60	39	1
60	137	1
60	582	1
610	232	1
610	234	1
610	703	1
610	711	1
610	264	1
610	141	1
610	373	1
610	169	1
610	275	1
611	688	1
611	354	1
611	61	1
611	542	1
611	389	1
611	218	1
611	421	1
611	345	1
611	678	1
612	142	1
612	185	1
612	400	1
612	33	1
612	283	1
612	545	1
612	337	1
612	467	1
612	288	1
612	128	1
613	35	1
613	364	1
613	661	1
613	275	1
613	229	1
613	609	1
614	198	1
614	6	1
614	417	1
614	191	1
614	230	1
614	86	1
614	509	2
614	51	1
614	319	1
614	342	1
614	513	1
614	754	1
614	681	1
614	1	2
614	699	1
614	797	1
614	393	1
614	264	1
614	195	2
614	843	1
614	382	1
614	489	1
614	745	1
614	284	1
614	851	1
615	700	1
615	223	1
615	322	1
615	556	1
615	678	1
615	881	2
615	741	1
615	844	1
615	82	1
615	79	1
615	637	1
615	56	1
615	842	1
615	13	1
615	822	1
615	695	1
616	142	1
616	154	1
616	620	1
616	6	1
616	370	1
616	485	1
616	560	1
616	11	1
616	735	1
616	812	1
617	514	1
617	166	1
617	179	1
617	47	1
617	729	1
617	56	2
617	410	1
617	700	2
617	732	1
617	204	1
617	794	1
617	530	1
617	44	1
617	335	1
617	805	1
617	607	1
617	278	1
617	589	1
617	98	1
617	667	1
617	780	1
617	385	2
617	81	1
617	203	1
617	358	1
617	548	1
618	402	1
618	637	1
618	543	1
618	270	1
618	742	1
618	694	1
618	143	1
619	131	1
619	559	1
619	703	1
619	257	1
619	341	1
619	308	1
619	708	1
61	20	1
61	105	1
61	5	1
61	634	1
61	655	1
61	532	1
61	282	1
61	264	1
61	488	1
61	116	1
61	389	1
620	243	1
620	703	1
620	29	1
620	780	1
620	850	1
620	629	1
620	620	1
620	581	1
620	275	1
620	208	1
620	837	1
620	367	1
620	631	1
620	884	1
621	87	1
621	264	1
621	128	1
621	599	1
621	20	1
621	703	1
621	33	1
621	544	1
621	236	1
621	85	2
621	36	1
621	696	1
622	476	1
622	585	1
622	625	1
622	288	1
622	303	1
622	680	1
622	206	1
622	2	1
623	287	1
623	537	1
623	417	1
623	710	1
623	141	1
623	107	1
623	484	1
623	177	1
623	509	1
623	383	1
623	40	2
623	145	1
623	23	1
623	288	1
624	242	1
624	736	1
624	287	1
624	442	2
624	143	1
624	269	1
624	771	1
624	777	1
624	234	1
624	833	1
624	784	1
624	0	1
624	102	1
625	59	1
625	212	1
625	143	1
625	41	2
625	426	1
625	108	1
625	141	1
625	174	1
625	90	1
626	713	2
626	229	1
626	847	1
626	835	1
626	310	1
626	783	1
626	866	1
627	347	1
627	20	1
627	59	1
627	350	1
627	439	1
627	827	1
627	867	1
627	489	1
627	859	1
628	645	1
628	383	1
628	47	1
628	205	1
628	108	1
628	40	1
628	123	1
628	322	1
628	141	1
629	602	1
629	411	1
629	394	1
629	171	1
629	543	1
629	485	1
629	199	1
62	104	1
62	136	1
62	39	1
62	409	1
62	463	1
62	331	1
630	108	1
630	504	1
630	47	1
630	758	1
630	206	1
630	454	1
630	513	1
630	608	1
630	73	1
630	69	1
630	197	1
630	216	1
630	130	1
630	465	1
630	366	1
630	445	1
630	341	1
631	285	1
631	39	1
631	256	1
631	160	1
631	576	1
631	793	2
631	780	2
631	612	1
631	808	1
631	202	1
631	239	1
631	796	1
631	249	1
632	434	1
632	134	1
632	587	1
632	597	1
632	86	1
632	641	1
632	758	1
632	256	1
632	700	1
632	852	1
632	160	1
633	327	1
633	113	3
633	544	5
633	2	3
633	184	1
633	131	3
633	135	1
633	31	2
633	157	1
634	542	1
634	357	1
634	32	1
634	317	1
634	206	1
634	239	1
634	140	1
635	177	2
635	43	1
635	206	1
635	23	2
635	180	2
635	76	1
635	310	1
635	74	1
635	153	1
635	28	2
635	211	1
635	775	1
635	311	2
635	179	1
635	743	1
636	6	2
636	451	1
636	436	1
636	628	1
636	724	1
636	1	1
636	145	1
636	563	1
636	394	1
636	717	1
636	20	1
637	514	1
637	555	1
637	211	1
637	580	1
637	275	1
637	376	1
637	690	1
637	135	1
637	111	1
637	358	1
637	763	1
637	637	1
637	678	1
637	219	1
637	727	1
637	150	1
637	299	1
637	313	1
637	778	1
637	23	1
637	418	1
637	638	1
637	19	1
637	264	1
637	405	1
637	324	1
637	246	1
637	206	1
637	43	1
637	490	1
637	21	1
637	533	1
637	2	1
637	354	1
637	510	1
638	80	1
638	194	1
638	740	1
638	289	1
638	131	1
638	364	1
638	5	1
638	264	1
638	698	2
638	130	1
638	41	1
638	399	1
638	848	1
638	18	1
638	422	1
638	568	1
638	212	1
638	57	1
638	671	1
638	435	1
638	332	1
638	284	1
638	84	1
638	741	1
638	446	1
638	32	1
639	41	1
639	179	1
639	32	1
639	56	1
639	598	1
639	143	1
63	109	1
63	284	1
63	460	1
63	321	1
63	58	1
63	651	1
63	703	1
63	708	1
63	264	1
63	503	1
63	105	1
63	172	1
63	257	1
63	636	1
640	179	1
640	538	1
640	153	1
640	145	1
640	516	1
640	389	1
641	29	1
641	92	1
641	575	1
641	2	1
641	670	1
641	791	1
641	12	1
641	123	1
641	417	1
642	221	1
642	403	1
642	352	1
642	44	1
642	105	1
642	448	1
642	439	1
642	695	1
643	632	1
643	197	1
643	428	1
643	148	1
643	221	1
643	282	1
643	30	1
644	632	1
644	436	1
644	630	1
644	646	1
644	305	1
644	19	2
644	234	1
644	298	1
644	540	1
644	163	1
644	504	1
644	158	1
644	179	1
644	521	1
644	184	1
644	341	1
644	655	1
644	278	1
644	103	1
644	400	1
644	23	1
644	442	2
644	443	1
645	427	1
645	416	1
645	206	1
645	26	1
645	79	1
645	686	1
646	641	1
646	193	1
646	178	1
646	236	1
646	131	1
646	45	1
646	464	1
646	160	1
646	530	1
646	341	1
646	47	1
647	587	1
647	681	1
647	365	1
647	782	1
647	683	1
647	756	1
647	544	1
647	308	1
647	4	1
647	709	2
647	227	1
648	120	1
648	766	1
648	781	1
648	137	1
648	237	2
648	206	1
648	349	1
648	20	1
648	204	1
648	482	1
649	346	1
649	24	1
649	385	1
649	812	1
649	26	1
649	257	1
649	20	1
649	339	1
649	791	1
649	90	1
649	307	1
649	136	1
649	168	1
649	334	1
649	7	1
649	31	1
649	81	1
649	492	1
649	789	2
649	94	1
649	144	1
649	133	1
649	833	1
649	810	1
64	78	1
64	17	1
64	625	1
64	275	1
64	712	1
64	664	1
64	67	1
64	766	1
64	229	1
64	35	1
64	793	1
64	805	1
64	827	1
64	305	1
64	7	1
64	849	1
64	84	1
650	171	1
650	56	1
650	223	1
650	543	1
650	11	1
650	275	1
650	486	1
650	485	1
650	88	1
650	30	1
650	449	1
650	439	1
650	850	1
650	120	1
650	346	1
650	858	1
650	536	1
650	199	1
650	871	1
650	297	1
651	712	1
651	551	1
651	264	1
651	261	1
651	216	2
651	117	1
651	108	1
651	335	1
651	827	2
651	2	1
651	128	1
651	350	1
651	866	1
651	281	1
651	449	1
652	725	1
652	708	1
652	293	1
652	269	1
652	246	1
652	184	1
652	115	1
653	166	1
653	810	1
653	742	1
653	840	1
653	372	1
653	842	1
653	845	1
653	860	1
654	649	1
654	48	1
654	703	1
654	674	1
654	85	1
654	158	1
654	75	1
654	325	1
654	276	1
655	228	1
655	282	1
655	711	1
655	294	1
655	305	1
655	96	1
655	295	1
655	214	1
655	798	1
655	526	1
655	4	1
655	738	1
656	180	1
656	433	1
656	31	1
656	131	1
656	329	1
656	807	1
657	128	1
657	0	1
657	801	1
657	327	1
657	819	1
657	36	1
657	80	1
657	246	1
657	317	1
658	275	1
658	276	1
658	682	1
658	313	1
658	301	1
658	524	1
658	401	2
658	274	1
658	717	1
658	264	1
658	65	1
659	366	1
659	36	1
659	670	1
659	179	1
659	2	1
659	709	1
659	643	1
65	32	1
65	128	2
65	129	1
65	364	1
65	53	1
65	580	1
65	452	2
65	10	1
65	499	1
65	726	1
65	786	1
65	778	1
65	122	1
660	30	1
660	179	1
660	32	1
660	131	1
660	84	1
660	23	1
661	177	2
661	609	1
661	130	1
661	138	1
661	584	1
661	382	1
661	325	1
661	787	1
661	283	1
661	127	1
661	43	1
661	254	1
661	106	1
661	606	1
662	28	1
662	157	1
662	20	1
662	81	1
662	201	1
662	272	1
662	285	1
663	31	1
663	98	1
663	710	2
663	542	1
663	544	1
663	239	1
664	677	1
664	303	1
664	337	1
664	673	1
664	761	1
664	486	1
665	99	2
665	563	1
665	122	1
665	508	1
665	111	1
665	104	1
666	364	1
666	275	1
666	555	1
666	692	1
666	786	1
666	10	1
666	171	1
666	334	1
667	56	1
667	563	1
667	80	1
667	806	1
667	835	1
667	259	1
667	783	1
667	142	1
668	370	1
668	719	1
668	596	1
668	577	1
668	712	1
668	680	1
668	242	1
668	591	1
669	426	1
669	223	1
669	850	1
669	293	1
669	830	1
669	47	1
66	9	1
66	205	1
66	368	1
66	278	1
66	78	1
66	394	1
66	39	1
66	131	1
66	329	1
66	230	1
670	141	1
670	108	1
670	251	1
670	59	1
670	754	1
670	230	1
670	593	1
670	647	1
670	494	1
670	57	1
671	706	1
671	463	1
671	321	1
671	557	1
671	146	1
671	724	1
671	179	1
671	127	1
671	140	1
672	657	2
672	246	1
672	160	1
672	314	1
672	48	1
672	312	1
673	2	1
673	513	1
673	439	1
673	58	1
673	305	1
673	25	1
673	0	1
673	678	1
673	335	1
673	238	1
673	528	1
673	102	1
673	84	1
673	696	1
673	131	1
673	27	1
673	98	1
673	491	1
673	177	1
673	544	1
673	285	1
673	20	1
673	616	1
673	346	1
673	275	1
674	401	1
674	288	1
674	161	1
674	190	1
674	713	1
674	839	1
675	44	1
675	23	1
675	56	1
675	157	1
675	25	1
675	274	1
675	738	1
675	839	1
676	357	1
676	397	1
676	648	1
676	323	1
676	431	1
676	109	1
677	179	1
677	43	1
677	264	1
677	282	1
677	232	1
677	79	1
677	270	1
677	456	1
677	364	1
678	598	1
678	351	1
678	41	1
678	464	1
678	179	1
678	64	1
678	272	1
679	300	1
679	237	1
679	31	1
679	182	1
679	275	1
679	2	1
679	504	1
679	38	1
679	264	1
679	67	1
67	111	2
67	106	1
67	139	1
67	141	1
67	29	2
67	480	1
67	359	1
67	408	1
67	251	1
67	681	1
67	7	1
67	603	1
67	803	1
67	59	1
67	663	2
67	675	1
680	357	1
680	160	1
680	417	1
680	741	1
680	421	1
680	386	1
680	23	1
680	378	1
680	2	1
680	625	1
680	31	1
680	837	2
680	275	1
681	189	1
681	477	1
681	369	1
681	276	1
681	636	1
681	225	1
681	9	1
681	100	1
681	32	1
681	458	1
681	357	1
682	50	2
682	229	2
682	114	1
682	30	3
682	29	1
682	190	1
683	5	1
683	349	1
683	117	1
683	726	1
683	201	1
683	735	1
683	95	1
683	53	1
683	120	1
683	143	1
683	6	1
683	391	1
683	436	1
683	227	1
684	31	1
684	378	2
684	334	1
684	118	1
684	179	1
684	337	1
684	699	1
684	131	1
684	204	1
684	114	1
684	728	1
684	670	1
684	41	1
684	316	1
684	267	1
684	345	1
684	403	1
684	57	1
684	20	1
684	495	1
684	145	1
684	284	1
684	265	1
684	43	1
685	420	1
685	589	1
685	735	1
685	32	1
685	62	1
685	341	1
685	408	1
685	710	1
685	810	1
685	837	1
685	182	1
686	466	1
686	311	1
686	98	1
686	181	1
686	57	1
686	771	1
686	821	1
686	818	1
686	575	1
686	854	1
687	300	1
687	341	1
687	85	1
687	131	1
687	285	1
687	5	1
687	23	1
688	6	2
688	317	1
688	330	1
688	597	1
688	579	1
688	696	1
688	177	1
688	511	1
688	804	1
688	84	1
688	803	1
688	176	1
689	41	1
689	456	1
689	740	1
689	240	1
689	30	1
689	644	2
689	108	1
689	840	1
68	113	1
68	5	1
68	119	1
68	120	1
68	20	1
68	121	1
68	88	2
68	114	1
68	48	1
68	149	2
68	53	2
68	235	1
68	153	1
68	246	1
68	57	1
68	420	1
68	445	1
68	39	1
68	206	1
68	436	1
68	179	2
68	575	1
68	268	1
68	309	1
68	58	1
68	245	1
68	84	1
68	331	1
68	619	1
68	696	2
68	537	1
68	338	1
68	461	1
68	466	2
68	753	1
68	71	1
68	44	1
68	30	1
68	721	1
68	633	1
68	220	1
68	157	1
68	227	1
68	180	1
68	442	1
68	688	1
68	256	1
68	301	2
68	43	1
68	804	1
68	788	1
68	85	1
68	275	1
68	799	1
68	538	1
68	41	1
68	407	1
690	108	1
690	141	1
690	256	1
690	23	1
690	797	1
690	391	1
690	95	1
690	841	1
690	28	1
690	781	1
690	652	1
690	254	1
690	283	1
690	289	1
690	530	1
691	421	1
691	114	1
691	489	1
691	700	1
691	715	1
691	240	1
691	141	1
691	371	1
691	359	2
691	354	1
691	561	1
692	24	1
692	512	1
692	416	1
692	206	2
692	747	1
692	234	1
693	206	1
693	58	1
693	242	1
693	372	1
693	737	1
693	365	1
693	749	1
693	395	1
693	34	1
693	6	1
694	0	1
694	326	1
694	38	1
694	530	1
694	432	1
694	177	1
694	406	1
695	342	1
695	653	1
695	603	1
695	697	1
695	110	1
695	43	1
695	412	1
695	48	1
695	511	1
696	264	1
696	221	1
696	698	1
696	412	1
696	422	1
696	283	1
696	347	1
696	386	1
696	130	1
697	58	1
697	71	1
697	82	1
697	57	1
697	41	1
697	60	1
697	735	1
697	683	1
697	125	1
697	30	1
697	244	1
697	743	1
697	747	1
697	632	1
697	439	1
697	69	1
697	513	1
697	89	1
697	8	1
697	29	1
697	120	1
697	352	1
697	264	1
697	795	1
697	549	1
697	102	1
697	692	1
697	173	1
698	208	1
698	30	1
698	124	1
698	284	2
698	176	1
698	389	1
698	746	1
698	97	1
698	605	1
698	207	1
698	827	1
698	266	1
698	475	1
698	846	1
698	206	1
698	121	1
698	273	1
698	235	1
699	49	1
699	1	1
699	384	1
699	693	1
699	261	1
699	177	1
699	32	1
699	162	1
699	551	1
699	801	1
699	276	1
699	40	1
699	716	1
699	159	1
699	251	1
699	141	1
699	43	1
699	458	1
699	824	1
699	778	1
69	114	1
69	116	1
69	118	1
69	389	1
69	605	1
69	245	1
69	186	1
69	404	1
69	616	1
69	39	1
69	501	1
69	98	1
69	513	1
69	170	1
69	463	1
69	554	1
6	8	1
6	9	1
6	143	1
6	477	1
6	57	1
6	436	1
6	517	1
6	425	1
700	340	2
700	160	1
700	422	1
700	267	1
700	31	1
700	771	1
700	203	1
700	61	1
700	350	1
700	801	1
700	814	1
701	323	1
701	289	1
701	751	1
701	21	1
701	470	1
701	484	1
701	446	1
701	85	1
702	360	1
702	123	1
702	247	1
702	207	1
702	651	1
702	588	1
702	179	1
702	331	1
702	177	1
702	2	1
702	264	1
702	29	1
703	2	1
703	47	1
703	59	1
703	201	1
703	265	1
703	26	1
703	30	1
703	123	1
703	632	1
703	76	1
703	50	1
704	147	2
704	257	1
704	421	1
704	35	1
704	34	1
704	268	1
704	61	1
704	340	1
704	57	1
705	527	2
705	598	1
705	127	1
705	507	1
705	691	1
705	239	2
705	427	1
705	708	1
706	88	1
706	108	1
706	176	1
706	368	1
706	41	1
706	254	1
706	29	1
707	651	1
707	662	1
707	290	1
707	282	1
707	564	2
707	319	1
707	45	1
707	269	1
707	142	1
707	108	1
707	502	1
707	274	1
707	167	1
707	275	1
707	129	1
707	276	1
707	475	1
707	130	1
707	494	1
707	802	1
707	503	1
707	84	1
707	264	1
707	139	2
707	151	1
708	713	1
708	313	1
708	551	1
708	661	1
708	585	1
708	282	1
708	249	1
709	706	1
709	442	1
709	211	1
709	475	1
709	189	1
709	53	1
709	179	1
70	117	1
70	393	1
70	36	1
70	551	1
70	370	1
70	175	1
70	359	1
70	661	1
70	88	1
70	189	2
70	53	1
70	558	1
70	625	1
70	424	1
70	168	1
70	444	1
70	222	1
70	802	1
70	226	1
70	119	1
70	456	1
70	220	1
70	816	1
70	54	1
710	723	1
710	672	1
710	478	1
710	793	1
710	833	1
710	615	1
710	671	1
710	572	1
710	436	1
711	609	2
711	76	1
711	400	1
711	31	1
711	475	1
711	385	1
712	234	1
712	183	1
712	239	1
712	580	1
712	129	1
712	276	1
712	249	1
713	274	1
713	35	1
713	349	1
713	445	1
713	343	1
713	735	1
713	160	1
713	720	1
713	196	1
713	757	1
713	118	1
713	267	1
713	421	1
713	186	1
713	708	1
713	32	1
713	9	1
713	389	1
714	9	1
714	41	1
714	206	1
714	44	1
714	179	1
714	348	1
714	812	1
715	188	1
715	535	1
715	267	1
715	759	1
715	302	1
715	256	1
716	29	1
716	402	1
716	521	1
716	275	1
716	457	1
716	326	1
716	533	1
716	313	1
716	5	1
716	84	1
716	79	1
716	226	1
716	470	1
716	812	1
716	758	1
716	334	1
716	323	1
716	687	1
716	88	1
716	281	1
717	179	1
717	322	1
717	520	1
717	688	1
717	206	1
717	43	1
717	124	1
717	46	1
717	379	1
717	747	1
717	757	1
717	423	1
717	354	2
717	486	1
717	267	1
717	256	1
718	247	1
718	41	1
718	186	1
718	745	1
718	646	1
718	420	1
718	205	1
719	195	2
719	669	1
719	394	1
719	211	1
719	540	1
719	118	1
719	131	1
719	591	1
719	695	1
719	533	1
719	663	1
719	269	1
719	44	1
719	549	1
719	631	1
719	197	1
719	341	1
719	159	1
719	295	1
719	365	1
719	340	1
719	174	1
719	472	1
719	704	1
719	781	1
719	182	1
719	422	1
719	559	1
71	122	1
71	208	1
71	17	1
71	222	1
71	57	1
71	20	1
71	503	1
71	30	1
71	107	1
71	637	1
71	319	1
71	328	1
71	23	1
71	209	1
71	53	1
71	651	2
71	136	1
71	449	1
71	39	1
71	544	1
71	539	1
71	783	1
71	823	1
71	827	1
71	125	1
71	176	1
71	236	1
720	755	1
720	119	1
720	260	1
720	81	1
720	743	1
720	206	1
720	535	1
721	670	1
721	36	1
721	41	1
721	136	1
721	119	1
721	400	1
721	238	1
721	107	1
721	4	1
721	807	1
721	143	1
721	275	1
722	160	1
722	114	1
722	763	1
722	285	1
722	275	1
722	434	1
722	264	1
722	417	2
722	741	1
722	5	1
722	645	1
722	51	1
722	766	1
722	703	1
722	708	1
722	270	1
722	36	1
722	735	1
722	239	1
722	281	1
722	61	1
722	27	1
722	365	1
722	781	1
722	300	1
722	269	1
722	799	1
722	501	1
722	342	1
723	125	1
723	618	1
723	102	1
723	20	1
723	439	1
723	42	2
723	698	1
723	532	1
723	694	1
723	467	2
724	622	1
724	356	1
724	211	1
724	385	1
724	84	1
724	360	1
725	491	1
725	587	1
725	306	1
725	542	1
725	101	1
725	390	1
725	85	1
725	831	1
725	582	1
725	455	1
725	256	1
725	857	1
725	687	1
725	854	1
725	199	1
725	535	1
726	78	1
726	102	1
726	7	1
726	41	1
726	469	1
726	2	1
726	17	1
727	583	1
727	721	1
727	747	1
727	58	1
727	238	1
727	20	1
727	84	1
728	588	1
728	593	1
728	509	1
728	650	1
728	133	1
728	760	1
729	306	1
729	587	1
729	88	1
729	95	1
729	224	1
729	511	1
729	43	1
729	597	1
729	41	1
729	456	1
729	393	2
729	826	1
729	108	1
729	396	1
729	752	1
729	126	1
729	281	1
729	596	1
72	54	1
72	256	1
72	43	1
72	189	1
72	19	1
72	660	1
730	513	2
730	69	1
730	639	1
730	284	1
730	620	2
730	194	1
730	109	3
730	538	1
730	675	1
730	354	1
730	196	1
730	162	1
730	130	1
730	26	1
730	546	1
730	402	1
730	468	2
730	41	1
730	641	1
730	431	1
730	769	2
730	113	1
730	445	1
730	479	1
730	31	2
730	57	1
730	609	1
730	384	1
730	327	1
730	598	1
730	648	1
730	331	1
730	267	1
730	136	1
730	157	1
730	621	1
730	332	1
730	49	1
730	58	1
730	101	1
730	799	1
730	169	2
730	214	1
730	697	2
730	339	1
730	655	1
730	472	1
730	597	1
730	254	1
730	520	1
730	338	1
730	398	1
730	115	1
730	542	1
731	277	1
731	486	1
731	402	1
731	560	1
731	543	1
731	43	1
731	282	1
731	446	1
731	97	1
731	249	1
731	491	1
731	28	1
732	577	2
732	689	1
732	206	1
732	695	1
732	743	1
732	226	1
732	372	1
733	60	1
733	628	1
733	422	1
733	381	1
733	177	1
733	391	1
733	741	1
733	108	1
733	819	1
734	754	1
734	735	1
734	67	1
734	670	1
734	98	1
734	0	1
734	103	1
734	423	1
734	61	1
734	561	1
734	699	1
734	730	1
734	48	1
734	596	1
734	731	1
734	138	1
734	1	1
734	251	1
734	206	1
734	794	1
734	177	1
734	84	1
734	59	1
734	801	1
734	587	1
734	797	1
735	372	1
735	30	1
735	29	1
735	207	1
735	281	1
735	228	1
736	71	1
736	237	1
736	715	1
736	186	1
736	659	1
736	539	1
737	125	1
737	283	1
737	31	1
737	41	1
737	157	1
737	169	1
737	347	1
738	119	1
738	354	1
738	374	1
738	169	1
738	464	1
738	24	1
738	43	1
738	61	1
739	5	2
739	108	1
739	479	1
739	683	1
739	700	2
739	143	1
739	730	1
739	57	1
739	41	1
739	30	1
739	165	2
739	21	1
739	669	1
739	414	1
739	342	1
739	24	1
739	397	1
739	245	1
739	102	1
739	495	1
739	325	1
739	76	1
739	346	1
739	264	1
739	431	1
739	535	1
739	489	1
739	800	1
73	124	1
73	91	1
73	41	1
73	272	1
73	717	1
73	398	1
73	7	1
73	288	1
73	87	1
73	275	1
73	141	1
73	107	1
73	21	1
73	131	1
73	28	1
73	804	1
73	428	1
73	48	1
740	98	1
740	417	1
740	68	1
740	234	1
740	31	1
740	263	1
740	128	1
740	537	2
740	532	1
740	662	1
740	736	1
740	275	1
740	25	1
740	745	1
740	848	1
740	64	1
740	58	1
740	400	1
740	99	1
740	20	1
740	188	1
740	368	1
740	0	1
740	347	1
740	135	1
740	605	1
741	157	1
741	326	1
741	785	1
741	636	1
741	300	1
741	267	2
741	218	1
741	303	1
741	335	1
741	9	1
741	58	1
741	43	1
742	475	1
742	378	1
742	206	1
742	417	1
742	108	1
742	31	1
742	264	1
742	437	1
743	94	1
743	372	1
743	16	1
743	394	1
743	791	1
743	395	1
744	699	1
744	141	1
744	206	1
744	464	1
744	282	1
744	44	1
744	686	1
744	317	1
744	35	1
744	211	1
744	21	1
744	677	1
744	57	1
745	206	1
745	41	1
745	179	1
745	43	1
745	30	1
745	87	1
745	369	1
745	338	1
745	653	1
745	104	1
745	768	1
745	44	1
745	20	1
745	131	1
746	391	1
746	92	1
746	45	1
746	148	1
746	266	1
746	368	1
746	34	1
746	94	1
746	130	1
746	179	1
746	414	1
746	641	1
746	745	1
746	651	1
746	416	1
746	504	1
746	352	1
746	0	1
746	15	1
746	102	1
746	372	1
746	435	1
746	188	1
746	489	1
747	57	1
747	131	1
747	448	1
747	31	1
747	41	1
747	264	1
747	464	1
747	24	1
747	43	1
748	286	1
748	752	1
748	326	1
748	372	1
748	244	1
748	20	1
749	289	1
749	426	1
749	736	1
749	95	1
749	58	1
749	670	1
749	628	1
749	247	1
749	13	1
749	550	1
749	612	1
749	779	1
749	269	1
749	584	1
749	125	1
749	32	1
749	195	1
749	201	1
749	504	1
749	346	1
749	809	1
749	356	1
749	614	1
74	126	1
74	305	1
74	331	1
74	275	1
74	33	1
74	786	1
74	61	1
750	651	1
750	780	1
750	346	1
750	475	1
750	177	1
750	811	1
750	810	2
750	20	1
750	128	2
750	489	1
750	176	1
750	822	1
750	148	1
750	368	1
750	191	1
750	845	1
750	850	1
750	30	1
750	84	2
750	356	1
750	846	1
750	848	1
750	804	2
751	57	1
751	58	1
751	501	1
751	544	1
751	2	1
751	177	1
751	113	2
751	346	1
751	817	1
751	835	1
751	108	1
751	71	1
751	861	1
751	258	1
752	88	1
752	42	1
752	190	1
752	124	1
752	773	1
752	553	1
752	225	1
752	548	1
753	396	1
753	780	1
753	349	1
753	47	1
753	323	1
753	584	1
754	44	1
754	338	1
754	53	1
754	25	1
754	216	1
754	806	1
754	870	2
754	88	1
754	28	1
754	885	1
754	528	1
755	516	1
755	19	1
755	44	1
755	52	1
755	492	1
755	287	1
755	852	1
756	672	1
756	573	1
756	28	2
756	706	1
756	642	1
756	391	1
756	113	1
756	462	1
756	329	1
756	341	1
756	321	1
756	686	1
756	345	1
756	43	1
756	88	1
756	336	1
756	449	2
756	477	1
757	475	1
757	41	1
757	179	1
757	287	1
757	207	1
757	478	1
757	5	2
757	442	1
757	108	1
757	309	1
757	18	1
757	21	1
757	84	1
757	822	1
758	29	1
758	331	1
758	394	1
758	629	1
758	114	1
758	101	2
758	185	1
758	173	2
758	646	1
758	797	1
758	206	1
758	164	1
758	209	1
758	489	1
758	287	1
758	542	1
758	275	1
758	7	1
758	42	1
758	424	1
758	799	1
758	579	1
758	56	1
758	131	1
758	4	1
758	317	1
758	475	2
758	28	1
758	60	1
758	439	1
758	245	1
758	31	1
758	795	1
758	20	1
758	391	1
759	330	1
759	291	1
759	112	1
759	385	1
759	613	1
759	181	1
75	127	2
75	130	1
75	356	2
75	358	1
75	285	1
75	31	2
75	26	1
75	569	1
75	80	1
75	120	1
75	640	1
75	135	1
75	598	1
75	415	1
75	239	2
75	63	1
75	287	1
75	147	1
75	99	1
75	449	1
75	196	1
75	481	1
75	77	1
75	86	1
75	656	1
75	113	1
75	813	1
75	108	1
75	797	1
75	72	1
75	845	1
760	252	1
760	101	1
760	367	1
760	670	1
760	183	1
760	535	1
761	393	1
761	146	1
761	697	1
761	43	1
761	54	1
761	560	1
761	824	1
761	305	1
762	472	1
762	270	2
762	179	2
762	193	1
762	649	1
762	373	1
762	511	1
762	653	1
762	114	1
763	178	1
763	88	1
763	300	1
763	307	1
763	92	1
763	206	1
764	57	1
764	351	1
764	177	1
764	41	1
764	195	1
764	88	1
764	50	1
764	280	1
764	6	1
764	449	1
764	179	1
764	830	1
764	169	1
764	20	1
765	312	1
765	2	1
765	84	1
765	303	1
765	591	1
765	55	1
766	0	1
766	31	1
766	41	1
766	23	1
766	179	1
766	206	1
766	379	1
766	691	1
767	484	1
767	40	1
767	161	1
767	359	1
767	802	2
767	270	1
767	408	1
767	66	1
767	145	1
767	705	1
767	357	1
768	745	1
768	113	1
768	416	1
768	498	1
768	206	1
768	544	1
768	348	1
769	71	1
769	437	1
769	269	1
769	647	1
769	230	1
769	382	1
76	131	1
76	197	1
76	350	1
76	366	1
76	405	1
76	346	1
770	487	1
770	198	1
770	642	1
770	490	1
770	738	1
770	450	1
770	498	1
771	711	1
771	773	1
771	84	1
771	43	1
771	32	1
771	36	1
771	55	1
771	551	1
771	821	1
772	556	1
772	528	1
772	136	1
772	275	1
772	41	1
772	815	1
772	688	1
773	30	1
773	681	2
773	59	1
773	650	1
773	479	1
773	797	1
773	503	1
773	84	1
773	494	1
773	699	1
773	449	1
773	730	1
773	754	1
773	458	1
773	843	1
774	275	1
774	741	1
774	36	1
774	43	1
774	341	1
774	27	1
774	781	1
774	137	1
774	251	1
775	70	1
775	608	1
775	430	2
775	309	1
775	178	1
775	196	1
775	202	1
775	177	2
775	117	2
775	808	2
775	206	1
775	65	1
775	838	1
776	102	1
776	71	1
776	504	1
776	44	1
776	156	1
776	60	1
776	57	1
776	69	1
777	263	1
777	201	1
777	517	1
777	338	1
777	844	1
777	774	1
777	206	1
777	819	2
777	753	1
778	179	1
778	626	1
778	135	1
778	282	1
778	424	1
778	697	1
778	434	1
779	593	1
779	275	1
779	797	1
779	569	2
779	741	1
779	814	1
77	54	1
77	296	1
77	378	1
77	170	1
77	183	1
77	604	1
77	598	1
77	206	1
77	477	1
77	189	1
77	481	1
77	425	1
77	544	1
77	741	1
77	234	1
77	353	1
77	5	1
77	299	1
780	594	1
780	696	1
780	131	1
780	275	1
780	179	1
780	272	1
780	386	1
780	346	1
780	564	1
781	641	1
781	426	1
781	283	1
781	36	1
781	197	1
781	157	1
781	331	1
782	131	1
782	445	1
782	561	1
782	692	1
782	289	1
782	663	1
782	741	1
782	237	1
782	59	1
782	378	1
782	23	1
782	395	1
782	354	1
782	334	1
782	731	1
782	459	1
782	493	1
782	372	1
782	704	1
782	549	1
783	576	1
783	206	1
783	189	1
783	658	1
783	350	1
783	669	1
784	16	1
784	85	1
784	835	2
784	266	1
784	238	1
784	114	1
784	800	2
785	93	1
785	148	1
785	81	1
785	595	1
785	57	1
785	535	1
785	767	1
785	377	1
785	31	1
786	695	1
786	136	1
786	264	1
786	126	1
786	648	1
786	461	1
787	671	1
787	65	1
787	67	1
787	404	1
787	721	1
787	371	1
787	784	1
787	337	1
788	47	1
788	44	1
788	584	1
788	6	1
788	337	1
788	157	1
788	505	1
788	365	1
788	98	1
788	57	1
788	210	1
788	514	1
788	861	1
789	267	1
789	346	1
789	486	1
789	289	1
789	10	1
789	148	1
78	133	1
78	239	1
78	32	1
78	91	1
78	165	1
78	594	1
78	143	1
78	251	1
78	25	1
78	614	1
78	128	1
78	350	1
78	663	1
78	206	1
790	113	1
790	630	1
790	20	1
790	31	1
790	789	1
790	157	1
791	488	1
791	65	1
791	616	1
791	412	1
791	150	1
791	367	1
791	317	1
791	707	1
791	748	1
791	56	1
791	531	1
791	186	1
791	345	1
791	35	1
791	543	1
791	148	1
791	179	1
791	43	1
791	421	1
791	143	1
791	58	1
792	264	1
792	175	1
792	423	1
792	19	1
792	808	1
792	357	1
792	547	1
792	225	1
792	689	1
792	420	1
792	625	1
792	270	1
792	40	1
792	337	1
792	277	1
793	725	1
793	441	1
793	308	1
793	812	1
793	818	1
793	167	1
793	339	1
794	378	1
794	788	1
794	147	1
794	323	1
794	336	1
794	127	1
794	276	1
794	485	1
794	827	1
795	294	1
795	690	1
795	275	1
795	452	1
795	80	1
795	601	1
796	206	1
796	41	1
796	48	1
796	417	1
796	390	1
796	31	1
796	10	1
796	305	1
796	259	1
796	20	1
797	84	1
797	43	1
797	53	1
797	284	1
797	806	1
797	5	1
797	424	1
797	771	1
797	781	1
797	802	2
797	818	1
797	115	1
797	837	1
797	840	2
797	275	1
797	616	1
797	410	1
797	816	1
797	864	1
797	671	1
797	311	2
797	811	1
797	51	1
798	543	1
798	64	1
798	504	1
798	692	1
798	493	1
798	632	1
798	378	1
798	530	1
799	678	1
799	542	1
799	369	1
799	581	1
799	101	1
799	275	1
799	734	1
799	84	1
799	160	1
799	359	1
799	58	1
799	178	1
799	400	1
799	390	1
799	394	1
799	818	1
79	134	1
79	54	2
79	44	2
79	296	1
79	378	1
79	261	1
79	84	1
79	477	1
79	486	1
79	5	1
79	189	1
79	183	1
79	234	1
79	604	1
79	544	1
79	741	1
79	99	1
79	696	1
7	10	1
7	253	1
7	544	1
7	801	1
7	160	1
7	6	1
7	307	1
800	320	1
800	43	1
800	29	1
800	132	1
800	336	1
800	201	1
800	58	1
801	105	1
801	370	1
801	20	1
801	569	1
801	57	1
801	89	1
801	530	2
801	206	1
802	687	1
802	275	1
802	206	1
802	58	1
802	717	1
802	370	1
802	855	1
803	57	1
803	175	1
803	206	1
803	43	1
803	630	1
803	340	1
803	56	1
804	196	1
804	221	1
804	519	1
804	854	1
804	318	1
804	788	1
804	321	1
805	173	1
805	587	1
805	407	1
805	33	1
805	9	1
805	287	1
806	43	1
806	50	1
806	113	1
806	132	1
806	336	1
806	29	1
806	59	1
806	41	1
806	244	1
806	108	1
806	47	1
806	88	1
806	662	1
806	30	1
806	240	1
806	419	1
806	28	2
806	341	1
806	378	1
806	191	1
806	276	1
806	446	1
806	278	2
806	251	1
806	78	1
806	40	1
806	89	1
806	351	1
806	31	1
806	57	1
806	175	1
806	651	1
806	416	1
806	235	1
806	598	1
806	283	1
806	584	1
806	184	1
806	236	1
806	246	1
806	2	1
806	139	1
806	814	1
806	349	1
806	275	1
806	327	1
807	48	1
807	246	1
807	788	1
807	354	1
807	783	1
807	378	1
807	335	1
807	184	1
807	28	1
807	339	1
807	236	1
807	482	1
807	137	1
808	275	1
808	267	1
808	251	1
808	374	1
808	544	1
808	765	1
808	337	1
808	457	1
808	138	1
808	36	1
808	119	1
808	759	1
808	763	1
808	645	1
808	1	1
808	226	1
808	282	1
808	451	1
808	40	1
808	153	1
808	707	1
808	521	1
808	294	1
808	305	1
808	616	1
808	5	1
808	217	1
809	394	1
809	6	1
809	32	1
809	95	1
809	143	1
809	288	1
809	282	1
80	135	1
80	17	1
80	325	1
80	366	1
80	416	1
80	99	1
80	136	1
80	18	1
80	533	1
80	563	1
80	226	1
80	651	1
80	491	1
80	723	1
80	501	1
80	219	1
80	11	1
80	239	1
80	502	1
80	249	1
80	129	1
80	64	1
80	450	1
80	56	1
80	175	1
810	467	1
810	779	1
810	266	1
810	16	1
810	532	1
810	57	1
810	823	1
810	187	1
810	822	1
810	267	1
810	539	1
811	185	1
811	321	1
811	189	1
811	369	1
811	160	1
811	43	1
811	486	1
812	625	2
812	71	1
812	251	1
812	113	1
812	594	1
812	9	1
812	402	1
812	829	1
812	342	1
812	53	1
813	420	1
813	139	1
813	331	1
813	108	1
813	61	1
813	672	1
813	572	1
813	50	1
813	270	1
813	131	1
814	398	1
814	277	1
814	536	1
814	556	1
814	1	1
814	214	1
814	110	1
814	485	1
814	222	1
814	390	1
814	38	1
814	167	1
814	686	1
814	170	1
814	216	1
814	130	1
814	175	1
814	62	1
814	723	1
814	670	1
815	734	1
815	97	1
815	130	1
815	122	1
815	169	1
815	86	1
815	254	1
815	99	1
815	733	1
815	7	1
815	41	1
815	584	1
815	544	1
815	32	1
815	201	1
815	26	1
815	391	1
815	31	1
815	368	1
815	347	1
815	184	1
815	236	1
815	57	1
815	414	1
815	639	1
815	72	1
815	501	1
815	276	1
815	331	1
815	69	1
815	128	1
815	335	1
815	102	1
815	59	1
815	186	1
815	344	1
815	139	1
816	29	1
816	85	1
816	417	1
816	428	1
816	84	1
816	780	1
816	20	1
817	766	1
817	50	2
817	43	1
817	159	1
817	656	1
817	281	1
817	608	1
817	614	1
817	421	1
817	351	1
817	177	1
817	354	1
817	101	1
818	667	1
818	34	1
818	255	1
818	158	1
818	283	1
818	559	1
818	203	1
818	36	1
818	739	1
818	7	1
818	781	1
818	0	1
818	195	1
818	287	1
818	887	1
818	359	1
819	470	1
819	70	1
819	631	1
819	44	1
819	216	1
819	372	1
819	794	1
819	700	1
819	7	1
819	425	1
819	701	1
81	43	1
81	137	1
81	151	1
81	368	1
81	198	1
81	67	1
81	286	1
820	327	1
820	57	1
820	275	1
820	741	1
820	23	1
820	701	1
821	180	1
821	36	1
821	5	1
821	14	1
821	57	1
821	41	1
821	358	1
822	151	1
822	406	1
822	249	1
822	260	1
822	17	1
822	485	1
822	294	1
822	696	1
822	535	1
822	81	1
822	198	1
822	348	1
822	723	1
822	62	1
822	616	1
823	41	1
823	143	1
823	349	1
823	109	1
823	113	1
823	407	1
823	352	1
823	173	1
823	78	1
823	5	1
823	58	1
823	469	1
823	426	1
823	782	1
824	128	1
824	29	1
824	552	1
824	207	1
824	43	1
824	567	1
824	421	1
825	787	1
825	24	1
825	747	1
825	671	1
825	473	1
825	535	1
825	255	1
825	400	1
825	489	1
825	264	1
825	153	1
825	531	1
826	41	1
826	32	1
826	235	1
826	267	1
826	272	1
826	619	1
826	119	1
826	251	1
826	331	1
826	423	1
827	655	1
827	41	1
827	112	1
827	171	1
827	69	1
827	282	1
828	689	1
828	179	1
828	357	1
828	288	1
828	651	1
828	41	1
828	829	1
828	303	1
828	686	1
828	38	1
828	114	1
828	251	1
828	476	1
829	2	1
829	179	1
829	576	1
829	428	1
829	246	1
829	4	1
82	136	1
82	268	1
82	513	2
82	741	2
82	502	1
82	781	1
82	837	1
82	796	1
830	177	1
830	53	1
830	126	1
830	574	1
830	645	1
830	42	1
830	767	1
830	384	1
830	30	1
830	88	1
830	449	1
831	603	2
831	206	1
831	465	1
831	201	1
831	581	1
831	324	1
831	252	1
832	425	1
832	264	1
832	516	2
832	334	1
832	207	1
832	393	1
832	267	1
832	44	1
832	679	1
832	47	1
832	748	1
832	435	1
832	557	1
832	184	1
832	456	1
832	345	1
833	149	1
833	291	1
833	376	1
833	605	1
833	321	1
833	820	1
833	18	1
833	790	1
833	5	1
833	113	1
833	347	1
833	540	1
833	370	1
834	341	1
834	498	1
834	677	1
834	113	1
834	143	1
834	349	1
834	209	1
835	143	1
835	207	1
835	244	1
835	43	1
835	177	1
835	379	1
835	32	1
836	57	1
836	41	1
836	645	1
836	247	1
836	108	1
836	7	1
836	132	1
836	369	1
836	89	1
837	501	1
837	670	1
837	302	1
837	444	1
837	317	1
837	41	1
837	175	1
837	584	1
837	337	1
838	322	1
838	64	1
838	174	1
838	535	1
838	506	1
838	256	1
838	43	1
838	666	1
838	405	1
838	320	1
838	70	1
839	560	1
839	434	1
839	162	1
839	305	1
839	551	1
839	336	1
83	138	1
83	5	1
83	78	1
83	57	1
83	736	1
83	719	1
83	39	1
83	696	1
83	810	1
83	784	1
83	337	1
83	305	1
83	817	1
83	800	1
840	460	1
840	378	1
840	350	1
840	131	1
840	169	2
840	307	1
840	783	1
840	583	1
840	425	1
840	410	1
840	48	1
841	160	1
841	532	1
841	20	1
841	135	1
841	315	1
841	99	1
841	38	1
841	544	1
841	39	1
841	23	1
841	246	1
842	30	1
842	84	1
842	47	1
842	419	1
842	593	1
842	51	1
842	61	1
842	354	1
842	53	1
842	331	1
842	57	1
843	614	1
843	21	1
843	644	1
843	487	1
843	111	1
843	593	1
843	230	1
844	17	2
844	649	1
844	205	1
844	30	4
844	329	1
844	799	1
844	87	1
844	42	1
844	391	1
844	414	1
844	9	1
844	827	1
844	334	1
844	104	1
844	260	1
844	97	1
844	331	1
844	280	1
844	797	1
845	666	1
845	759	2
845	578	1
845	210	1
845	287	1
845	675	1
845	141	1
845	612	1
845	119	1
845	685	1
845	5	1
845	446	1
845	607	1
845	51	1
845	660	1
845	269	1
845	418	1
845	58	1
845	341	1
845	510	1
845	179	1
845	362	3
845	860	1
845	325	1
845	781	1
845	571	1
845	489	1
845	19	1
845	400	1
845	541	1
845	41	1
846	2	1
846	102	1
846	801	1
846	143	1
846	377	1
846	69	1
846	797	1
846	708	1
846	101	1
846	847	1
846	170	1
847	470	1
847	709	2
847	251	1
847	593	1
847	494	1
847	683	1
847	68	1
848	275	1
848	789	1
848	579	1
848	804	1
848	136	1
848	822	1
848	15	1
849	378	2
849	783	1
849	423	1
849	758	2
849	59	1
849	359	1
849	797	1
849	130	2
849	579	1
849	650	1
849	798	1
849	438	1
849	408	1
84	143	1
84	278	1
84	408	1
84	704	1
84	336	1
84	851	1
84	158	1
84	391	1
84	251	1
84	422	1
84	1	1
84	285	1
84	23	1
84	5	1
84	160	1
84	201	1
84	749	1
84	80	1
84	714	1
84	38	1
84	541	1
84	631	1
84	663	1
850	397	1
850	352	1
850	386	1
850	723	1
850	5	1
850	62	1
850	592	1
850	685	1
851	417	1
851	141	1
851	393	1
851	10	1
851	743	1
851	485	1
851	189	1
851	31	1
851	389	1
852	239	1
852	230	1
852	608	1
852	30	1
852	29	1
852	746	1
852	823	2
852	649	1
852	120	1
852	674	1
852	349	1
852	780	1
852	361	1
852	599	1
853	175	1
853	297	1
853	184	1
853	44	1
853	558	1
853	699	1
853	43	1
853	207	1
854	6	1
854	46	1
854	206	1
854	26	1
854	416	1
854	57	1
854	125	1
854	449	1
854	399	1
854	276	1
854	268	1
854	659	1
855	346	1
855	247	1
855	380	1
855	104	1
855	278	1
855	275	1
855	36	2
855	260	1
856	482	1
856	177	1
856	201	1
856	38	1
856	544	1
856	287	1
856	400	1
856	206	1
856	826	1
856	779	1
856	194	1
856	847	1
857	56	1
857	83	1
857	669	1
857	403	1
857	732	1
857	358	1
857	481	1
857	168	1
857	178	1
858	395	2
858	448	1
858	411	1
858	692	1
858	44	1
858	646	1
858	677	1
858	354	1
858	446	1
858	345	1
858	693	1
858	743	1
858	94	1
858	51	1
858	466	1
858	179	1
858	2	1
858	207	1
859	321	1
859	534	1
859	677	1
859	498	1
859	292	1
859	768	1
859	526	1
859	263	1
859	760	1
859	646	1
85	144	1
85	194	1
85	252	1
85	5	1
85	51	1
85	206	1
85	530	1
85	467	1
85	422	1
85	366	1
85	547	1
85	61	1
85	89	1
85	365	1
85	663	1
85	515	1
85	55	1
85	549	1
85	395	1
85	643	1
85	130	1
85	528	1
85	506	1
85	298	1
85	297	1
85	264	2
85	456	1
85	81	1
85	653	1
85	37	1
85	320	1
860	31	1
860	165	1
860	134	1
860	827	1
860	87	1
860	475	1
860	57	1
860	388	2
860	39	1
860	128	1
860	60	2
860	80	1
860	287	1
860	846	1
860	4	1
860	136	1
860	850	1
860	350	1
860	99	1
861	207	1
861	426	1
861	132	1
861	108	1
861	750	1
861	476	1
861	173	1
861	84	1
861	646	1
862	345	1
862	57	1
862	283	1
862	421	1
862	436	1
862	89	1
862	16	1
863	650	1
863	123	1
863	593	1
863	359	1
863	423	1
863	414	1
863	681	1
863	587	1
863	797	1
863	173	1
864	34	1
864	143	1
864	315	1
864	598	1
864	416	1
864	165	1
864	32	2
864	576	1
865	89	1
865	57	1
865	464	2
865	586	1
865	646	1
865	727	1
865	26	1
866	321	1
866	245	1
866	747	1
866	206	1
866	600	1
866	557	1
867	160	1
867	186	1
867	783	1
867	2	1
867	57	1
867	801	1
867	100	1
867	177	1
867	774	1
867	688	1
867	5	1
867	528	1
867	677	1
867	792	1
867	579	1
867	726	1
868	276	1
868	295	1
868	346	1
868	658	1
868	686	1
868	596	1
868	135	1
868	142	1
868	543	1
869	295	1
869	264	1
869	605	1
869	135	1
869	143	1
869	486	1
869	485	1
869	79	1
869	596	1
869	687	1
869	321	1
869	701	1
86	145	1
86	435	2
86	20	1
86	789	1
86	179	1
86	89	1
86	31	1
86	41	1
86	43	1
86	630	1
86	50	2
86	70	1
86	2	1
86	58	1
86	417	1
86	203	3
86	23	1
86	61	1
870	131	1
870	0	1
870	84	1
870	399	1
870	32	1
870	43	1
871	244	1
871	24	1
871	247	1
871	438	1
871	207	1
871	651	1
871	447	1
871	177	1
871	451	1
871	354	1
871	668	1
871	311	1
871	257	1
871	143	1
871	50	1
871	458	1
871	329	1
871	197	1
871	108	1
871	186	1
871	184	1
871	391	1
872	201	1
872	64	1
872	766	1
872	31	1
872	275	1
872	41	1
872	20	1
872	731	1
872	301	1
872	503	1
872	499	1
872	582	1
872	559	1
872	77	1
872	269	1
872	10	1
872	433	1
872	639	1
872	160	1
872	101	1
872	95	1
872	5	1
872	323	1
872	148	1
872	346	1
872	30	1
872	0	1
872	135	1
872	29	1
872	195	1
872	305	1
872	501	1
872	232	1
872	231	1
872	311	1
872	677	1
872	203	1
873	79	1
873	743	1
873	580	1
873	5	1
873	364	1
873	47	2
873	207	1
873	369	1
873	616	1
873	36	1
873	858	1
874	1	1
874	57	1
874	20	1
874	509	1
874	59	1
874	423	1
874	418	1
874	392	1
874	359	1
874	251	1
874	783	1
875	205	1
875	522	1
875	672	1
875	245	1
875	609	1
875	449	1
875	104	1
875	744	1
875	406	1
875	827	1
875	102	1
875	17	1
876	32	1
876	177	1
876	179	1
876	520	1
876	50	1
876	288	1
876	773	1
877	269	1
877	350	1
877	308	1
877	510	1
877	735	1
877	299	1
877	801	1
878	362	1
878	5	2
878	180	1
878	255	1
878	179	1
878	114	1
878	784	2
879	206	1
879	131	1
879	199	1
879	264	1
879	270	1
879	457	1
879	741	1
879	21	1
879	402	1
87	146	1
87	152	1
87	44	1
87	551	2
87	471	1
87	121	1
880	534	2
880	834	1
880	643	1
880	742	1
880	642	1
880	425	1
881	799	1
881	528	1
881	417	1
881	801	1
881	179	1
881	72	1
881	275	1
881	80	1
881	513	1
881	449	1
881	77	1
881	804	1
881	714	1
881	82	1
881	59	1
881	346	1
881	336	1
881	186	1
881	205	1
881	47	1
881	264	1
881	177	1
881	67	1
881	822	1
881	78	1
881	368	1
881	36	1
881	347	1
881	826	1
882	113	1
882	58	1
882	84	1
882	206	1
882	359	1
882	763	2
882	71	1
882	69	1
882	177	1
882	50	1
882	798	1
883	783	1
883	39	1
883	576	1
883	204	1
883	354	1
883	801	1
883	363	1
883	618	1
883	348	1
883	177	1
883	48	1
883	78	1
883	307	1
883	131	1
883	832	1
883	334	1
883	533	1
883	820	1
883	350	1
884	631	1
884	414	1
884	213	1
884	368	1
884	778	1
884	108	1
884	281	1
885	1	1
885	754	2
885	141	1
885	76	1
885	794	1
885	391	2
885	173	1
885	801	1
885	783	1
885	423	1
885	33	1
885	296	1
885	354	1
885	787	1
885	203	1
885	3	1
885	504	1
885	275	1
886	424	2
886	84	1
886	369	1
886	520	1
886	720	2
886	2	1
886	60	1
887	723	1
887	688	1
887	26	1
887	239	1
887	221	1
887	41	1
887	684	1
887	27	1
887	58	1
888	338	1
888	41	1
888	43	1
888	2	1
888	131	1
888	30	1
888	544	1
888	296	1
888	20	1
889	252	1
889	417	1
889	71	1
889	64	1
889	219	1
889	41	1
889	187	1
88	147	1
88	30	1
88	17	1
88	207	1
88	163	1
88	220	1
88	221	1
88	175	1
88	132	1
88	336	1
88	372	1
88	173	1
88	49	1
890	252	1
890	810	1
890	25	1
890	275	1
890	157	1
890	848	1
890	660	1
890	894	1
890	889	1
890	368	1
891	134	1
891	651	1
891	128	1
891	31	1
891	204	1
891	315	1
891	236	1
891	211	1
891	4	1
892	210	1
892	426	1
892	28	1
892	358	1
892	301	1
892	496	1
892	400	1
892	191	1
892	847	1
892	501	1
892	105	1
892	639	1
892	356	1
892	752	1
892	687	1
892	537	1
892	542	1
892	610	1
893	710	1
893	77	1
893	798	1
893	383	1
893	423	1
893	30	1
893	184	1
893	309	1
893	143	1
893	378	1
893	541	1
893	794	1
893	693	1
893	709	1
893	6	1
893	430	1
893	783	1
893	2	1
894	47	1
894	584	1
894	95	1
894	363	1
894	479	1
894	31	1
894	6	1
894	4	1
894	417	1
894	136	1
895	405	1
895	681	1
895	744	1
895	210	1
895	690	1
895	56	1
895	309	1
895	788	1
896	5	1
896	327	1
896	569	1
896	692	1
896	572	1
896	34	1
896	723	1
896	76	1
896	201	1
897	608	1
897	5	1
897	158	1
897	202	1
897	41	1
897	445	1
897	160	1
897	177	1
898	479	1
898	89	1
898	43	1
898	429	1
898	390	1
898	325	1
898	137	1
899	125	1
899	104	1
899	579	2
899	226	1
899	580	1
899	88	1
899	61	1
89	148	1
89	47	1
89	163	1
89	164	1
89	165	1
89	449	1
89	249	1
8	11	1
8	12	1
8	77	1
8	10	1
8	99	1
8	285	1
900	69	1
900	513	1
900	378	1
900	520	1
900	395	1
900	561	1
900	758	1
900	383	1
900	503	1
900	44	1
900	289	1
900	470	1
900	766	1
900	237	1
900	341	1
900	784	1
901	228	1
901	309	1
901	679	1
901	525	1
901	221	1
901	225	1
902	184	1
902	560	1
902	179	1
902	472	1
902	835	1
902	53	1
902	177	2
902	97	1
902	154	1
902	264	1
902	20	1
902	386	1
902	270	1
902	369	1
902	367	1
902	616	1
902	488	1
902	514	1
902	132	1
902	268	1
902	402	1
902	837	1
902	274	1
902	371	1
902	801	1
902	88	1
902	32	1
902	389	1
902	131	1
902	574	1
902	65	1
902	44	1
902	732	1
903	45	1
903	132	1
903	108	1
903	651	1
903	205	1
903	449	1
903	288	1
903	28	1
904	287	1
904	801	1
904	257	1
904	301	2
904	179	2
904	446	2
904	288	1
904	204	1
904	726	1
904	57	1
904	521	1
904	263	1
904	44	1
904	346	1
904	495	1
904	98	1
904	41	1
905	236	1
905	763	2
905	426	1
905	85	1
905	829	1
905	593	1
905	715	1
905	21	1
905	4	1
905	278	1
905	509	1
905	176	1
906	47	1
906	88	1
906	484	1
906	435	1
906	179	1
906	828	1
906	778	1
906	295	1
906	382	1
907	717	1
907	522	1
907	378	1
907	757	1
907	20	1
907	108	1
907	827	1
908	544	1
908	102	1
908	38	1
908	305	1
908	781	1
908	374	1
908	741	1
908	160	1
908	201	1
908	275	1
908	41	1
908	2	1
908	517	1
908	84	1
908	60	1
908	807	1
908	378	1
908	391	1
908	5	1
908	735	1
908	82	1
908	205	1
908	528	1
908	350	1
908	113	1
908	184	1
908	307	1
908	78	1
908	482	1
908	95	1
908	341	1
908	28	1
908	414	1
908	772	1
908	112	1
908	98	1
908	175	1
908	579	1
908	716	1
909	118	1
909	403	1
909	674	1
909	507	1
909	206	1
909	173	1
909	462	1
90	150	1
90	682	1
90	56	1
90	536	1
90	582	1
90	0	1
90	456	2
90	560	1
90	15	1
90	231	1
90	524	1
90	270	1
90	514	1
90	389	1
90	791	1
90	530	1
90	10	1
90	296	1
90	171	1
90	7	1
90	426	1
90	479	1
90	616	1
90	455	1
90	489	1
90	283	1
90	432	1
90	830	1
90	368	1
90	734	1
90	36	1
90	282	1
90	215	1
90	603	1
90	246	1
910	246	1
910	626	1
910	10	1
910	276	1
910	783	1
910	142	1
910	623	1
910	114	1
910	282	1
910	265	1
910	810	1
910	489	1
910	809	2
910	709	1
910	540	1
910	129	1
910	124	1
910	834	1
910	39	1
910	840	1
910	532	1
910	122	1
910	620	2
910	284	1
910	722	1
910	807	1
910	207	1
910	733	1
910	99	1
910	346	1
910	406	2
910	604	1
910	102	1
910	875	1
910	862	1
911	266	1
911	773	3
911	553	1
911	686	1
911	256	1
911	562	1
911	478	1
911	522	2
911	378	1
911	90	1
911	783	1
911	206	2
911	688	1
911	506	1
911	477	1
911	32	3
911	133	1
911	646	1
911	341	1
912	598	1
912	650	1
912	264	1
912	743	1
912	108	1
912	823	1
912	179	1
913	102	1
913	709	1
913	50	1
913	316	1
913	59	1
913	830	1
913	9	1
913	673	1
913	763	1
913	838	1
914	32	1
914	816	1
914	133	1
914	212	1
914	295	1
914	189	1
914	416	1
914	646	1
914	446	1
914	206	1
914	712	1
914	68	1
914	464	1
914	326	1
915	177	1
915	522	1
915	280	1
915	85	1
915	579	1
915	333	1
915	36	1
915	336	1
915	150	1
915	132	1
915	538	1
915	802	1
915	657	1
916	10	1
916	667	1
916	176	1
916	852	1
916	378	1
916	584	1
916	340	1
916	736	1
917	206	1
917	247	1
917	545	1
917	173	1
917	486	1
917	168	1
917	123	1
918	47	1
918	59	1
918	714	1
918	504	1
918	346	1
918	347	1
918	112	1
918	489	1
918	131	1
918	493	1
918	200	1
918	465	1
918	5	1
918	549	1
918	205	1
918	84	1
918	801	1
918	251	1
918	296	1
918	38	1
918	735	1
918	756	1
918	800	1
918	619	1
918	320	1
918	30	1
919	426	1
919	26	1
919	206	1
919	490	1
919	361	1
919	640	1
91	152	1
91	184	1
91	177	1
91	430	1
91	449	1
91	587	1
91	76	1
91	673	1
91	243	1
920	249	1
920	718	1
920	175	1
920	119	1
920	168	1
920	162	1
920	26	1
920	695	1
920	515	1
920	464	1
920	646	1
920	133	1
920	24	1
921	610	1
921	47	1
921	645	1
921	651	1
921	43	1
921	338	1
921	53	1
921	207	1
921	489	1
921	124	1
921	128	1
921	58	2
921	85	1
921	535	1
921	296	1
921	82	1
921	309	1
921	389	1
921	475	1
921	843	1
921	336	1
921	449	1
921	827	1
921	703	1
921	283	1
921	819	1
921	254	1
921	436	1
921	226	1
921	269	1
921	273	2
921	320	1
921	64	1
921	42	1
921	341	1
921	845	1
922	261	1
922	54	1
922	118	1
922	844	1
922	160	1
922	20	1
923	287	1
923	544	1
923	454	1
923	31	1
923	275	1
923	131	1
923	2	1
923	810	1
923	300	1
923	781	1
923	20	1
924	57	1
924	783	1
924	275	1
924	443	1
924	67	1
924	544	1
924	827	1
925	425	1
925	206	1
925	21	1
925	653	1
925	58	1
925	251	1
925	423	1
926	41	1
926	20	1
926	264	1
926	275	1
926	30	1
926	82	1
927	449	1
927	508	1
927	460	1
927	347	1
927	860	1
927	745	1
927	835	1
927	475	1
927	348	1
928	812	1
928	500	1
928	83	1
928	530	1
928	375	1
928	609	1
928	385	1
928	544	1
928	20	1
929	206	1
929	137	1
929	535	2
929	67	1
929	814	1
929	220	1
92	131	4
92	160	2
92	182	2
92	179	1
92	31	3
92	348	1
92	206	1
92	108	1
92	32	1
92	349	1
92	350	1
92	327	1
92	40	1
92	268	3
92	221	1
92	315	1
930	801	1
930	331	1
930	445	1
930	781	1
930	351	1
930	237	1
930	242	2
931	345	1
931	160	1
931	391	1
931	67	1
931	781	1
931	60	1
931	369	1
932	777	1
932	139	1
932	297	1
932	191	1
932	480	1
932	131	1
932	97	1
932	32	1
933	275	1
933	835	1
933	845	1
933	58	1
933	20	1
933	84	1
934	472	1
934	179	1
934	19	1
934	180	1
934	5	1
934	394	1
934	58	1
935	47	1
935	297	1
935	169	1
935	490	1
935	651	1
935	206	1
935	596	1
935	29	1
935	618	1
935	50	1
935	487	1
935	832	1
935	247	1
936	50	1
936	32	1
936	520	1
936	711	1
936	829	1
936	426	1
936	147	1
936	655	1
936	130	1
936	233	1
937	824	2
937	275	1
937	864	1
937	151	1
937	825	1
937	99	1
937	676	1
937	452	1
937	786	1
937	23	1
937	20	1
938	249	1
938	208	1
938	117	1
938	679	1
938	676	1
938	695	1
938	535	1
938	129	1
938	219	1
938	52	1
938	864	1
939	417	1
939	264	1
939	51	1
939	20	1
939	369	1
939	711	1
939	135	1
939	553	2
939	420	1
939	317	1
93	127	1
93	72	1
93	154	1
93	155	1
93	233	1
93	159	1
93	255	1
93	479	1
93	574	1
93	450	1
93	720	2
940	699	1
940	154	1
940	749	1
940	127	1
940	210	1
940	26	1
940	32	1
940	241	1
940	143	1
940	689	1
940	21	1
940	216	1
940	168	1
940	147	1
940	752	1
940	397	1
940	435	1
940	740	1
940	165	1
940	598	1
940	701	1
940	514	1
940	507	1
940	644	1
940	775	1
940	487	1
940	490	1
940	586	1
940	214	1
940	759	1
940	690	1
940	245	1
940	824	1
941	135	1
941	598	1
941	487	1
941	490	1
941	120	1
941	129	1
941	626	1
941	323	1
941	560	1
941	723	1
941	486	1
942	179	1
942	286	1
942	153	1
942	577	1
942	261	1
942	196	1
942	456	1
942	680	1
943	618	1
943	348	1
943	307	1
943	131	1
943	206	1
943	533	1
943	350	1
944	16	1
944	241	1
944	34	1
944	98	1
944	728	1
944	827	1
944	41	2
944	26	1
944	71	1
944	696	1
944	0	1
944	694	1
944	404	1
944	482	1
944	85	1
944	703	1
944	335	2
944	131	1
944	414	1
944	859	1
944	96	1
944	546	2
944	348	1
944	58	1
944	102	1
945	315	1
945	56	1
945	620	1
945	245	1
945	231	1
945	275	1
945	267	1
946	530	1
946	60	1
946	82	1
946	200	1
946	41	1
946	84	1
946	179	1
947	51	1
947	443	1
947	400	1
947	498	1
947	654	1
947	209	1
947	206	1
947	464	1
947	523	1
947	686	1
947	591	1
947	658	1
947	102	1
947	501	1
947	725	1
947	295	1
947	321	1
947	391	1
947	2	1
947	545	1
947	668	1
947	646	1
947	487	1
947	490	1
947	211	1
947	272	1
947	289	1
947	69	1
947	284	1
947	800	1
947	267	1
947	494	1
947	489	1
947	755	1
947	699	1
947	504	1
947	50	1
947	44	1
947	108	1
947	801	1
947	281	1
947	30	1
947	24	1
947	201	1
947	541	1
948	379	1
948	474	1
948	819	2
948	272	1
948	702	2
948	602	1
948	263	1
948	646	1
948	671	1
949	741	1
949	86	1
949	59	1
949	20	1
949	1	1
949	103	1
949	264	1
949	195	1
949	674	1
949	342	1
949	106	1
949	801	1
949	381	1
949	63	1
949	814	1
949	870	1
949	266	1
949	275	1
94	157	1
94	362	1
94	256	1
94	485	1
94	355	1
94	433	1
94	58	1
94	605	1
94	237	1
94	346	1
94	226	1
94	113	1
94	39	1
94	121	1
94	499	1
94	520	1
94	483	1
94	341	1
94	252	1
94	602	1
94	645	1
94	452	1
94	311	1
94	551	1
950	268	1
950	801	1
950	58	1
950	89	1
950	28	1
950	73	1
951	371	1
951	744	1
951	29	2
951	701	1
951	45	1
951	827	1
951	163	1
952	725	1
952	52	2
952	189	1
952	8	1
952	405	1
952	837	1
952	79	1
952	430	1
952	738	1
952	202	1
952	862	1
952	755	1
952	562	1
952	208	1
952	309	1
952	153	1
952	616	1
952	327	1
953	264	1
953	801	1
953	249	1
953	197	1
953	642	1
953	534	1
953	221	1
953	458	1
953	334	1
953	166	1
953	24	1
953	6	1
953	57	1
953	606	1
953	212	1
953	321	1
953	416	1
953	651	2
953	18	1
953	790	1
953	177	1
953	20	1
953	367	1
953	781	1
953	143	1
953	805	1
953	179	1
953	84	1
953	54	1
953	58	1
953	275	1
953	31	1
953	129	2
953	582	1
953	369	1
953	5	1
953	646	1
953	44	1
953	347	1
953	43	1
953	613	1
953	148	1
953	67	1
953	41	1
953	157	1
953	341	1
954	532	1
954	453	1
954	305	1
954	489	1
954	113	1
954	157	1
954	12	1
954	443	1
954	71	1
954	20	1
954	39	1
955	759	1
955	479	1
955	690	1
955	779	1
955	797	1
955	489	1
955	414	1
955	400	1
955	99	1
955	29	1
955	745	1
956	244	1
956	281	1
956	207	1
956	162	1
956	52	1
956	97	1
956	275	1
956	32	1
957	29	1
957	87	1
957	443	1
957	77	1
957	152	1
957	1	1
957	417	1
957	518	1
957	263	1
957	129	1
957	383	1
958	378	1
958	57	1
958	5	1
958	137	1
958	340	2
958	704	2
958	58	1
958	354	1
958	89	1
958	759	1
958	287	1
958	182	1
958	115	1
958	560	1
958	851	1
959	23	3
959	26	2
959	822	1
959	769	2
959	5	1
959	20	1
959	642	1
959	245	1
959	287	1
959	394	1
959	257	1
959	263	1
959	74	1
959	745	1
959	507	1
959	598	1
959	191	1
959	692	1
959	334	1
95	33	1
95	112	1
95	191	1
95	160	1
95	242	1
95	266	1
95	36	1
95	275	1
95	364	1
95	400	1
95	371	1
95	233	1
95	76	1
95	203	1
95	67	1
95	840	1
95	311	1
95	28	1
960	797	2
960	175	2
960	115	2
960	422	1
960	555	1
960	113	1
960	378	1
960	198	1
960	176	1
960	757	1
960	260	1
960	582	1
960	17	2
960	132	2
960	503	2
960	651	2
960	155	1
960	438	1
960	737	1
960	203	1
960	685	1
960	332	1
960	109	1
960	217	1
960	640	1
960	639	1
960	428	1
961	545	1
961	57	1
961	31	2
961	723	1
961	416	1
961	340	1
961	410	1
961	486	1
961	437	1
962	215	1
962	149	1
962	734	1
962	275	1
962	582	1
962	77	1
962	136	1
962	315	1
962	827	1
962	366	1
962	171	1
963	802	1
963	2	1
963	451	1
963	131	1
963	410	1
963	788	1
963	5	1
964	478	2
964	7	1
964	206	1
964	207	1
964	413	1
964	522	1
964	108	2
964	123	1
964	283	1
964	437	1
964	95	1
964	617	1
964	152	1
964	164	1
964	426	1
964	464	1
965	726	1
965	364	1
965	47	1
965	309	1
965	735	1
965	264	1
965	435	1
965	282	1
965	141	1
965	266	1
966	291	1
966	211	1
966	567	1
966	269	1
966	158	1
966	54	1
966	595	1
967	511	1
967	538	1
967	261	1
967	159	1
967	629	1
967	764	1
967	177	1
967	748	1
967	381	1
967	114	1
967	150	1
968	88	1
968	41	1
968	280	1
968	378	1
968	76	1
968	211	1
968	472	1
968	500	1
968	227	1
968	47	1
968	777	1
968	539	1
968	336	1
968	114	1
968	814	1
968	855	1
968	435	1
968	106	1
969	5	1
969	626	1
969	10	1
969	198	1
969	136	1
969	831	1
969	575	1
969	391	1
969	135	1
969	275	1
969	350	1
969	126	1
969	30	1
969	247	1
969	780	1
969	18	1
969	282	1
969	192	1
96	158	2
96	1	1
96	84	1
96	397	1
96	225	1
96	115	1
96	56	1
96	704	1
96	152	1
96	471	1
96	63	1
96	579	1
96	766	1
96	804	1
96	235	1
96	265	1
96	763	1
96	295	1
96	533	1
96	275	1
970	764	1
970	317	1
970	759	1
970	183	1
970	801	1
970	341	1
970	744	1
971	401	1
971	141	1
971	412	1
971	270	1
971	317	1
971	764	1
971	653	1
972	562	2
972	458	1
972	6	1
972	201	1
972	24	1
972	51	1
973	341	1
973	70	1
973	549	1
973	266	1
973	35	1
973	614	1
973	510	1
973	51	1
973	698	1
973	268	1
973	777	1
973	844	1
973	363	1
973	421	1
973	5	1
973	299	1
974	206	1
974	32	1
974	229	1
974	108	1
974	131	1
974	31	1
974	750	1
974	330	1
974	713	1
974	283	1
974	551	1
974	428	1
974	347	1
974	267	1
974	344	1
974	136	1
975	295	1
975	321	1
975	464	1
975	818	1
975	600	1
975	206	1
975	405	1
976	80	1
976	179	1
976	492	1
976	378	1
976	677	1
976	58	1
977	125	1
977	108	1
977	162	1
977	699	1
977	86	1
977	31	1
977	818	1
977	44	1
977	364	1
978	605	1
978	818	1
978	211	1
978	831	1
978	131	1
978	564	1
978	394	1
978	134	1
978	375	1
978	860	1
978	27	1
978	736	1
979	32	1
979	51	1
979	141	1
979	435	1
979	593	1
979	230	1
979	763	1
979	235	1
979	316	1
979	206	1
979	645	1
97	31	1
97	93	1
97	595	1
97	653	1
97	111	1
97	131	1
97	386	1
97	163	1
97	721	1
97	107	1
97	32	1
97	141	1
97	435	1
97	102	1
97	60	1
97	504	1
980	30	1
980	18	1
980	626	1
980	835	1
980	544	1
980	125	1
980	275	1
980	108	1
980	206	1
980	64	1
980	350	1
981	621	1
981	736	1
981	371	1
981	527	1
981	522	1
981	268	1
981	558	1
981	575	1
981	10	1
981	863	1
981	173	1
981	293	1
981	624	1
981	822	1
981	681	1
982	53	1
982	700	1
982	56	1
982	847	1
982	514	1
982	10	1
982	747	1
982	670	1
982	486	1
983	275	1
983	41	1
983	264	1
983	20	1
983	71	1
983	341	1
983	694	1
983	97	1
983	479	1
983	530	1
983	322	1
983	320	1
983	864	2
983	735	1
983	150	1
983	781	1
983	102	1
983	78	1
983	544	1
983	285	1
983	663	1
983	561	1
983	782	1
983	489	2
983	855	1
983	179	1
983	92	1
983	10	2
983	84	1
983	175	2
983	138	1
983	367	1
983	799	1
983	231	1
983	6	1
984	640	1
984	244	1
984	473	1
984	195	1
984	284	1
984	86	1
984	822	1
984	88	1
985	830	1
985	481	1
985	99	1
985	320	1
985	542	1
985	101	1
986	33	1
986	404	1
986	423	1
986	325	1
986	797	1
986	509	1
986	51	1
986	23	1
986	2	1
986	251	1
987	489	1
987	465	1
987	704	1
987	650	1
987	822	1
987	43	1
987	30	1
987	122	1
987	762	1
987	311	1
987	549	1
987	530	1
987	206	1
987	28	1
987	443	1
987	179	1
987	715	1
988	10	1
988	160	1
988	184	1
988	114	1
988	2	1
988	678	1
988	528	1
988	27	1
988	484	1
988	314	1
988	602	1
988	677	1
988	206	1
988	439	1
988	586	1
988	44	1
988	486	1
988	31	1
988	144	1
988	844	1
988	131	1
988	478	1
988	317	1
988	585	1
988	623	1
988	311	1
988	672	1
988	847	1
988	708	1
988	501	1
988	762	1
988	275	1
988	695	1
989	826	1
989	549	1
989	400	1
989	840	1
989	131	1
989	844	1
989	740	1
989	82	1
989	798	1
989	749	1
989	99	1
989	848	1
989	41	1
989	203	1
989	870	3
989	168	1
989	6	1
989	356	1
989	195	1
98	31	1
98	372	1
98	723	2
98	560	1
98	532	1
98	390	1
98	623	1
98	57	1
98	20	1
98	556	1
98	501	1
990	467	1
990	460	2
990	275	1
990	307	1
990	400	1
990	113	1
990	797	1
991	146	4
991	120	2
991	785	1
991	309	2
991	438	1
991	425	1
991	462	1
991	421	1
991	573	1
991	531	1
991	224	1
991	218	1
991	864	1
992	828	1
992	822	1
992	59	1
992	365	1
992	838	1
992	426	1
992	827	1
992	205	1
992	393	1
993	753	2
993	69	1
993	179	1
993	5	1
993	33	1
993	217	1
993	808	1
993	479	1
993	752	1
993	658	1
993	575	1
993	27	1
993	285	1
993	331	1
993	236	1
993	198	1
993	572	1
993	323	1
993	65	1
993	818	1
993	534	1
994	23	1
994	783	1
994	832	1
994	2	1
994	408	1
994	423	1
994	177	1
994	31	1
995	202	1
995	131	1
995	404	1
995	575	1
995	162	1
995	560	1
995	110	1
995	179	1
995	695	1
996	835	1
996	65	1
996	562	1
996	232	1
996	488	1
996	145	1
996	270	1
996	425	1
997	799	1
997	167	1
997	667	1
997	249	1
997	32	1
997	787	2
998	30	1
998	141	1
998	211	1
998	247	1
998	20	1
998	378	1
998	128	1
998	111	1
998	817	1
998	818	1
998	470	1
998	61	1
998	108	1
998	449	1
999	206	1
999	523	1
999	133	1
999	646	1
999	263	1
999	518	1
999	212	1
999	448	1
999	209	1
999	44	1
999	396	1
999	31	1
99	161	1
99	741	1
99	766	1
99	779	1
99	781	1
99	810	1
99	110	1
99	826	1
99	869	1
9	13	1
9	15	1
9	16	1
9	2	1
9	18	1
9	19	1
